sample_id,hsa-mir-508,hsa-mir-4661,hsa-mir-1234,hsa-mir-345,hsa-mir-181d,hsa-mir-3923,hsa-mir-579,hsa-mir-597,hsa-mir-548o,hsa-mir-18b,hsa-mir-2355,hsa-mir-3940,hsa-mir-33b,hsa-mir-4802,hsa-mir-3173,hsa-mir-378c,hsa-mir-1269b,hsa-mir-3909,hsa-mir-559,hsa-mir-455,hsa-mir-215,hsa-mir-375,hsa-mir-3117,hsa-mir-26b,hsa-mir-4726,hsa-mir-545,hsa-mir-3682,hsa-mir-675,hsa-mir-1276,hsa-mir-4326,hsa-mir-184,hsa-mir-4449,hsa-mir-377,hsa-mir-411,hsa-mir-3691,hsa-mir-770,hsa-mir-1307,hsa-mir-410,hsa-mir-487a,hsa-mir-1227,hsa-mir-29b-2,hsa-mir-5682,hsa-mir-4707,hsa-mir-885,hsa-mir-188,hsa-mir-206,hsa-mir-548b,hsa-mir-744,hsa-mir-7-2,hsa-mir-380,hsa-mir-501,hsa-mir-541,hsa-mir-548y,hsa-mir-1914,hsa-mir-4473,hsa-mir-3614,hsa-mir-181c,hsa-mir-5699,hsa-mir-451a,hsa-mir-4745,hsa-mir-100,hsa-mir-5586,hsa-mir-552,hsa-mir-3679,hsa-mir-495,hsa-mir-3065,hsa-mir-548l,hsa-mir-671,hsa-mir-143,hsa-mir-625,hsa-mir-491,hsa-mir-522,hsa-mir-27a,hsa-mir-144,hsa-mir-3176,hsa-mir-489,hsa-mir-26a-2,hsa-mir-539,hsa-mir-1248,hsa-mir-487b,hsa-mir-3662,hsa-mir-5680,hsa-mir-658,hsa-mir-1291,hsa-mir-1229,hsa-mir-542,hsa-mir-32,hsa-mir-376b,hsa-mir-499a,hsa-mir-3064,hsa-mir-3677,hsa-mir-526b,hsa-mir-383,hsa-mir-1304,hsa-mir-103a-2,hsa-mir-3136,hsa-mir-5090,hsa-mir-548au,hsa-mir-655,hsa-mir-3605,hsa-mir-4461,hsa-mir-26a-1,hsa-mir-769,hsa-mir-518b,hsa-mir-520a,hsa-mir-506,hsa-mir-154,hsa-mir-632,hsa-mir-223,hsa-mir-1292,hsa-mir-2116,hsa-mir-3607,hsa-mir-1266,hsa-mir-190a,hsa-mir-185,hsa-mir-1306,hsa-mir-520b,hsa-mir-494,hsa-mir-3613,hsa-mir-616,hsa-mir-5001,hsa-mir-505,hsa-mir-1185-1,hsa-mir-362,hsa-mir-497,hsa-mir-214,hsa-mir-2277,hsa-mir-485,hsa-mir-511,hsa-mir-651,hsa-mir-561,hsa-mir-639,hsa-mir-1258,hsa-mir-5187,hsa-mir-4443,hsa-mir-132,hsa-mir-1296,hsa-mir-216a,hsa-mir-937,hsa-mir-381,hsa-mir-643,hsa-mir-216b,hsa-mir-27b,hsa-mir-92b,hsa-mir-4733,hsa-mir-138-2,hsa-mir-146b,hsa-mir-503,hsa-mir-548s,hsa-mir-107,hsa-mir-641,hsa-mir-509-3,hsa-mir-424,hsa-mir-320a,hsa-mir-548k,hsa-mir-3619,hsa-mir-125b-1,hsa-mir-4423,hsa-mir-142,hsa-mir-573,hsa-mir-195,hsa-mir-665,hsa-mir-4517,hsa-mir-29b-1,hsa-mir-518c,hsa-mir-106a,hsa-mir-376c,hsa-mir-28,hsa-mir-145,hsa-mir-431,hsa-mir-876,hsa-mir-1185-2,hsa-mir-3609,hsa-mir-1301,hsa-mir-3622a,hsa-mir-409,hsa-mir-543,hsa-mir-34a,hsa-mir-1255a,hsa-mir-299,hsa-mir-296,hsa-mir-222,hsa-mir-133b,hsa-mir-3934,hsa-mir-944,hsa-mir-1225,hsa-mir-889,hsa-mir-212,hsa-mir-3188,hsa-mir-369,hsa-mir-466,hsa-mir-125b-2,hsa-mir-5690,hsa-mir-129-2,hsa-mir-378a,hsa-mir-152,hsa-mir-518f,hsa-mir-653,hsa-mir-636,hsa-mir-4286
TARGET-50-PAJMJT-01A,0.210238211339564,0.2948713412732269,0.2417608481972671,0.5262868544272049,0.7322456636948538,0.17808252373089095,0.125764341904382,0.3377328660091471,0.2839236130439381,0.2236855604227337,0.2968635659515551,0.3015048309029225,0.3684885044233703,0.23514639824857458,0.4520448508739204,0.1217541296975916,0.036595619805678,0.32396519548349867,0.16067005073518897,0.3958735196610902,0.0907457782205057,0.3783082784993227,0.114771775544516,0.4708250562581459,0.0959898505627484,0.4376273560177155,0.1501796847095982,0.4824715570477124,0.2092433426912248,0.6896974946728239,0.1928685880769392,0.055466750373947,0.1342656032052502,0.0960667537893875,0.24005868946312614,0.17736284497031574,0.6001803860906836,0.1652939224843338,0.1147721285109684,0.2433382375182458,0.4492045720484899,0.3133696281306034,0.22407624995722653,0.0481617953484466,0.1521496053311428,0.2077335699281417,0.4416391898872909,0.6285787242026644,0.0412444218955385,0.0644113064077679,0.2957635213479515,0.0450131163905028,0.20830944508258728,0.1206993070529979,0.1846854699844328,0.10761730062584159,0.6934247284973281,0.4108913126609824,0.3110054035068176,0.07943270989186524,0.6736810743960344,0.0621141665136209,0.1127746909758393,0.180292359886656,0.3001195049871168,0.4991596574332761,0.3430526415212878,0.3678475764853679,0.4535481443423668,0.083279821609978,0.5883165859160746,0.07918550914424016,0.4817614299231885,0.2357024446900395,0.2090422458604364,0.08980460214873846,0.4133555399684654,0.1458708546627468,0.1997903769765072,0.1696503222111657,0.13762553525299429,0.2607807004392565,0.19705254434994932,0.0568885541860607,0.042636343152064,0.0767823412054308,0.4635125850306958,0.0291949385971574,0.0289104370487728,0.0819065206474278,0.4538261657650393,0.07121505492922449,0.255219721891415,0.0558323102660786,0.3650991961841345,0.5110700193005973,0.29355223876993847,0.2409930779332183,0.1239212754023168,0.2268532193362928,0.0683353309120459,0.4507778916190668,0.58689270153133,0.07893753983839721,0.06725937857903988,0.14540139965172924,0.1232904931661232,0.1468654721084115,0.2590864089733724,0.1955951428168019,0.33888927854260786,0.2048661022898996,0.3249623916050672,0.2233832679464319,0.2411768660493952,0.6447786972953578,0.08073912033590844,0.117763075109049,0.3743048340512699,0.4561393515951826,0.26153191963365763,0.7982909332345182,0.08640141449986191,0.1762393934663194,0.4008787500357202,0.6530621003654221,0.4083528503850547,0.2321850022033872,0.1672533480539646,0.1460011795268199,0.1944662154219776,0.2407547176753505,0.16187716782621572,0.1058596255065461,0.2586072791930101,0.42480161815479,0.6264855534625724,0.07989809902297107,0.2176353145643724,0.1486190887502071,0.3892651374398381,0.05387885262648559,0.470136093871645,0.7893038377447743,0.24700399366482215,0.1652618865977798,0.0993424785611205,0.0144992907088201,0.2075922102268756,0.4356763862692672,0.20311057448600064,0.1054184690465899,0.16194809155091236,0.1499585585767113,0.32118731313330484,0.1691487466514314,0.7099326934418638,0.2537749138223531,0.1654447235935915,0.20999200070964236,0.207012731541798,0.0537049277474969,0.24149856502109204,0.3263350869857695,0.08994383763402561,0.5004224599096493,0.1043960905421002,0.4747919378563978,0.5488580194182074,0.2545746787495405,0.2821379901292166,0.14724171859806232,0.17838096296195644,0.5641404523213687,0.13600901551498792,0.2739622692079251,0.1573252215573586,0.3958182494724275,0.24027484451704512,0.0527819339944701,0.0806006976737037,0.5675298384061791,0.0161991185166596,0.24149353237514087,0.0939219667153667,0.20636745220546518,0.1489587893443319,0.4894315359173158,0.0740393946524761,0.1928666004228973,0.1910999812732151,0.7199993970519858,0.3177169495339143,0.13872245179566497,0.113046238581111,0.350461845740362,0.08551765629887309,0.0434486881497019,0.0655627927869544,0.1995619982865445
TARGET-50-PAJLTI-01A,0.4440492560731214,0.206178495184236,0.2883879649576015,0.5488189997042993,0.578061269579031,0.0997408692601539,0.1370194329400854,0.3035694529680708,0.3445944768617138,0.4021880711136472,0.4448150768165567,0.3005691712050967,0.2632013256477592,0.3452402333926082,0.18428645988007,0.0733646026256995,0.7058860920939363,0.2550582909904426,0.11413110773525212,0.710835558548891,0.0983836640896447,0.5803157458821078,0.22472656118534856,0.5701769369645151,0.0555512588389532,0.3728247026122071,0.1628200004815114,0.2265536307260398,0.226854925309088,0.4879736392902222,0.106013780781258,0.11131842250802915,0.3526315496985808,0.300532782537076,0.1048074325451067,0.1114049539935696,0.5086143117941437,0.2924626670722687,0.2576297509868246,0.3889339511149418,0.4863201702154366,0.3205449639523477,0.2350468744236442,0.4012323361232239,0.3544649746736402,0.4270051610453123,0.2419018529608977,0.4933207566721305,0.0449355295347944,0.037276119646358,0.0355012550546496,0.1576873847935647,0.1011261962659658,0.2463527384165247,0.22710471476269167,0.14842919587270612,0.5602803717655143,0.383804338935565,0.4834086847811579,0.0449947801976135,0.7280537780912467,0.0676729806268388,0.122867292696138,0.1964273540578092,0.4864031475661278,0.2680313682012602,0.3737536228320015,0.5128188013191868,0.6238254372683483,0.3317612762368316,0.6613023111944119,0.0863297478859537,0.5550712688674466,0.3826192592284311,0.2277501679299204,0.0397445682640521,0.6951050573258915,0.3585741392434764,0.1788402671236023,0.3099204622285605,0.1289812772838216,0.4869260331759769,0.23900580079769146,0.0619797099664525,0.0464520186952225,0.450225735880042,0.6315170887898565,0.2316038973206667,0.0590075080767155,0.0892366217901302,0.3197841085215542,0.05347171233785541,0.7228955996913302,0.18012728471156475,0.4963991497585445,0.2808091434410778,0.31278076828042917,0.4918777591838764,0.3697918835963631,0.2452078738082475,0.08332295686453964,0.706755806958002,0.3346493330177226,0.06730970719494132,0.04818067654708512,0.1807160580292412,0.3194696597214057,0.23615498488324174,0.5076593625902697,0.1178585068441868,0.388267451107837,0.2718825026795393,0.3068958746446846,0.4510577619671322,0.2972108868986106,0.5821365964355698,0.05553756235722952,0.2896360711160027,0.527087110154098,0.1501741580433152,0.347230207015022,0.477590547984614,0.0542167435762399,0.49570942728069,0.4219900255426954,0.6205987280116142,0.1981291817400492,0.3548770362476165,0.3108258846225503,0.4757782285051202,0.2155512571994543,0.2072485884832802,0.0664172431240368,0.1153333738205755,0.30868361401823363,0.7078476174248209,0.6022064396845255,0.0532711052865617,0.1099502310977282,0.3266051307597947,0.5966771723228912,0.09110758023115513,0.6068819410876307,0.5849009654966126,0.31735107356087366,0.0995807917935399,0.3590182264430144,0.4380640764446623,0.251938456650134,0.4354538854761933,0.1097539198633258,0.0805112518971861,0.3525320585651027,0.251678150515813,0.288687986021173,0.21701013048136533,0.7715328357466594,0.1499097500016937,0.5086536118586579,0.2437770790609269,0.3052118197304826,0.1957569888654468,0.2580724295399444,0.5407737471240619,0.06369550591494559,0.3747623406903554,0.3088533740888966,0.4781706536144179,0.7606236006792527,0.4501201953380278,0.6078795356423607,0.0927479992588509,0.1723231640309403,0.5959319749157335,0.0948908489847576,0.4685292687033397,0.2521995753000647,0.5790131050271664,0.28307173776178307,0.2638867483630925,0.4170304326071599,0.3077900475369513,0.1628869079537225,0.2642775101141688,0.18290043726176083,0.2430905205205384,0.410128062412277,0.7319375925985161,0.14026767806999957,0.3731044901081703,0.1035373975618462,0.7830341243973703,0.3486642582719152,0.0404447145791219,0.1634368624997165,0.2178990174065393,0.06587311911950598,0.3580079042800627,0.11499499871682393,0.3202334783053609
TARGET-50-PAKRVH-01A,0.1919798994961542,0.2582690890324796,0.33574880540128654,0.5077362716956042,0.4786795284969652,0.2055116502808547,0.0868769142970439,0.2767739241452278,0.1961319641467136,0.2263318976647336,0.5930924726766768,0.4737544737699775,0.1207134327574371,0.2594465895073487,0.1168464840173968,0.0248302342514,0.0370716814158181,0.24297369554755693,0.1494162169474129,0.4520522692547175,0.2069469829972627,0.1306229986753166,0.26106562115251025,0.4154110245571381,0.2392130469847113,0.3163633452097309,0.1953379294979292,0.0560704779007049,0.1471001413621268,0.6249772898964125,0.0358803416970065,0.2602245846151791,0.0991606805501816,0.2428336586005153,0.183458006550637,0.195006501764363,0.5237929707076778,0.3402569344331884,0.1823055235534365,0.43490045177968684,0.4055291618211701,0.1178120635574013,0.1168464840173968,0.3090664740837335,0.2640050735025101,0.1818599802946754,0.1265625704903907,0.5605092924843573,0.0284912881663556,0.1605172294334994,0.581373278973281,0.1988248464551034,0.1819491196338026,0.29882416873255707,0.1590877853548267,0.0567065279074107,0.5762242757541332,0.5681897004204927,0.5511028647535303,0.0285288559379142,0.409485329427551,0.5165094719387526,0.1558390887322284,0.3150397096847375,0.3800589704120647,0.3619669098055443,0.38568876644274636,0.0967392980266934,0.6083474920362115,0.0660055067418065,0.267457887507297,0.07646675936769969,0.3220293413513146,0.5595669033375144,0.25859824051320424,0.0251999689150583,0.4279962890860278,0.3638713312720337,0.5162828341000584,0.3375039813551054,0.1412236541696454,0.2911656429549019,0.2008439824941676,0.1949765850883374,0.1830495530393606,0.5235468844717474,0.3539385720692198,0.1480122226177667,0.0551345568527673,0.2005625872959007,0.4039600925775662,0.060225518004958734,0.7991382703478959,0.0385684746609648,0.4304390789983783,0.2445089027263382,0.285222117522887,0.43258941156401043,0.2088235248058683,0.1219484561962064,0.1303210387607333,0.4657792466928188,0.3966347716846748,0.0603626766308058,0.04419833370311428,0.1555175664330507,0.2852695384423408,0.23650627728807516,0.4599305290867922,0.2479117101162519,0.2663238459528422,0.1846420847584042,0.2366170356051001,0.2766232853845271,0.337627484801044,0.5840227950799293,0.05556317176429863,0.1026965446507608,0.4974026611531267,0.3451899870747326,0.0831216962229613,0.5596036339336535,0.0343760245103147,0.4151453583768213,0.0555424309840456,0.3940292397637294,0.6232657049018874,0.3368171686394141,0.3172868635942197,0.3505846132943369,0.20539064563361323,0.17897426302837877,0.0421117283506492,0.3628172411007423,0.25074486615983443,0.3955507274020257,0.602516193952051,0.18320982294706692,0.1591255696513181,0.3328098922540081,0.1428355530682653,0.12183983660675944,0.5880577637111537,0.4668258125571152,0.30545481443127837,0.0337030979338711,0.3704258153456707,0.6192481781050928,0.1155478828649561,0.3249930380573593,0.1921164831566538,0.1351952787558505,0.3137791686247285,0.2682217877108797,0.35802897040398807,0.1168464840173968,0.3383176855042614,0.0950499956373583,0.4937559608691385,0.20927354017076796,0.092075093339031,0.0370988973074382,0.1141965779625663,0.2505244950175479,0.07476159464340885,0.5360549191904157,0.2268836902146961,0.4697896022015546,0.4765779650731744,0.4610196588529441,0.5004335087342318,0.18082315927454304,0.1453775857158941,0.5860899407148665,0.0601653647072624,0.4068715733346526,0.2517321706111346,0.6709394302415531,0.3735334780305542,0.1883946900028781,0.3081198588563118,0.2520771926875444,0.0214392148999001,0.22064540575587296,0.034463389527458,0.0835384851510239,0.4405531827433092,0.2869697928013234,0.2187052969415777,0.3182098488459123,0.14064768718619244,0.3684932197094642,0.3864549547619924,0.08453183509984791,0.1070774019048979,0.3198196334053923,0.05912217974153904,0.2936448242428558,0.0452902074131445,0.3784447310034518
TARGET-50-CAAAAH-01A,0.4485753742938402,0.341674322486387,0.23400598899658223,0.570697112130094,0.4459280720498157,0.0585751997461317,0.0804679236615951,0.1147843142975951,0.32158511924697036,0.1173039875430385,0.414956769904459,0.1356745920476536,0.162017780912375,0.26748420958606106,0.29174069049421025,0.3990959040707412,0.0537202194127549,0.279282797237474,0.20755131368615745,0.2465824467544931,0.1332094699494716,0.53231002143369,0.4633599459760882,0.5257605498718723,0.1165644811386071,0.2294982019482096,0.1417032164783229,0.2001710546674101,0.1974331930670749,0.6229615845722069,0.0332334155740717,0.1532842196846429,0.2002641334956943,0.281315599994746,0.2658472448115517,0.1589153707554732,0.3585988833449278,0.3334157477870008,0.1550221595121939,0.32441890164052456,0.3931699194207004,0.109120958236825,0.3171736327173832,0.0855514238388232,0.2504705477705866,0.1551517976186166,0.8120086182083524,0.1520351583793207,0.2114297012134679,0.2544279709680995,0.599424765966381,0.0660766097634039,0.1141229404492459,0.0772271573872058,0.17093492046525055,0.1009299634884446,0.4458948534508091,0.2446858482471072,0.4075956053388981,0.073360463289042,0.5467404661307191,0.5715391105106491,0.0721567424199087,0.27610844561914816,0.2424542721050219,0.300934995438669,0.2194957119946708,0.4530903607693992,0.5739772869306758,0.3927664898799952,0.0588769358281982,0.0298678452260174,0.527826424752446,0.312909585248338,0.4778934034770484,0.174390801951238,0.5933448114495645,0.2219529323033443,0.602803764206241,0.2771446136025035,0.5289632749857927,0.21660702582301633,0.18517033463697646,0.2513345710053315,0.0981748664939488,0.4828621464011587,0.5964377832117687,0.2171032710330139,0.0184977936212852,0.1007053172222827,0.5629663577103694,0.08021727430175003,0.6825551422314802,0.1276387586978786,0.4236902419747306,0.2161700539799563,0.25003934540508,0.2963046674404329,0.1918217160306067,0.0927563180489959,0.0437230625784299,0.6142997679749675,0.4639926847851715,0.0804568409600703,0.0225940579221521,0.1088624368061395,0.2806653949628664,0.2783180891531306,0.4664212239704884,0.0369465243860531,0.24372786742614888,0.401501665661083,0.5854395104074183,0.4351053560784481,0.1429370141685432,0.0090205190775061,0.0238437038901415,0.2406470984548414,0.2341779306886311,0.0904641511561763,0.147945396667192,0.5120678352360323,0.0883961519382444,0.4531153556847926,0.2791123563044641,0.5338287385514958,0.0972253095971084,0.1041733385938561,0.1111697557869765,0.7158674602710657,0.0619032668059874,0.1588505187652197,0.0390051070482503,0.0677322692196984,0.2737821755832149,0.3836192584888465,0.2917551741808724,0.086854362807817,0.0344674220238923,0.3253010942353098,0.3672941659503706,0.0453794215679982,0.5508157513492187,0.2972286280116991,0.28271603441597515,0.8632771415847009,0.4495108047854028,0.5476081986647842,0.1995912375694776,0.3440334948078167,0.1238594995473897,0.1742734768518641,0.1787968266709658,0.2362900372723495,0.3257901815119991,0.22870511575878844,0.3758826758107013,0.0880380692024894,0.5361797992172707,0.2775975349021641,0.4962638090426646,0.0343620772056573,0.2032544906132557,0.4757020360554552,0.08236029616704892,0.5226000343556251,0.3092579646158898,0.3520229170549867,0.4030609309154137,0.2933052333593638,0.3299412086767006,0.1405817207873234,0.0937264451041184,0.6272488041773097,0.0557269098875068,0.4483943344728278,0.1839811566396683,0.1982048031062468,0.24803584858621286,0.1238672736384467,0.29558117586947236,0.2543278922025084,0.0287750413789086,0.0828462512682862,0.1140533634911493,0.0773757735335061,0.3719895598221914,0.4049644230230229,0.10969403856108091,0.2686613553640078,0.18018393151771112,0.3998295987132475,0.34048827980974367,0.1025892503704039,0.6814583619768766,0.3976072857613936,0.09156324994362612,0.3344198865136661,0.0419491067589946,0.2887552837548344
TARGET-50-PAJLKR-01A,0.1795215068477891,0.4187420478243818,0.3139156907994032,0.6094585502774064,0.3929385786003265,0.20442851726529626,0.2414318388839301,0.26324766930175936,0.4185875058278305,0.1826827519749549,0.4291829496661766,0.2154247271826384,0.1780611020214824,0.1757845040391807,0.3302172341449039,0.17071300481184837,0.0202015576383338,0.2432913151189398,0.1345610579265799,0.3005342963807046,0.3296119306174865,0.2597132193364241,0.1192743076208788,0.5688587390483504,0.2126321044845171,0.3574078254570893,0.0829023684494892,0.5040236531107819,0.21944760070611502,0.5282294393170134,0.1436875201501115,0.0576427280613658,0.1701569405167979,0.2009194076254465,0.4602895135261681,0.20547481307865462,0.5400410695727362,0.1634453168840297,0.0994580267445556,0.3374249286056843,0.6281293297802046,0.3581618086334933,0.29272884691993567,0.4240056344665837,0.180197446936963,0.1207525282035291,0.0689680361119626,0.4894542106653225,0.080518592019582,0.0667939312377342,0.3786320345076543,0.0661442918757258,0.161860542836327,0.23271220385720653,0.20109855074764577,0.16346216796378935,0.2930482919617975,0.1728522665552794,0.2539447132223177,0.0806247614582381,0.5930927836289956,0.1718304018718731,0.28953865641775833,0.1873652846511418,0.3094829448906346,0.1914131248968767,0.39140474345866216,0.6440404885802736,0.8334617898598573,0.2392911644257661,0.1099771287710172,0.0474242989217032,0.7540208591993292,0.1691905549665231,0.282943352241482,0.0379109741708339,0.7465390321099146,0.1929771723270054,0.2344324323252791,0.2105936036532656,0.0656728494094514,0.3294154611755144,0.2547316647543627,0.3890070247045724,0.1492688510128549,0.7004566264544753,0.6153016295134046,0.2570256854741599,0.06760001604601389,0.17817141253679694,0.1594118220453722,0.09535294933823711,0.1597782470274664,0.0580226289805691,0.5092908860315442,0.1987373370106294,0.31196180667541906,0.38047923803984846,0.2527667629966457,0.2144183968038717,0.189040407876831,0.7560740591709489,0.3027327781375405,0.12076897258342985,0.0960190795273619,0.14342322123013768,0.1823607001009363,0.2631170665878621,0.4340109845263291,0.3948579303288576,0.2701019450173705,0.4438685106703079,0.448796741114551,0.5270485908141779,0.4879434427124066,0.5627439245039457,0.10050935139676807,0.204468834746192,0.4000277897206943,0.2035410132612651,0.3149382094186927,0.6058731191811334,0.1260595553397049,0.3734494443143265,0.6111497650650426,0.3892688035753703,0.5576241421817127,0.1992341866695752,0.1221780048795629,0.4809640121426253,0.29347516078704267,0.17783984180405227,0.1377785336730679,0.1100125311941479,0.33086613588229374,0.3999429611951959,0.6114446671395639,0.095454853595963,0.1051657880366332,0.3067990394064452,0.3971482441592458,0.052527576008488834,0.7194487450004441,0.6255191020994539,0.32616818271602865,0.2334460874115682,0.7852370527617742,0.3976617854024208,0.1704415398452468,0.4794864448285425,0.24954729167947096,0.0770078349726943,0.3492065685555834,0.2916285405842265,0.2753695224154118,0.16360050668761397,0.5344175582059987,0.306515233461835,0.4462516218697329,0.26650547133850566,0.8311085247387365,0.0558117885910678,0.5787559465686093,0.6615296685467782,0.10184833845943873,0.5179033741607829,0.334718293312627,0.8149240926122185,0.8998071375118571,0.3006639160924803,0.319287591898337,0.1799578105298797,0.4080581154593707,0.5657421600959232,0.28483381722448403,0.3102803690452427,0.0314603026516403,0.706784198267842,0.4219951209259669,0.134150682671278,0.1184382797686371,0.6013005079244702,0.0316244028883058,0.2626638871661702,0.11030731423387052,0.22186607814217968,0.2796837494177708,0.4014985895854798,0.0769439828907921,0.2907794806778517,0.185525475261092,0.5597647805799228,0.3765780735030133,0.1299649884836823,0.1517170540724723,0.4837363080674086,0.11603855781593211,0.1235419388397812,0.0681348413253574,0.29770566772156554
TARGET-50-PAJNEC-01A,0.5337420156928542,0.1249422693308774,0.5023419410680544,0.1580639097177862,0.4553394271762445,0.230927783459357,0.1547392569987738,0.306752086390196,0.4052806732890064,0.214671414569669,0.69965435500574,0.593828377680114,0.2305850799094683,0.2605998000401161,0.2956868779586601,0.1642779981250021,0.2871924401644337,0.37898016624515035,0.1310734964573707,0.4530801568983266,0.1266199543361984,0.2651737092971023,0.1638285099593243,0.3542821573476749,0.4814300703201004,0.1844204571798821,0.12644575792892143,0.3432771183578018,0.23020029784997872,0.1560404041061703,0.4408363402440039,0.2030703393967025,0.2976880986937145,0.3387801604394811,0.2030402337644223,0.2807520556389136,0.1239026136803944,0.5562402124111103,0.2261406786210568,0.42653188716524204,0.5310747199517756,0.3088207100180705,0.2414477513649945,0.19345825258704133,0.0989274395706843,0.0298195335085655,0.24952396871252797,0.4937600332632289,0.14626485371939843,0.0488382883586933,0.3000873955338138,0.4177517706998088,0.17775644266933877,0.21968901775323857,0.21583753974804684,0.1171765138343583,0.7320722985513188,0.3241588622190587,0.6159782592782694,0.0589510944479912,0.6854810528968228,0.1631632844614838,0.18077829799892403,0.2617271449585674,0.4699414764829644,0.3346926726132909,0.3293017879967078,0.094094550059818,0.953973541075822,0.3367860147074584,0.1840750397978551,0.12823672387634882,0.7830564169530725,0.6809234081869924,0.3314654897332812,0.041729144677864274,0.6148707667072455,0.2840620840458252,0.5368326651014277,0.3017245676279632,0.1659991380786661,0.4432459792246342,0.3138964886946688,0.1494364952514867,0.486231667045263,0.5657334516940417,0.4483494670374816,0.1334298555850267,0.10882211774346572,0.1169157065834197,0.2109720650467741,0.09291689687116766,0.085545836345187,0.0796966340817004,0.8508850844162499,0.2852797702214892,0.3982010260151826,0.5057508603424603,0.3460503820501451,0.202811590794894,0.0975438028015484,0.6390151422492392,0.2632118446710513,0.12135337193395425,0.09052546175497672,0.14109691109506906,0.3541006609871459,0.29897020866240925,0.481240065011526,0.1516841123252514,0.4422753380835349,0.533717093680823,0.1149889561827271,0.1330716254129145,0.4258855967805993,0.339876187132245,0.09037752593254662,0.2125461319500594,0.1450718397152557,0.37226377154455975,0.1717599533392044,0.34581998324104735,0.227433395628642,0.2480911347457599,0.6171869382138052,0.38568388564698,0.2686596314946388,0.4420154558638002,0.5619875340647561,0.2939950168583672,0.138102861373525,0.1844204571798821,0.14808707513486538,0.1511070524901208,0.3063113426847339,0.7531129621013084,0.31306438249123414,0.069794539395562,0.457205253212457,0.4024143420496821,0.4843882042147104,0.07016249500618965,0.65641251377379,0.4419657932994465,0.29323886638987584,0.0696429788076105,0.8500310822434105,0.5630601615651789,0.15061413327173664,0.627709373500011,0.2646227472404336,0.1036181273903669,0.3461948071739055,0.3783026294544704,0.3700429227775727,0.25027836479941745,0.5221096716790474,0.29113880222473854,0.386472072673954,0.30441543884817823,0.7971544659242307,0.14958692612974073,0.2359720721980283,0.4428036242103612,0.11461527654257414,0.7141428358789684,0.2193138604652958,0.2446906851816983,0.609394984857854,0.457812894952764,0.0774941090580246,0.250365763476359,0.1088134555071481,0.4563972083198348,0.16281363201261223,0.5930001935247033,0.4518512621110767,0.5326321827220579,0.2177471436987048,0.1026462333412567,0.0611134959750713,0.3143477025237525,0.09938677326977503,0.25474821508052153,0.14200547836499727,0.40979894811516243,0.7007558444187328,0.6710522766709441,0.1944888177544636,0.506202957140249,0.19864593975583225,0.5542203163950342,0.34631639152813853,0.0529897063304762,0.4296029930836219,0.8423078780537872,0.11801958459239617,0.1837167304787158,0.0935862027061922,0.2848604952626961
TARGET-50-PALGVY-01A,0.1232538720580721,0.0847101556926672,0.3259472240344075,0.5678547534843063,0.5735029774596458,0.21068472539077654,0.17786605614343529,0.3195031459597419,0.3531756512820958,0.1673973355702446,0.5799642666216606,0.4246376651571243,0.0860138105395834,0.1595140223900122,0.1595140223900122,0.2294043341299579,0.0183317166382086,0.33263058966944675,0.1531805458798548,0.5448068486513016,0.0858476166877739,0.1947563593711457,0.24042526344998888,0.4339042845844263,0.0480838622218737,0.25468634977103444,0.1420734744916984,0.1880203890367676,0.1048155404120787,0.4336067455855847,0.0489823692766438,0.0523073604517077,0.3261071304627713,0.4227221516694582,0.0907188469110522,0.1821116493088062,0.5281813498464982,0.4520341509010965,0.2930088902485213,0.3180010028171545,0.2087623055988602,0.30428678858782676,0.1595140223900122,0.3073762688687954,0.1212716747741992,0.0365547191483234,0.2137029115198823,0.6528661980484431,0.0388951367831632,0.2591248480094782,0.440386421078565,0.2203797263698548,0.1347112161399653,0.1138242662086432,0.18147612936400595,0.16099931502101222,0.6595208161654806,0.28511397881179,0.030867363618092,0.0389464227624028,0.6283338046056529,0.058576139310145,0.19513660895642507,0.2934643118304748,0.5318468592101038,0.2175507319045399,0.35506041064734833,0.3898618829195296,0.5486726900288441,0.5108977090467545,0.4407566845395824,0.10423401645763544,0.3203628912632152,0.0784485529913321,0.22386941046561518,0.09567920164430437,0.4405774014813757,0.4498735898490607,0.1240148027334262,0.425731308096576,0.0595942197998305,0.3005182802533607,0.26213320308494076,0.0536481782207395,0.0402077741090317,0.5075449896002823,0.4081095734173474,0.3652811998620753,0.073284983900568,0.13804791954334772,0.531128729724474,0.06928264008095705,0.022035108180467,0.1415291630520254,0.1742630178897766,0.3405850099147763,0.3492865971728372,0.2272660956128465,0.2886067260013099,0.1741442048982286,0.1446535124381004,0.4762343625854199,0.6912832432234511,0.10127059063291592,0.06520597126659922,0.1301011533251707,0.4194844898856443,0.24457134076581927,0.2133911899715998,0.1028409747957139,0.322457038240371,0.174856097216444,0.6329481010852237,0.1440707724852641,0.3216945929001663,0.3153406558585412,0.07667664162949904,0.3204409430418153,0.2111310007333421,0.4023367358752405,0.3050196877453104,0.5823029584647926,0.2471235908676554,0.3173417519261347,0.3178413494608065,0.4885436582884353,0.2856730111263443,0.5044047642336682,0.2015284947586042,0.6033099452416203,0.1627356120102986,0.24045869880770757,0.0574892024821854,0.2111446505130364,0.2908125751258032,0.4584067294866357,0.602164426892932,0.10763675201013387,0.0959403716191073,0.4234140568020195,0.194993232375129,0.065732916049441,0.3766586955417688,0.3934745453134125,0.2272660956128465,0.58142609425694,0.4317238127193494,0.582295557330104,0.20685040449372782,0.225562325557022,0.1794127338858784,0.0371992380829233,0.2769057878388463,0.2459976208299232,0.2796534453694765,0.1595140223900122,0.5300370882320099,0.3288952838200126,0.1956235913703571,0.22240445586825494,0.1468708061725124,0.0506458913634268,0.31700327563550246,0.1651410245083341,0.08260267961748836,0.4027976571384958,0.3963534455778253,0.5639992237046758,0.4952216430613579,0.473669312717759,0.2403826116232894,0.080280485283798,0.0718883148837572,0.4467968127431446,0.155116342617264,0.5678016435006135,0.4974786022971504,0.6879930410100001,0.1438560622700095,0.3160149326628089,0.1378659858056921,0.1562176708473081,0.10349110494263165,0.4982662852864035,0.2209021103054163,0.1140433099281287,0.4927699952253592,0.4112748361015627,0.13468982242046254,0.4032698384336223,0.18737136608650773,0.5513141692758874,0.2774638090972388,0.15734574738506388,0.4236581713796801,0.5892646600647888,0.0184395256840897,0.0743181684105575,0.1661949352672333,0.29759186135552457
TARGET-50-PAKNAL-01A,0.5704544563571299,0.1975080150609173,0.3310789679278621,0.6795027282395834,0.7858166110977298,0.5126464953339148,0.296682006684185,0.30530067201283045,0.4439061814310536,0.6071986887692516,0.3629367433509706,0.4582175426556959,0.12579078115786957,0.23559056156703898,0.5597204040566625,0.0847944909617306,0.35555106242552287,0.39130084126900755,0.15494056814748922,0.8199032219276416,0.2001600897916947,0.7435928795116385,0.3797846916031727,0.3337533795656242,0.2117270630601026,0.4275206218549343,0.4467089166214326,0.1435565249678552,0.2621979432218334,0.7197994575263282,0.2908567806147092,0.130847794820131,0.3890726227681006,0.4684517312687427,0.2269348130822897,0.3383624923055902,0.6820971476496311,0.4414223354508564,0.3300439031033461,0.5065244200396649,0.4166312119649476,0.3330327263214818,0.3990271711739697,0.2696945405209481,0.653224053498057,0.75576713189023,0.1565560087426514,0.3412866473467561,0.23304750487764841,0.2688480068440054,0.6874089152522285,0.2383877479682684,0.2189639979727884,0.153476086999916,0.1247419751058477,0.104381163434311,0.6538729331566466,0.4348112888438958,0.331964637305004,0.05251379839569,0.8910962857310115,0.2579275742100142,0.18916124272579765,0.37107726178477873,0.5534993635798295,0.4881983451551325,0.4362110963284476,0.5582881921124621,0.4673126737130455,0.7553981875474692,0.2991417198160261,0.10810229395065762,0.4156745873025742,0.3375019195899311,0.3307540260854786,0.0860571235361311,0.4805402567274082,0.5027922435910764,0.1338217563447057,0.4577328370591668,0.2091107746267407,0.7006806744365323,0.24122437877046238,0.1882466477912373,0.177046383774402,0.4386046915900593,0.3308573802089982,0.3303641595767892,0.0682006230690409,0.1041488356120005,0.4237500103816942,0.07010943989662716,0.6309967298775938,0.1079326834597892,0.5895682701881126,0.2671430687350817,0.3516223695560245,0.5685101903732396,0.3590970024082997,0.1493832782378609,0.1612051778383076,0.5031018879157609,0.4410079054675556,0.08284193911882759,0.06881459036872971,0.1125848798054898,0.4470649235236886,0.1867478656252521,0.4574871679386257,0.1910779935006138,0.32473984821907387,0.2126028608653255,0.4963684771911505,0.5040648016408755,0.5375215261504286,0.6406200863303768,0.07296678490934827,0.2731870802329861,0.2318963342000188,0.2434697126487146,0.819812684001548,0.7269291344699714,0.1646687317173394,0.7187372855008725,0.1388704184704308,0.7995235945702703,0.2366358781042276,0.5557239242563259,0.0795789159631358,0.3404022894121817,0.4017495579554934,0.1642822546225912,0.4482855514561852,0.20323611230780173,0.2482870556740167,0.5075425279093233,0.5114104410690423,0.407314952684485,0.2236920969835607,0.5614486452733396,0.2629210738028693,0.2299714280872479,0.473093212569518,0.7466435693975277,0.3064365115121634,0.273207391517284,0.3668591069328049,0.6762243271559885,0.1110146870489713,0.5660081047810319,0.1280947522251729,0.4463641654332254,0.4102137214656335,0.4487336014750762,0.30315790217438604,0.23414790281087147,0.9129607925837144,0.21559808716527662,0.3910317096320824,0.1987133168114859,0.0540292747022668,0.0682888938184199,0.36801362611152455,0.4981118800075694,0.07852995594719209,0.764992724949623,0.4517445928471886,0.6214286293199545,0.4395113807364991,0.5980888181583298,0.0690319672269527,0.1082469947245401,0.0969313278870852,0.7023915138599812,0.25246200278415126,0.5240301422276696,0.392595842070108,0.4716749943734614,0.5047780257393327,0.4072885462180066,0.100998850813982,0.3382777508685183,0.5524496785256561,0.2452034466215873,0.0634376469079461,0.2852813731991178,0.4481073382038453,0.2440864768584902,0.13333032972168274,0.4877393828009152,0.16748214627775102,0.922957926925756,0.40721935335558695,0.1823029999268125,0.2215625160302767,0.8226906461881198,0.08026881079226798,0.2874973120159655,0.13599427567437733,0.31480438903700253
TARGET-50-PALFME-01A,0.1453461098530103,0.2558819200353242,0.28912823102661156,0.7079423965264283,0.3414911113706796,0.19018737497840388,0.2578441572715711,0.307971054026072,0.4108266810078271,0.2726051135455241,0.4807034640919635,0.22425818006960535,0.17956303447338945,0.1263864003268556,0.2413529551894511,0.1642246264641418,0.29917998181626093,0.1749227767074161,0.17655636348527012,0.4178659439172387,0.0988257565380276,0.2769437478474249,0.28473444079838905,0.3162421848968022,0.1045367595921089,0.4083434305413086,0.0596055493296851,0.1544306384433802,0.2918564686631583,0.5656860839091707,0.1900967390459411,0.1290634436293696,0.0593173454778778,0.1086404630042987,0.3971122055600806,0.17923327262862188,0.5538921247502346,0.2341291706910528,0.141622891989538,0.265357509396075,0.1617793298994449,0.2807232472003077,0.1263864003268556,0.0987421183641037,0.0988914443060771,0.1547037147972899,0.2739566533713528,0.6112323460810398,0.0845600036128979,0.0255645183228454,0.4874883084009671,0.0987026525615431,0.26887268214756427,0.0901854210708996,0.23177874158803422,0.12695256568203486,0.5175227879819948,0.3655021399060432,0.298247750133176,0.0308580907483667,0.1285297612836883,0.4210605589836352,0.14104791941454228,0.2572534217258787,0.1975653991456775,0.5150499964144744,0.3240706412452532,0.4029466319213817,0.6931117151380173,0.3348517638728954,0.0493379368453134,0.11260060580079288,0.2224409540017322,0.3269357563688168,0.36810562169887945,0.11811276876640828,0.5248173890803383,0.1744412091701988,0.0660722940611005,0.1772051605689281,0.1295608618032394,0.1260795320322831,0.1133895130345827,0.0811724647156573,0.0874137438539121,0.6795275816814411,0.5540252103008916,0.0218141917696975,0.0216016148082977,0.0611998049814581,0.6858929958996733,0.09107655582101705,0.1727114111127497,0.0417173928637094,0.549516643463412,0.20400428048823557,0.3310347692404539,0.3438653415460689,0.0843983395370275,0.0716315279980262,0.0975055055740892,0.5606280220337523,0.5555602482880732,0.11323519456010134,0.08772415800080587,0.066156982432581,0.1182674386212826,0.109736540882192,0.188639026146544,0.0823933486590838,0.23671113436403232,0.3287166708666736,0.5850458893742011,0.4456938135929309,0.447164596458305,0.5910988070908259,0.09093089160044701,0.0712786000574666,0.5822792748108493,0.7419313961861619,0.3159666607884234,0.5926794968630978,0.037182650654337,0.2951844567975272,0.086041339228556,0.3392954880371608,0.6595046465237009,0.1077292360249135,0.1643371706758031,0.6589970024601762,0.0722902716018797,0.2648832433673122,0.4506009774549876,0.2779739390275363,0.2352814579749616,0.5304963198822121,0.4431243031724292,0.08845718434454715,0.1414546593297861,0.2853709384741663,0.2950348324902342,0.0275776078834332,0.5341632985063718,0.5287262197646243,0.23627941418237597,0.0696156358814201,0.6270689486878649,0.4197759116215579,0.0652343077822351,0.4619556426157687,0.1437405272198439,0.0294737586436585,0.1558654841331257,0.1837338947459261,0.3549739988623191,0.2413529551894511,0.1187128504019692,0.1028103404283903,0.3015595045405038,0.23673537827481317,0.0825759117282036,0.11814758421425826,0.3389268673537255,0.1559060479789159,0.1046995324194545,0.6425761514853591,0.1180599860509222,0.6666934219913874,0.4667882181058219,0.3176838615701239,0.1113048479710037,0.1856205775928887,0.056958662364535,0.6256816128234337,0.1242749295732929,0.2290602534463712,0.138310586513091,0.4955117452426075,0.30734260275775455,0.1157377518007545,0.0877773609009249,0.1486269240067783,0.0332117037247811,0.0967473659209648,0.1022847519543135,0.1754650279245891,0.3224217228591301,0.4908273790941037,0.0553215602110801,0.1904748907587503,0.13690270978441926,0.1761841106591546,0.2181789993709995,0.5243606988219909,0.3644426915905825,0.2987957315711841,0.10327179447138407,0.2264789918036954,0.048987920630558,0.2710267350640188
TARGET-50-PAEAFB-01A,0.2316729916303376,0.3295973606854121,0.35410189195599856,0.626714909898257,0.54814785490388,0.24527196645436627,0.5891593394195018,0.2638990109473857,0.4204141511934362,0.2481664662043393,0.3453999279009501,0.2980533144808605,0.2463584488730626,0.2615180998394007,0.2488222856622972,0.0970874976443035,0.7728499094159809,0.3336461397912001,0.14861398877082374,0.7060811804664593,0.1579186009833753,0.3762843742667245,0.3100019715009173,0.5686377645516176,0.3188299252326555,0.5199901349001671,0.29535369492277574,0.1329016717746475,0.1634993710740712,0.8154235722253828,0.1951931626156289,0.0815930586511904,0.3548441370691562,0.3380711066608218,0.6666126512675666,0.150418187558775,0.6177037994998644,0.4630548165100157,0.3894602248028288,0.38979044626807297,0.4225277568709011,0.3299337466341457,0.3151312448489205,0.0708472763614112,0.2354912676367693,0.1585590347653571,0.2493968424733242,0.6471289573851153,0.1549958662921031,0.371871108982938,0.6230623921373425,0.4155709270385814,0.13653988096362,0.3260124099998016,0.21586911644747514,0.2217254512738621,0.507805392543345,0.5536482646616832,0.4134241301091153,0.258242256000966,0.6426926088730393,0.2334240269429507,0.21037304171897414,0.6775357544653251,0.5999791469807838,0.3903406403527514,0.4054786669353473,0.6915878805560524,0.5312681675886957,0.5641781173499874,0.5644917644354903,0.09805614182332975,0.463007230299475,0.2832830575959224,0.3352434891249888,0.10393813856961855,0.6491638000287674,0.5205044333878003,0.0474067414668809,0.4671644775732017,0.2374810448764165,0.2482181409896476,0.2680463778398642,0.1536576729761871,0.1602266837226877,0.6514892313173858,0.5232337174114488,0.3924276908372967,0.11061047373718295,0.2774841995451503,0.6478701244071225,0.06320667006193946,0.6236397123843859,0.2326474868752593,0.696711048242193,0.3028438561203869,0.390818643886854,0.3545071995342986,0.450749426570495,0.3781363398223323,0.1768440074096887,0.6519501075275289,0.6433515742303776,0.08492862345141147,0.057560070484558856,0.20270898459575537,0.4787190569378767,0.24449785212664363,0.5151404916628439,0.3181473782047946,0.30288991307572427,0.3017450165573473,0.6284892682136277,0.2854849625543466,0.4265064499921368,0.7609415899421345,0.0285272748675766,0.5550069334040355,0.3405720485571211,0.3446813873282957,0.34733261077849387,0.7354624788820577,0.4042616416798381,0.5413961463007526,0.1965996015541845,0.6181776202069218,0.2774702109969691,0.5770267071765924,0.5084120405036077,0.4124840363864441,0.28460778658034175,0.29066424880927993,0.15822687810326583,0.26028199512504413,0.2872358399893818,0.3371942753433276,0.7245341711211444,0.13880130419020995,0.6431615482728132,0.4328265879388845,0.3041654961820897,0.09566089914898107,0.6331632076559506,0.5027427358731376,0.3545071995342986,0.7054520456382758,0.4075345082624906,0.3960651027693449,0.1284295582752228,0.627857883261703,0.18807790374460936,0.1482377646391193,0.3354489267110289,0.2765934371866507,0.35630068717165636,0.22416616081585727,0.7056063494888968,0.371650389364038,0.6058597489384344,0.2704881282379686,0.2389056640506232,0.0790013709117106,0.2431793629256993,0.5126913471283946,0.06206704559836072,0.4889622975992532,0.4405921578628359,0.5893800961539408,0.6611312835789688,0.5598727433516778,0.6990362535072816,0.1252276981239473,0.17900610743047335,0.607519283972874,0.1281209587952843,0.601301464439933,0.4890933929249974,0.9555921378662522,0.33390899657410567,0.4305187216283554,0.22229336759651966,0.4812635072150467,0.060876023769161,0.1904706571118784,0.18868823611783975,0.19044309111527238,0.5816537357630314,0.3107970234613755,0.24691617223511156,0.4847714292114705,0.1944167890090738,0.7265917515422439,0.429538282335821,0.1002689546268887,0.2107394245834501,0.4375606284847038,0.07282454107245227,0.1742545544560039,0.246383908356899,0.32126662186325267
TARGET-50-PAJMEN-01A,0.0730791698438852,0.0345202675382229,0.27727881060619836,0.3484917963321425,0.2526577734073316,0.16295594276460723,0.0912754668220002,0.3269281580995383,0.325533235694902,0.1574854461814028,0.2564833316498837,0.0800868367711713,0.14483874162190966,0.23584183019657076,0.32134647343043377,0.1604952426530397,0.25433080986279805,0.3338033894056339,0.14658396923621775,0.288068274976642,0.2537002011717756,0.2343506626830935,0.083297437351362,0.4020368431309331,0.15083940728413156,0.4615142113943123,0.21803634335083402,0.0861047540398487,0.18247082436894685,0.1923103208603419,0.20700043222246228,0.5266578802025751,0.12110471363930475,0.0172577358554054,0.0698174494427589,0.22677951097715998,0.2438705217888466,0.0248091131703899,0.0206180286027709,0.29723306100692765,0.17567520423486,0.25472283532293455,0.3376258906398695,0.0349541872270707,0.11299294570147898,0.0833529119644221,0.0920913513086527,0.4548600026777479,0.0299337936756431,0.17985605229668225,0.124009199763478,0.14855132753974082,0.15673742757031198,0.0875994374043671,0.17468418438394562,0.1332394634228559,0.1848939960728772,0.26715452062529954,0.3303355723646937,0.11094720826612953,0.1134839898760148,0.0450803420026695,0.25354267203029396,0.24371108893549706,0.1934115167446904,0.2090085709255238,0.31538337757888657,0.3521524936575364,0.4336593053070714,0.31001203670497307,0.3696619899054836,0.12213840813270081,0.3326563923322929,0.2841860564621088,0.28669031949737334,0.13281187882521747,0.3765453848784399,0.17046910907321947,0.4159405308888824,0.015634099765051,0.15202387395988393,0.1224643178807271,0.21996377308461512,0.0789419202669653,0.0309440026151963,0.5049474333868401,0.3940631544167656,0.12833793272929414,0.0209822084519082,0.1634878326340036,0.3448722410508577,0.09008742659864269,0.18423664420120403,0.1990411601225215,0.1110739640512985,0.24296288353526407,0.28142800180506705,0.1749045504961113,0.019380259273892,0.0198968429315235,0.12591694789823735,0.4126237930012963,0.3483781651010001,0.11773739411554308,0.0898463625077059,0.17842143374418903,0.16246445585210054,0.19388231711727727,0.025137359161501,0.14776040271684,0.25950051943963387,0.3128579270513355,0.568729899858906,0.3084267653985471,0.32081789402909316,0.2780925660899852,0.09272768942022425,0.0252322471197653,0.0490462169706988,0.2628288009685736,0.0873301231653602,0.3833144036100442,0.12172314475236796,0.0529895265680978,0.349600548668296,0.0311214764229015,0.2160354925224128,0.21669903139645177,0.16268608023256598,0.4266120779507273,0.21884605709041552,0.1792823364397072,0.12424556850610302,0.16349142202777425,0.22852941987160033,0.3562629701381658,0.3608018742579727,0.1251171413957377,0.13384445051015068,0.0112918600809375,0.3841072593267711,0.043797529024855675,0.4766960988900373,0.1337503501615599,0.1749045504961113,0.0354094758331713,0.5121918140987636,0.4593268361918747,0.0633637742478871,0.2117196348940466,0.21659615836894283,0.0787355600510388,0.3063521829040118,0.1411648214255556,0.333341934961467,0.20744641452012408,0.0363783601587333,0.18655996344021347,0.2961786581760316,0.22323012252780997,0.2666870345397302,0.12312767886100402,0.2748289914363895,0.110343621464628,0.10238518626332092,0.1405440005704429,0.0187540442853143,0.4170523990929446,0.42206046591103136,0.0462555752927884,0.2424055283267336,0.15683607035466018,0.195064379195722,0.4223840650362346,0.22017906978580795,0.0557570307434772,0.0219708891332199,0.337914898614067,0.2803999844495422,0.16264513984979959,0.1095550738398748,0.3275126018081903,0.05766898385125365,0.28789400168871226,0.13459297906003936,0.4319864220721961,0.0275967029887445,0.1271852605371011,0.12336028553516602,0.0574423837418,0.15808485939033098,0.0449078044979853,0.2927339047322545,0.0269422382247498,0.1310732901542769,0.1538305256011399,0.10767381902346514,0.1916505108191952,0.0475832372448873,0.25423094667338353
TARGET-50-PAJNZI-01A,0.2366099236488488,0.646125738385133,0.30552676076123964,0.6511910319662271,0.5875044446249271,0.2392547695894698,0.5163976828151232,0.4879689742928756,0.5445203967004828,0.5268700291437514,0.5382713424092583,0.3801395095033316,0.3142074768728043,0.29468647005324033,0.5827029192937849,0.1475912851524465,0.1550916249267172,0.2387514153905888,0.4460525215556063,0.4793844228228997,0.2272182787356131,0.5046856943845284,0.1170486079632376,0.2370080744562916,0.240348907118942,0.351422570965185,0.9384348221127776,1.0,0.2131612383926977,0.0654793343566901,0.0996144508091913,0.0565670949038925,0.0295061868420649,0.024250373393263,0.690780149551393,0.2312633001566748,0.8337233779437325,0.0182330617548501,0.20572017920198893,0.4042688265056552,0.575692113027986,0.4638930187501658,0.29093743175974573,0.5774246703370074,0.2858481833715994,0.0391063675543313,0.7956621935701232,0.7429837542114313,0.112186386321397,0.2081673532070391,0.5667141999841611,0.22106838967393413,0.0946608024299454,0.2314821013065966,0.2451582662467784,0.19294121976237494,0.5610264391574606,0.7064141996450174,0.1670867390552783,0.2178982112736478,0.1905206652367284,0.4460289746901048,0.3067514215894547,0.1838689839119466,0.0263591355244403,0.4314739070064079,0.3498580897409226,0.2932682759183074,0.5554142604192638,0.647585166610226,0.4458166310075639,1.0,0.2614278187333554,0.1759982008754867,0.4009098271987312,0.0372035423364688,0.5333010971937,0.27885828945067237,0.0876586044226346,0.0219688584960733,0.121195555960847,0.1720854613166819,0.32851588723007297,0.19762244520870975,0.1159724647445359,0.7816011488011484,0.6299676238976495,0.0297741052288945,0.08931314088616849,0.2227888316841164,0.8127995442350164,1.0,0.5269484530438427,0.2945789925283514,0.2822683360789275,0.23834368761106917,0.3735258197727686,0.6555102799179519,0.2078879853473975,0.3864728394991057,0.1858846130393202,0.5423972773155721,1.0,1.0,1.0,0.1361890249512873,0.3210593121809847,0.26859949800042526,0.2200927968925883,0.3631272693379869,0.2052219036584478,0.2183874278040085,0.8515008392503054,0.6481751060151606,0.6576172016916039,0.8114458759810342,1.0,0.28851823139900307,0.1747599367262448,0.6648217993912113,0.122715292028085,0.7347831738834184,0.1461637874379637,0.3834797444498495,0.1445725359657923,0.4343052561639108,0.7575169893618612,0.31093482570874337,0.215595894930096,0.7971777522018396,0.0986687096374404,0.6090144587020468,0.14802981407715302,0.2044898532109291,0.1991357756293845,0.3240354053348254,1.0,0.11854692776422508,0.1465272731247285,0.0298388160546015,0.849016671746346,0.0376405693940553,0.4479035712222809,0.6090580074113392,0.44027118584944164,0.3892586309262469,0.6741139535303604,0.6736555302696318,0.8169706674502513,0.4705334110181103,0.29495411805010796,0.1072948558504354,0.3614057124458131,0.4493140242167275,0.43539287195179255,0.3244004316533311,0.2122971367857873,0.28533599475923116,0.1403863361439026,0.20932732295732448,0.1579162994586719,0.22878368341372038,0.37151069746047327,0.6395589877527725,1.0,0.6411611105595648,0.0263529689156884,0.7545845225787613,0.5371796415422777,0.0153032626514853,0.3663379898443735,0.2848390970848552,0.0777426560123364,0.7147446140627072,0.2736701454691041,0.0576719308638349,0.2851757272001308,0.3563873751409839,0.4345740154797301,0.273802124642132,0.20036135581695347,0.3207506254071655,0.13474563572500098,0.37734348377396026,0.171865827673674,0.26077420683528757,0.0540940312752377,0.1351954181947408,0.22917843246746597,0.30563680912183727,1.0,0.2334936656779039,0.7942483539384048,0.1009745833954992,0.3644541646392575,0.3868647647100013,1.0,0.2428555388268005,0.1257390237972888,0.25964721380355005
TARGET-50-PAJMRL-01A,0.4099006062684903,0.5352767457404216,0.34463367435804326,0.792484596276676,0.5571770396991362,0.20919317617979769,0.4310027075440771,0.312658836227508,0.4385652461198886,0.1259273828747662,0.8961743070854932,0.3781700021795513,0.3125795641949139,0.3249882957905304,0.3225527584241226,0.1305308329860094,0.7896490961381405,0.45811612131782814,0.23593317378338324,0.3477370714134974,0.091918377890503,0.5845336450113503,0.2188603434786646,0.5911638598839091,0.4589807039932119,0.8680913610985432,0.1521202780042291,0.2675860125219162,0.8401845915159496,0.117007605643852,0.2436650136640971,0.1057705344444978,0.135726736189747,0.1115503012865734,0.3296779604790565,0.2852786621444454,0.7855804701723461,0.3238003582096182,0.2901004907706303,0.4640260202655797,0.4529437175920255,0.3086337659258394,0.3225527584241226,0.6773365288287694,0.3390081646988003,0.1633714791801091,0.9333357163256129,1.0,0.07831620229424335,0.0652436170465539,0.6638648626540389,0.2152326702116893,0.34527548802037783,0.314997037422839,0.24881526612035212,0.5515652706794545,0.7133924139637093,0.3034356495414355,0.4087805068525846,0.3121882897420626,0.3718294245251154,0.2913896570577341,0.2150520673360081,0.28238564718999937,0.2794129818384143,0.7020163860782116,0.46416570869700385,0.9152526175872912,0.3393428307292072,0.4163415169327751,0.7396577987532746,0.0870950552847312,0.4726870889839178,0.4258741790340612,0.3842949959432185,0.24379643906459708,0.4476462574267037,0.2759289355117401,0.5019724362979933,0.2074662188047411,0.2165691199670129,0.42876859026294695,0.28334727836388623,0.1949608331835575,0.3838001278143646,0.839652862805845,0.8509058538011642,0.1685491151872253,0.12061393694505339,0.1561890034112567,0.4356024352756908,0.04904014456451787,0.689098059658472,0.1913410154956045,0.6531740889012054,0.3646696653099465,0.4266949172128448,0.4595539936731853,0.1794212027509124,0.508065695423454,0.1303098599301334,0.4881436267722105,0.7170410536986261,0.05527571221414078,0.0350422747002311,0.26678029077486204,0.081302669585662,0.16567245198914995,0.4102616145337229,0.3333705473525901,0.4312487965157521,0.1505379106608693,0.793764180469769,0.4067360591077285,0.7888001108158395,0.6752634339589416,0.0369804142517539,0.1191466579650387,0.9518943196255883,0.5561881165240886,0.5644831762469126,0.8291236584547871,0.1705419645533077,0.5805628684331721,0.1968751308205805,0.209137005271581,0.2473709382137513,0.1960607675285095,0.2144788900320875,1.0,0.2655761910372249,0.26047120611253993,0.1201605988988321,0.2862551697720164,0.31204918748878524,0.3897560278410321,0.7507326595614485,0.16476780819231795,0.3110014686598019,0.2582630869191604,0.5012501145642729,0.1446431913287659,0.7688876572363854,0.5726521016286996,0.3911562728315815,0.2288792533785774,0.2638046533200184,0.5702944839347525,0.2992037095171392,0.540858760092392,0.25424796288745793,0.1850492940546991,0.3193196504528253,0.1806174388838699,0.35928037671791846,0.3005369939885253,0.4199334076757773,0.2623839180001863,0.4212021038610202,0.2748947297301872,0.2905953057806587,0.21052486502138676,0.37935341060218847,0.4553404230850935,0.0356772041003475,0.6926708070049511,0.2638737949161948,0.5588227740526561,0.4090768716577301,0.4372346583622566,0.6833993722861531,0.21483880100180028,0.2612466300017081,0.7975880276058873,0.157935773905425,0.3365235749057489,0.1747712543510144,0.5609883407180808,0.2908908508856539,0.0960841430453872,0.7002763518610663,0.4349374841635033,0.0308903876914634,0.41834427479162906,0.2340424277737507,0.2667654733582889,0.3097666549366087,0.0947805034659199,0.1411870406963273,0.2632141204744905,0.24129660438312264,0.4534541750086635,0.4626817844182304,0.4177706208081626,0.3919993716927012,0.483031124309299,0.05691212704511869,0.5373446831613709,0.3075678348150832,0.3485040086535611
TARGET-50-PAKXXF-01A,0.4319495439529843,0.894199237263698,0.2247652574946242,1.0,0.5097711388989868,0.2852984688412329,0.2756368965759903,0.2108525178191298,0.3337052450512677,0.4596128572507269,0.334332944088236,0.7103786201745242,0.2815619254193646,0.2755172305957895,0.3707222164941371,0.3416351780592504,0.0228472836190299,0.7226876331394952,0.1848651493864212,0.5900896839071119,0.2540204684361147,0.2824589723015424,0.354299811428717,0.6393845705752972,0.1574001284661116,0.5021963568135467,0.2462583442698306,0.2697846445307217,0.3431084518539581,0.785813845220166,0.1138385969790999,0.1712255395964566,0.3299072475834466,0.4367950191952313,0.7606341199142408,0.1201825405055464,0.9099439089109108,0.4071430945951995,0.2895359866148321,0.363862021306269,0.3767970597967005,0.3050186856918696,0.1988063738210303,0.3352020265977992,0.4949587846182364,0.3089215961762251,0.8418481331926023,0.7950975102887703,0.0903951333121153,0.2853195327040765,0.6718442363107743,0.2726421190643022,0.8479754917004041,0.3725980671255487,0.32337723619135933,0.0964823142095991,0.4640860564333924,0.738362408178354,0.4993304090931761,0.1274891754287791,0.459428803610645,0.5903632206160389,0.1325479958648228,0.2119038479815951,0.4440776578356742,0.0551935665960776,0.7518662606529236,0.8197120849207492,0.7649636313814678,0.6289106546879054,0.6172514660421149,0.0532414404640657,0.4323202445502969,0.3187227468811252,0.2456945835995998,0.6618987335701775,0.5986471963038649,0.4991781896638588,0.2242970602431198,0.4240979866973617,0.0742737883578039,0.1983236686191507,0.288781352728498,0.0668630858551869,0.1965600765574446,0.5222402415693971,0.9015403574581506,0.3409188361815374,0.11319723799701333,0.252844958462025,0.5873042376226217,0.1170260551382244,0.5292037150442338,0.5690331285585227,0.3011210974163996,0.2247652574946242,0.4465829944098392,0.2832475019079111,0.3449363145630783,0.4841033443428917,0.2656220635484924,0.6151390501478273,0.6066390489706838,0.0233782646946499,0.0847179966539791,0.1829554294156259,0.3912216341732674,0.1726160703369296,0.4076931208843726,0.5051471355141601,0.2365124892198187,0.348881618848693,1.0,0.7736700314361559,0.9438919288858042,1.0,0.0425030038659756,0.241971020960015,0.7854657671420434,0.6135755404817278,0.1414259329316217,0.8886639341975938,0.2622449433444047,0.554983081956484,0.2211595646859356,0.7756100083933533,0.7313485091136451,0.4357255240589305,0.3677648856442924,0.8147846649204642,0.212045043215915,0.2831617203559519,0.1336090974909206,0.2320118580949236,0.2294983973309727,0.4704398851804514,0.8770526649241047,0.30017569545693606,0.4012374102810213,0.4585539035985566,0.2430250135211197,0.0433797007255901,0.8051493698700825,0.6950701614945551,0.4203503018609604,0.4268079841978737,0.4012322578792033,0.6645755781822789,0.2695133725752144,0.4307603919591403,0.3109791109546051,0.1818525209983107,0.3443800970956698,0.5320603045817371,0.3874669030728961,0.1988063738210303,0.7072730923848664,0.3160925483379993,0.4960049722093657,0.22186570792697508,0.1992801518844369,0.208753122881244,0.6425768419606777,0.5048008504710825,0.0219897532729716,0.9836673401011864,0.4402999898609967,0.7754790774604514,0.6642740889468187,0.4931455661057567,0.6483353734393544,0.100055605950689,0.1670736843973136,0.7032902175584359,0.1023672906177456,0.4713416069087306,0.384015531687205,0.2847029310169393,0.3343319757209994,0.4181465038611714,0.9445204102842746,0.3399332191300641,0.074680419107275,0.23493633143322382,0.1939232891293285,0.1654518158643694,0.5452241146862846,0.4898777342883404,0.3413329569389448,0.3795063038667629,0.1116950999955863,0.7228674056893479,0.4739816339076562,0.1711403813508286,0.6287977402315359,0.1693504978730645,0.0229816487685986,0.8914868858555136,0.2548451010574265,0.4373787438416169
TARGET-50-PALKRS-01A,0.356326876570612,0.2289945908750997,0.1733318174910031,0.6902347090525153,0.6214169432479247,0.24072224773724646,0.3075657102276872,0.3231751213285209,0.40166851477666954,0.1614985376581164,0.3543447882070463,0.1892742667199738,0.156446221180048,0.25933916696952225,0.2901320831107997,0.2229460816776346,0.7800171517620835,0.41187557558403043,0.12886876744878134,0.7933031527290384,0.2780154843960682,0.3925182838401709,0.2806826014823826,0.6865132627207606,0.1898200983133015,0.1171022775623595,0.1368302455585518,0.3173251514878252,0.1849786655372548,0.4184418124897381,0.1616016968208416,0.0502739896302515,0.3754373546212435,0.4663751184342046,0.1650039766871388,0.092680952602342,0.3256170180858257,0.3750146223883224,0.2863241032354088,0.2205570715277045,0.4720856806260364,0.3366254383726403,0.1533131520738659,0.1792980640367264,0.3037141191246615,0.5635326116256538,0.411625193056661,0.4668912758437852,0.100866189264333,0.0586857995444887,0.4923343170584464,0.1581318781530781,0.1592084084680454,0.220488852105382,0.23927168021830653,0.18680450969127874,0.6275903537437002,0.3296226599569691,0.4067954225647131,0.12153371102405794,0.830002177808216,0.1932532796090591,0.24287738950340995,0.3092461456464173,0.5217682141982949,0.2239936961623322,0.33042954617171055,0.3066103840893253,0.6985587754915339,0.5945992891662485,0.4028261055025435,0.0220181383670273,0.6493417001280177,0.3275390383249162,0.3122030657493772,0.09470993538084246,0.8036053926754301,0.3540599965972688,0.1199754938205508,0.4097509170251526,0.18240850158667743,0.1529409051755385,0.2602964839141182,0.2117862832482236,0.0731319108170911,0.4082865418246545,0.5026962544260414,0.3578088055530408,0.2024705579607931,0.16620544999575126,0.5506711254987406,0.0906198388661253,0.5362191756492817,0.6156281236658481,0.3325955656601493,0.1733318174910031,0.32024929695312276,0.4205028834868008,0.469559913551568,0.1451013069769344,0.0619378221094717,0.8162534305783677,0.37840955388636,0.09190349026210017,0.0166560088228001,0.17869406161869492,0.458416032984079,0.2542242272874602,0.5467852633538027,0.1412175621807976,0.1823909089543029,0.2997977401844395,0.3949640395025388,0.4797187708548243,0.2848486866930561,0.4720023781048016,0.0474264031166995,0.3414743366379051,0.690907677856137,0.5152877415326836,0.32478735086884264,0.6510041969255235,0.0853563347165893,0.576477611418738,0.6210477363594905,0.8180486583600386,0.3257165731071977,0.4124168144815116,0.4835961538026608,0.3150955222140347,0.23969482032753375,0.1171022775623595,0.1490859078488652,0.16804912711442382,0.3070833831701748,0.545816017559223,0.6523863346426988,0.10056547412589671,0.092399687236397,0.5077424801468403,0.354663444967749,0.08269582913409347,0.6000735677500881,0.4819080429991651,0.3568122177012331,0.15179559493122,0.3906564392593756,0.422455581881325,0.4632575531265489,0.4611784365645415,0.1727914976512402,0.2275110904096324,0.5069062785479539,0.5366609580441435,0.38127428687634024,0.24969961732396298,0.8923661344174837,0.3213257046060433,0.4668176813049324,0.24181003951351168,0.8558043893362209,0.1670899571049612,0.2949543846031182,0.5123325322722987,0.0169577982979601,0.5260335153483499,0.5718274408773533,0.6101757169885376,0.7019095447708982,0.4458533765656723,0.4195029982043269,0.0771597008492798,0.13880847456970252,0.5598034903806468,0.0789423985369622,0.5541060812066787,0.3269578813326956,0.4907767300984849,0.1382638718596468,0.4032440754380189,0.0388055082278563,0.4797369077816921,0.389608589682907,0.3166561898401886,0.1220089014743785,0.109610045913512,0.38131387597992,0.5252405517352385,0.1269959383562698,0.4812081003880047,0.163004492321566,0.8999389264343096,0.33312277867043866,0.1969768294881261,0.3088064011629029,0.3806562213542755,0.0478189522244087,0.0859198572329171,0.1015085520897191,0.180879135063994
TARGET-50-CAAAAO-01A,0.286208487066186,0.4493112155469783,1.0,0.678430750195819,0.4971352664481966,0.2801214595399408,0.41489093042625486,0.31623345985508555,0.3789714379046198,0.5471210506017383,0.4784412946097435,0.7117839754563491,0.2790846693050171,0.5175670965971518,0.5175670965971518,0.16951183667145328,0.16184594795345966,0.3787016560183551,0.16979572646642685,0.6411664932973182,0.1474919272156798,0.3235561203587618,0.29727499637818816,0.7866211843194184,1.0,0.3953234604012528,0.5513212304882154,0.0500581239475274,0.3400896931600276,0.5351004952296401,0.2716076783944843,0.2900447843793079,0.5903802828922293,0.6695261965102897,0.4642380369641794,0.3128799512591145,0.6490001365519482,0.6678036507712687,0.579696271331841,0.744574627815138,0.6390679267500055,0.3651191296717666,0.36269667704962427,0.2396023092483156,0.4270547205094853,0.0940511892165118,0.3470310971726157,0.6662777838171423,0.21000968933937386,0.8137996169509812,0.5889547244015568,0.6816027263307426,0.2208545016454195,1.0,0.2516959959236179,0.3987430061977117,0.4567962124253684,0.39831685975368375,0.7133412617685715,0.5307321517944342,0.6649884848622174,0.324805219557368,0.27141453908234237,0.37658777867445903,0.7095869029690673,0.6887795619997905,0.5448229200223624,0.4188398944358057,0.8556984220832469,0.1382519111491224,0.6531458787801734,0.08543783470239276,0.7412731203158682,0.521851164088752,0.39591820934820704,0.1116223124331523,0.6989400364105451,0.7083982816568768,0.5467849681173915,0.6810507141247469,0.5235633998342023,0.45033042440319815,0.4655134004109015,0.7310764647281238,0.7983921903644822,0.6763033566674296,0.75925540401245,0.6099262626813114,0.11881659974794437,0.928788891830455,0.1763230366857522,0.0630909350920906,0.3296739994684958,0.36389915220222796,0.6989167381406105,1.0,0.6077737650922357,0.49387139362964133,0.544895162140268,0.6849451673701551,0.209094773182311,0.7183299416336952,0.5084172359275868,0.07825104403644866,0.04694097097899963,0.2157793834943078,0.6166032375356417,0.24646192786375773,0.703381026700885,0.8469445224497799,0.32219370828866667,0.5998398071509076,0.2769147796712964,0.4049758952525729,0.6063878207997201,0.7644635817996066,0.050332699634573715,0.8431280446323207,0.7525805444535608,0.3847467199113622,0.6292161631563734,0.6206390721672738,0.2602202701558284,0.4759218141653249,0.2900393825109891,0.4958327194101705,0.5642716370560853,0.6128479249893876,0.980857266849848,0.6195012069732485,0.3300331984884581,0.43484948766759735,0.14035128760938856,1.0,0.26027387481789993,0.6266601834145391,0.7189058750691648,0.1496114869949201,0.4463121936636569,0.5534673377166255,0.6326846983378958,0.10933759463591336,0.7084553786984686,0.2669742664357645,0.7373988286353729,0.1492866019089287,0.6320281477658547,0.5906531472535588,0.2671421228079884,0.5953583849163131,0.21986864781037105,0.2062701098977706,0.5245742888451783,1.0,0.3917396785890125,0.290312584657229,0.6260696829119454,0.37577890703703143,0.7458640836035862,0.3376537703892836,0.4510181255925766,0.2808319233344801,0.5058294376116266,0.6997979493927575,0.06989927399808467,0.6101951056218812,0.7180860934953438,0.537735107324451,0.6963737072167379,0.7563475989394093,0.5674540749525667,0.4451560132823559,0.2332523865687289,0.5801699640168003,0.2665002151250892,0.7535542057184816,0.6592856076762859,0.9001257993262886,0.4667625037687583,0.6480956623298632,0.4475063039912509,0.4847244578264467,0.11882652602052568,0.28635053387797604,0.20731128918227584,0.3700305711150227,0.7643305463850149,0.5195214048078767,1.0,0.6615290934751806,0.18908328893092696,0.6285195711716361,0.45088335472320085,0.24210138495112724,0.2799373774522501,0.5322381476463678,0.07586667732513615,0.159503492500417,0.6852891494655687,0.5220908444375796
TARGET-50-PAJNAV-01A,0.3174104536769195,0.651076982514236,0.37130910145034124,0.3129110433459992,0.5358439562801142,0.16120982205601794,0.130256876477074,0.1858062886255801,0.44244131425335265,0.11135203687903907,0.320314367714772,0.1142898696435661,0.3183971170280475,0.25453916966306844,0.4665112481081309,0.1919117553400349,0.132608576173628,0.4555744096656856,0.1341067772970529,0.4338078485064025,0.2300219925348678,0.1786733241818549,0.20731584335555303,1.0000000000000002,0.0528095417231478,0.1338128591985237,0.21485816275403014,0.0873462611993466,0.26757136807275367,0.275184196526617,0.3417798010317048,0.378382708493552,0.16428453322080466,0.20766744703278503,0.29760698263715335,0.2983635871354983,0.0276144739229111,0.0347914852432379,0.13085137977871297,0.4031853491836193,0.7097622694195287,0.37057918945887297,0.3271172459236366,0.15495430902100438,0.0732874330975757,0.0870626412180319,0.1291458855493812,0.1727872253043489,0.0802619560467298,0.12802464174344605,0.1531244729186302,0.17384795568649986,0.0961351406363808,0.2328112389545293,0.1016061070584378,0.0850216108714934,0.561205103572616,0.0917037856821757,0.1880815594738366,0.1719414286297869,0.5989912667836172,0.1208746364592583,0.45284222083152276,0.1867327359719447,0.0611414324463482,0.6119369868058404,0.46495972092621335,0.5843710227140454,0.6341837769960352,0.792850018877474,0.3988243357202193,0.08542906887469347,0.662806557927343,0.1837102611481815,0.24966675142578973,0.1273456638203121,0.904723169653844,0.0426561345384073,0.6320407907305085,0.0419199598209884,0.1706904728860113,0.1747656854842195,0.4185377786797864,0.333733937319266,0.1773093139188081,0.8090706347839333,0.3810941981389384,0.0805194688877401,0.0797348152911096,0.2865358551631296,0.112138747434289,0.030572759427559503,0.34397145134763285,0.4052049822922515,0.47445997269120727,0.3221889564953364,0.32813852717443026,0.2047484681631639,0.0276570706919086,0.2137271298507127,0.0707763951438465,0.8939834426136488,0.4260416022733424,0.06391271165109068,0.03281393464222471,0.15496909506400328,0.0245711490997835,0.152111778024626,0.3827671281718321,0.2755543700505219,0.3324211034828927,0.4441015199890304,0.9217804967632364,0.7119933410086546,0.5258863994704076,0.3226988281105639,0.041226340911836905,0.18055867674407752,0.6581610366102731,0.3511086863861308,0.2341596452158699,0.3571715731841772,0.1839069844200124,0.2364293099358174,0.7541016482256433,0.18752728677351,0.1126583233486672,0.19029870746272254,0.2602637470402533,0.5649240334835411,0.3032904885192145,0.1338128591985237,0.14991411654625098,0.23148391361313306,0.29519363775919283,0.4216704614249779,0.259513323709022,0.06060688751148784,0.1480424029653732,0.1061371707959212,0.2141571572044273,0.08905618639260955,0.8776562684134082,0.1306055393805258,0.4689743470676313,0.2604897166655454,0.5584003203020367,0.6276050449510615,0.090424816247983,0.4492204984712877,0.1639171826645883,0.1882361137311681,1.0,0.4261551718070526,0.30144472926162263,0.1751910522903131,0.7601961521939634,0.20086174596777245,0.456600381123747,0.21857810137831454,0.8632051219947382,0.15329701394220072,0.38767754695624373,0.7982250505483888,0.025305375853420756,0.2519866616456311,0.107460782200135,0.5079674597750443,0.6770322184062519,0.0413853102040958,0.21210351888869589,0.2021561634982928,0.1483449409534212,0.2820533307492324,0.510946189719055,0.0669911537505033,0.031354092085865,1.0,0.4207183177502591,0.1757683428215165,0.7371921909353869,0.1451861177639725,0.10115901680055643,0.8832957645899907,0.0516718797966346,0.1252514805509046,0.0694233282640707,0.2653717331173305,0.20900623183290012,0.0232501544505487,0.1821388048388641,0.7729976941116605,0.3024297581749468,0.2203989762011838,0.2066412647532194,0.6023598037907079,0.058782647446456754,0.434703627054653,0.21026450646174175,0.2066907214454463
TARGET-50-PAJPDN-01A,0.3014207007162099,0.1121147312039015,0.3442076432080469,0.2422650596561994,0.1351478996516818,0.3798778200642553,0.2748218086987612,0.23739966325110268,0.6287501472220359,0.38408172688246267,0.3412234458480255,0.3324641357834515,0.25317638930312736,0.3543031778790612,0.3987069916643346,0.2011487099370309,0.4418698168902422,0.444944179548691,0.3052057113584868,0.4450892143649767,0.2000164924164957,0.3274443312730449,0.34825186922331713,0.3728607865243849,0.2115751673922615,0.304536800479031,0.5431695664042743,0.8946685867626754,0.2619875555215645,0.141672986192348,0.2155287137949804,0.1671137134162783,0.3955153668277599,0.3250638715088996,0.3722205799128209,0.20406726282155424,0.4428820250522097,0.5261997557665307,0.1178816019611183,0.31241391198962676,0.5692202852924875,0.282821656694778,0.7018821789491575,0.1135240131344479,0.0887707847436741,0.4217967067074165,0.37720760977248063,0.1155254139307335,0.1711435956968349,0.08064753935146,0.2293931098906383,0.3157623421518991,0.242499585796293,0.30618857850586617,0.1992825262715014,1.0,0.1600222479610833,0.291949682034041,0.4848108764339313,0.11274352646251068,0.6713254832655192,0.3475953527262108,0.467958216655046,0.31922252243585214,0.4260010921394238,0.3021744860477484,0.3915414447758961,0.5697084493160007,0.4635162894101328,0.8552413289386954,0.0307163083313107,0.07716015152572307,0.4663592317650999,0.4730910555509762,0.388067153463587,0.2041439152927628,0.3700048338558841,0.2263116050313122,0.3089724615246791,0.2501443991998948,0.6948696591572262,0.3893286870061467,0.32324551490915143,0.4467595980912287,0.1004997580547184,0.2185826001680934,0.3304849695450969,0.3014237109628863,0.14553594398866265,0.1930649980654309,0.5053799208495993,0.0370347777970289,0.2713310835394615,0.1946829578517523,0.757296773302385,0.23788643043588953,0.44698082067292,1.0,0.3100826645127965,0.0359385473560893,0.3361355874778475,0.3865323356909655,0.4285820112725796,0.0986362478149207,0.08247571095026196,0.10960699993622006,0.4012180417905394,1.0,0.7959741242674611,0.25881617886719244,0.3684505251846972,0.4970358229500305,0.4469797553039434,0.1617900694967963,0.6478854843099736,0.1802657160414875,0.07235917335731867,0.4904719975976551,0.2476037404124585,0.1734313703556213,0.4993016071774637,0.4596949104239628,0.1172988766683506,0.4575424069185677,0.2857509504924187,0.602576340574142,0.1500535382698357,0.2434440113975073,1.0,0.1287741491934804,0.19930420442096733,0.7229995262974512,0.21118641376074812,0.22130391323105555,0.8102397930612175,0.2645664803250948,0.3630099587442424,0.202890866089102,0.1269780333624122,0.378221753672242,0.487387653513652,0.1531512208700559,0.2497568748404084,0.3000787973814025,1.0,0.4677600387002179,0.2747284523650031,0.5465287157570334,0.24052852638405864,0.6273070629292354,0.2374545326908608,0.11514600531878508,0.4690365423220224,0.4573629063956406,0.4068977049619036,0.290415013091375,0.694239577170024,0.7699961187799523,0.8614245996373974,0.3683630825092427,0.3114528508535646,0.1265899428973022,0.9251017974225776,0.6139433829715468,0.0441005396678083,0.285196694170475,0.5215442910156534,0.5565208136863069,0.0367904678268445,0.3727123113926921,0.1279674087646626,0.2006619248720051,0.26954840791023144,0.4992075812708708,0.2052980178783008,0.5912570514221966,0.4627170551388481,0.8855601331751091,0.3473542192795513,0.5046686400846279,0.100917809308883,0.3802381280959163,0.2640908515920144,0.4255526457976997,0.2070172597739813,0.2584678730009456,0.4898467354776258,0.1171580413385849,0.5814493033110529,0.3923013212795511,0.3943374583826,0.781468038597438,0.5129934146501366,0.3255696651592644,0.2669091153325412,0.3601332585019361,0.10485267484228948,0.5082835135335076,0.17510267751003367,0.38963942692445813
TARGET-50-PAJNRL-01A,0.3788040291100223,0.1618347116980762,0.3258206103386861,0.7623361175984268,0.3833026454364805,0.23078616403668836,0.2379305298865432,0.3805931082595518,0.4107170830535608,0.5218710291107709,0.5659748098305616,0.1109238244190403,0.3103360094334099,0.3200084404768586,0.170031356100436,0.0965114444849307,0.8923684133428437,0.39705351598543837,0.1301570879789612,0.4851345217761115,0.1640077766712863,0.3748955915315474,0.1153706487586544,0.5807883402980634,0.3832567418470277,0.524214026339116,0.2141903980272252,0.3074643624510204,0.2102752919301259,0.4665386686016704,0.052211953208457,0.0557561730209058,0.098440996463567,0.1966483183915488,0.2582928014082218,0.2181664895160592,0.586373417233691,0.1765954635304268,0.1482317479889889,0.3751054898978258,0.5716514954403131,0.35520837405871153,0.3021811959904248,0.3982957090395984,0.2677503967253707,0.0214764115287827,0.4129862817191508,0.6827277422054794,0.0780293285670006,0.1411490802899764,0.5031574689368784,0.0240349521573898,0.2379630187245996,0.2283481124235722,0.0986136217881918,0.19287303140988193,0.3942541041736589,0.4619923238803147,0.7055964693791121,0.2154904974675312,0.5334232517464578,0.28945130233885,0.23367694088526547,0.2760723020420938,0.2610893802880789,0.4218149019079948,0.3854152009095506,0.675339122230948,0.6033867128351065,0.3419192063303071,0.4404370853690296,0.12613695418442736,0.6063600650772241,0.5670036560078802,0.5612791714031793,0.07874870801795456,0.5906643559508495,0.1464100286423333,0.2885838510886608,0.1619186522937183,0.2324625989545205,0.3479409751106321,0.1525462598743026,0.1527459697175029,0.1144787325526018,0.6229143442647914,0.862815914733148,0.2707856110483035,0.06648563808745311,0.2199192983804739,0.4331434221789198,0.09626739916457086,0.3625768473087209,0.7109745473657384,0.419054570542035,0.361793126356121,0.2846064316051501,0.9778190461662558,0.1393328995703668,0.3290263577456201,0.0686919011495311,0.6333076638028665,0.4343093805443089,0.11900119771684352,0.09532541603032067,0.089002941846855,0.2124392409662999,0.24138758557641302,0.5627929444372384,0.3856933618601251,0.4049987159389518,0.242358301616516,0.6220130074385568,0.1563777912731602,0.4711570008764824,0.6787776075811273,0.09419222829118143,0.2613243812801726,0.6986102688194692,0.5530483869173531,0.1209560976439338,0.6990822090334062,0.133614517992427,0.4300447668741137,0.5807226436030284,0.3932694042987484,0.5431883789285464,0.1467333455411449,0.4449458995561179,0.2850586698292262,0.2899438294225313,0.15917088575492952,0.0612796725499073,0.1064119955807549,0.3332496654308515,0.4808705075035999,0.64724915039296,0.0491504274309562,0.0541506611595962,0.2370879624587321,0.5551806483519186,0.058119173337199126,0.6536821895604634,0.6340276089607186,0.38641693094223367,0.2273567244552082,0.4876076949932719,0.3165336410544486,0.1651722736385639,0.4340240666438792,0.3427594699356475,0.2634740269774995,0.3133888480383797,0.4544232385270126,0.5012988596729324,0.23860354299445527,0.5639507219217607,0.3694452611428985,0.58662656940084,0.30099113898100566,0.703522228230787,0.12428371760263301,0.1661752955280485,0.6409767384554296,0.10502186041080827,0.7661901153693574,0.2830746619060298,0.6062724926628722,0.7111711516997045,0.2708496930403081,0.7512347685320797,0.0855736666700717,0.17931512431937524,0.6161899659384633,0.0875507606196352,0.372530570645584,0.1030018815667637,0.5993673565400642,0.39285641156411666,0.2107413641391368,0.0809982053198228,0.4624757855676427,0.0162836446828381,0.1301570879789612,0.18289853330547118,0.2287875461361609,0.1571626692653992,0.4284503575456003,0.1400733477819656,0.1935067770314979,0.24419819383939487,0.559273294210943,0.7840183882540344,0.0996740248006876,0.2133581723110417,0.329596733492841,0.11409096028276247,0.1075487730848986,0.1760363311199228,0.33414853898663954
TARGET-50-PAJPAU-01A,0.2652344206131038,0.1032195192674495,0.27650678026741715,0.5486574495711072,0.3046839682259682,0.19181340866619498,0.1462639958443057,0.2086398120575307,0.34640281290068675,0.1433086552570465,0.3093564512549763,0.1283348217054398,0.1979348766960237,0.23318194859736538,0.25528622307032756,0.1384790811620852,0.0421849241377401,0.29155320075440894,0.14653099722588064,0.3665220323766428,0.2519451652816634,0.1501387285111757,0.25912705903892097,0.6642534898234362,0.1106505255406077,0.1502569692370315,0.0927758721350535,0.3207823465785693,0.1292633796919375,0.4944364967119295,0.13920060950232327,0.1203696345546579,0.1686752405016382,0.2066173193916423,0.3706104493687929,0.24879165304522483,0.4279283724891256,0.2555849779128243,0.1656227533646317,0.2830024983408216,0.5442053017067803,0.3701068453912442,0.27786910040545354,0.0560121933453544,0.1450892423614173,0.0246350408874242,0.2029596628203788,0.449015155384471,0.0479672843779231,0.0742489426016725,0.3166902886938773,0.1092934999368381,0.20925100807038743,0.1980895904736643,0.2128927609917774,0.3162542810109665,0.3430120433696511,0.1921446721312537,0.932180701207972,0.09628788251963613,0.2072044102339771,0.23790920939371796,0.21551268118026498,0.23226033222740367,0.3530787246468847,0.3446126769524423,0.36996166169260747,0.3154717279306051,0.6050366710868338,0.1784556093142707,0.5460090326051217,0.06895171089475594,0.4834505391141896,0.8425427589047527,0.32233018664653657,0.08911286753779363,0.6873626441159377,0.2220106822863811,0.3908943548868472,0.2500934328003732,0.073494352375085,0.18642861598890287,0.2115646168894873,0.123455122781726,0.20805217444947005,0.6012852494548283,0.7334119569898883,0.2016873327289098,0.09189322868019618,0.0952573266332141,0.1250533704053783,0.05591731807971131,0.3900616543054316,0.12919520543178659,0.4718622592084793,0.2224065501601816,0.3292792675294633,0.3982842572587149,0.1974581148971457,0.1023706804876727,0.14806135411147286,0.6938807661870992,0.3121760614628744,0.0745933720612171,0.050177774832742314,0.17345720700378603,0.275428120884481,0.24733393504712295,0.5183904913273174,0.1253119639860179,0.30247501355547707,0.2829867988086456,0.2508727159965543,0.4047903465481119,0.5978359806990582,0.335051231418866,0.05349561567626395,0.2570818006340957,0.3790243290163502,0.3845725143432633,0.139941796152635,0.5290260900531204,0.0578746925671082,0.3529934843546615,0.4872292340460128,0.2025758614160132,0.4659355959038306,0.3029258409123135,0.0727850171965251,0.3774111080325995,0.23476808376319475,0.1226883454335414,0.1248341413331546,0.19949039388822631,0.30741651110106877,0.589147898500402,0.557852740534093,0.05890997157107721,0.25363566328323456,0.2944853588598801,0.6323581689215031,0.047764684772960884,0.6539682231697899,0.4376327010068401,0.2802750765088092,0.19919012767071767,0.6322328285889456,0.5623214940628083,0.189464879135024,0.5142925350175058,0.2186148283016587,0.13785128126526552,0.504970282548737,0.2621134686956661,0.42167678841497086,0.21365346329963822,0.1672664997269173,0.2985997611581957,0.4763419032238755,0.2899371141556148,0.5223764880464794,0.1423931993805004,0.1922587598753961,0.4830309175691293,0.07127327318636051,0.597937199796189,0.2140071020164276,0.3423817393333601,0.5709023050360528,0.2744666023590581,0.0631384941716378,0.21774752020328172,0.2936827527091141,0.4389991975202044,0.1890096197387223,0.3088509334150313,0.263045294897997,0.719553516124691,0.3097518174521349,0.2073199947726636,0.4731645253077493,0.3857377394053976,0.07238717499464058,0.1505870065963215,0.0580217783217966,0.2750200490147771,0.2461312754158584,0.6385488217575974,0.15780927002150427,0.2934428412199902,0.2906339058986413,0.1625458938860883,0.3234296207531949,0.10534680372892133,0.1908717710660108,0.2491282044232684,0.07267808186842001,0.1345519564484036,0.0762495625272146,0.2320907090680484
TARGET-50-PAJNZU-01A,0.2452712022000491,0.3993479440874744,0.2205811376737363,0.6530340451899624,0.7544096679921806,0.19768575956479081,0.4755250005640962,0.1203578248673398,0.3874585542186483,0.3945993022849158,0.5741791546560563,0.1420027225581938,0.1693026708595084,0.18179475538338932,0.31191440484063815,0.0462557815062937,0.0130415770651241,0.1570622667916592,0.16240016618859301,0.7738199234759056,0.1822578352395897,0.6705057256996663,0.5263113681769808,0.3882282429114438,0.1705053093087893,0.4320394042945649,0.3016275221710578,0.6274751821611815,0.3716757621478972,0.5515173936965109,0.2178477973613909,0.0372125800255025,0.2738781082803663,0.3740770790048756,0.3637334745205541,0.068602022455746,0.5355263596620488,0.4146687295776319,0.2852833687289209,0.1632553480393859,0.2486945303138539,0.2915535320143597,0.23742732977498338,0.0619775977072879,0.3850668728798199,0.1481330200803179,0.1231861152009315,0.6624201223739092,0.1187841686235925,0.3238779918433399,0.5584486816789694,0.2007506073012159,0.1194458594314218,0.0809770284440907,0.26128053702066856,0.15800307907994698,0.7695167216396963,0.2960825228231933,0.3205777276863357,0.0766590080445736,0.7533815110559597,0.2605158369244855,0.1504634234640695,0.2320114370718353,0.454011544796872,0.0960399428437588,0.2905351140007595,0.6025787266258726,0.5807163433243581,0.5324826467311901,0.3029721716294377,0.13010897789767462,0.4239585908899981,0.358938066294688,0.23746559920747332,0.10455784550867,0.56696078396216,0.3895530986580959,0.0768774038794543,0.4066539645820441,0.1819983277898839,0.1132061671427974,0.1018118639712795,0.0732077344705265,0.0286046743471419,0.452469984848827,0.3895984847379194,0.3186261704215341,0.0193959794831434,0.1520352111430695,0.4838213423877653,0.11753618415449384,0.8539602434325251,0.0374578337432406,0.572822401628291,0.1282994283284113,0.189950978305277,0.3101249014145779,0.3311839829951977,0.3427647095531362,0.12778274817471055,0.58606364445701,0.5041799176143752,0.13397113036823552,0.0236478893369822,0.13258556343387148,0.3908435311136162,0.0985318789539998,0.5389859941384844,0.3802203953259973,0.1350049269076118,0.0495600602128367,0.3941408281383761,0.6851234150648379,0.5437048255736904,0.4864329549758934,0.12416079175041425,0.3850925190582963,0.439375487343366,0.3374040091844789,0.223353743777938,0.6739832607586015,0.0923707542009953,0.5010112622863621,0.1924487257133872,0.623829793373828,0.1526330688365449,0.4555849499002555,0.0419874148961087,0.6138384269833488,0.2307955288359852,0.3720900485026436,0.18425767922373487,0.18042731756981964,0.1310011765521842,0.7117006589691608,0.6171810262728175,0.0328037975880503,0.1551446738728165,0.4765611233045438,0.6914457338270451,0.0247617931089011,0.4132861430520791,0.5654466352860406,0.24164338749021413,0.6712590228782246,0.244092548204031,0.3714015698912966,0.23130167722866973,0.6241177323789078,0.0675853326549969,0.1136049628452232,0.1558048624409543,0.3265218602908537,0.33403560235342605,0.2176711415512566,0.7734342388386353,0.21695203992053022,0.3920327493193162,0.18287498656771448,0.2770932221004439,0.0691108456973392,0.5528087017111656,0.3640944384816783,0.12673366813424825,0.876470452101768,0.4216083126885949,0.566609140221132,0.5753158766932792,0.4389492612869228,0.373054314414646,0.2451733427316914,0.14679065482926176,0.5506046642147133,0.1616684940726698,0.5030800242914792,0.2925283820073086,0.649855889540411,0.2416413865678378,0.2866687888702041,0.1233036943366337,0.4426182705486506,0.14826899014616599,0.1666248071598787,0.2473497607140748,0.0811328608521887,0.5262229375172499,0.5812737511964916,0.0496729460437104,0.4762710127776986,0.17162429928800046,0.7840159898958009,0.3757625166376783,0.0477715356726775,0.2914054651546497,0.5815554600093142,0.0131182747365929,0.0664682058290225,0.0439860034494818,0.24024616084938757
TARGET-50-PAJNZK-01A,0.4979580377099107,0.4457791915364613,0.32445981306510596,0.6890436999282403,0.4635778659327905,0.31852816317132615,0.2698104566075044,0.5427201248860828,0.3654189543099008,0.2264661776662486,0.1833318129089971,0.2367368445194535,0.312790283823312,0.1008683717481183,0.4394729702436348,0.1746415821265662,0.011592024205389,0.6082444950094644,0.16979013455165215,0.5591277729549181,0.218162243422902,0.3872107978076575,0.246227386049248,0.4861045123951217,0.3362525924607178,0.3356743048230446,0.2072614437880632,0.2125165836685994,0.2384497380642884,0.5293054321332415,0.1114322654624028,0.12220978155450046,0.4439080428953897,0.5179874648220346,0.2910221827087876,0.3093417335819891,0.72890336432508,0.5831313157586285,0.4556010235753207,0.1451097468259876,0.4797665725303608,0.1017019136112953,0.281394162224095,0.4246026975802645,0.2761470907009682,0.329140364866875,0.1423761712939598,0.7407757665252725,0.5702415459210006,0.5512158940975398,0.5500742970741331,0.4885531520081255,0.20930479214527284,0.2589441065333009,0.0585009476492328,0.1365628246954127,0.5648927129143753,0.3376001576243724,0.3882683387546262,0.3215980500903698,0.6419852063171765,0.3588097584770167,0.0672508645693465,0.1075136360180583,0.5666789757447928,0.1909645486724843,0.3941182835442728,0.4839804347886774,0.713264166486745,0.293556904746067,0.324354097955719,0.11905041659145174,0.4548667379599027,0.4511654986827064,0.2401595590735091,0.1103600262514291,0.6015629223738714,0.6284658771039139,0.2125279208439231,0.5125113644780261,0.1911757094970419,0.1006234616538787,0.1743440556828593,0.1478047125736861,0.2699637558312756,0.7949183384223087,0.6875571936154159,0.3659519977543942,0.0172401437750264,0.1757194082231706,0.5887196291714137,0.09240139268991426,0.5301483330775192,0.145060437714985,0.6841923295167716,0.2197017302706245,0.1688381955155158,0.5170181898287656,0.4738357296169949,0.2961986155099102,0.1775450982819587,0.6192403475106156,0.6642907824014462,0.12475449274632168,0.08858043300133123,0.1017208410227325,0.5151529536522641,0.0875801998587779,0.337815929342803,0.2613470081392056,0.3635973869324674,0.2169416045424848,0.5906430477121717,0.400901008351991,0.6178435797083338,0.7175051231252535,0.08716270105666687,0.5129733004026479,0.5398143854630998,0.4458267539327599,0.364020789396601,0.6777160652229247,0.3281747518114783,0.4460621966431089,0.1753327737634711,0.4692190539286838,0.7548249552473062,0.5111962140612304,0.3040715462612749,0.5310910808426366,0.1609513393985064,0.0770443755537715,0.2546900129783875,0.3630324962202699,0.21243462303218982,0.6528977227018753,0.4130905428544376,0.0813417222980946,0.2953607207590084,0.4964451153969952,0.8638635907274707,0.1115595218191345,0.71618626024836,0.6862285126797645,0.1437112592018453,0.1475983873342764,0.7897387332158778,0.6518694955567533,0.3647541248424803,0.5743857877090537,0.1675875284101165,0.270157934232899,0.4948039973605764,0.3053891431193114,0.1580120813658781,0.1943276501189407,0.6030426718170034,0.0820524329442264,0.4514550479435156,0.2832813498472413,0.1652792075741823,0.2047729797902082,0.0985808257317877,0.4812052159128323,0.10823939866633253,0.952154010542028,0.4273063922399755,0.6696419682039492,0.5706252343849837,0.6433063431216044,0.4106041273823763,0.3852912285367384,0.0454584315622814,0.5436929913936717,0.4231685603653032,0.564930747595844,0.5655635411744055,0.5785010883809568,0.4614840979929716,0.459725138036812,0.0918510237931673,0.4036935796898663,0.0838665453509744,0.3364116088010752,0.1070316889116551,0.209094071564108,0.6703300098454867,0.5989273602820173,0.0441518682914131,0.5771212487640202,0.0566707326946187,0.6318563896451933,0.1741275988498119,0.1123041451357405,0.4063610079200216,0.6270858032219397,0.11052824612376606,0.6073505732587872,0.1983426446236844,0.2292681142945737
TARGET-50-PAJMSE-01A,0.2488925733421857,0.5096362174624206,0.5953302207973444,0.6449381090258508,0.4719781227933352,0.3337286127782904,0.4626971938918624,0.3707987659560903,0.36124386336091946,0.3308038252537433,0.7342409028109612,0.9677004489155115,0.188083994671054,0.6223119307175885,0.39968175225656866,0.315217481201704,0.1556456539873489,0.4827569520907143,0.17931874472761877,0.5619724100503469,0.09939947945381,0.2585974990154149,0.70463789550579,0.5625174402298343,0.3631298316860911,0.2664209961966378,0.2934907900605581,0.3516656083244903,0.2291972117109807,0.5871925875271969,0.1071083774129989,0.2040666643955261,0.5044653909730981,0.5665033521548264,0.198372366157761,0.2108597051634647,0.5542696851527287,0.6221932418701758,0.474405345318304,0.8952610729032155,0.820845630614297,0.38057436808562367,0.348804852952708,0.17228090597899132,0.1886545626704447,0.0417646081567299,0.1368515719059526,0.7288330273323591,0.0850509081455912,0.7160781223677883,0.5993488149943779,0.7404234083751067,0.22254194166245597,0.964470076469342,0.3222970452269173,0.3020129288708209,0.6016606375758711,0.1825819587353811,0.7702747022139316,0.3621711345638457,0.7536026655954747,0.3111522769368859,0.2325548387519302,0.441279773437838,0.6096342592581434,0.2662989164052843,0.5593208143779774,0.3523938081876014,1.0,0.4766298303950915,0.6480108549066625,0.10279839054993982,0.8448631811559981,0.7499539109994003,0.4310699976897305,0.0752258103934136,0.5385174097393657,0.8069307483529299,0.3053600582696596,0.6009839218378524,0.2324948830678035,0.6208009469378656,0.5583167698200866,0.1173109713810176,0.5772927754802756,0.5869721802833866,0.3693192958062439,0.417101793437319,0.1371982499635533,0.6544891612134598,0.8232764128313809,0.0323995076427059,0.9083366029498162,0.36946841843836636,0.6085568225581843,0.4068148024195458,0.5095643656688834,0.8866330409603791,0.4999699376106901,0.7057984456215484,0.1409155877422467,0.5859511937063553,0.4473495217233766,0.0410170560549919,0.0378943138904138,0.1368974578433129,0.5603787671355093,0.7357021532265436,0.7376985917146847,0.461415626386845,0.4149600560496269,0.4299818742618789,0.3307010360223516,0.4749664152490366,0.710114073014466,0.7598280562596895,0.039990195769005,0.6368560623758337,0.5937213827787348,0.5240047877245715,0.4426973023281592,0.625834152744925,0.1026177576094955,0.4348503308221731,0.7687573613744332,0.4303222062582463,0.5834371074085896,0.5003003710876524,0.7050390215238616,0.3890776540263603,0.22619498633508073,0.4753287206967622,0.2039531649758495,0.7539161037677002,0.3475830666877556,0.7196288671522615,0.5310826544798901,0.5994133167408958,0.5451877144085557,0.5511900332627809,0.5811191770735612,0.185056291854691,0.6943501581340767,0.3269147277675304,0.56897786334273,0.19737369971780028,0.3756609755195625,0.5374228487646221,0.2772681959544562,0.4385914688529431,0.24387226894820963,0.0813425338729298,0.3602677257265103,0.5965226816758222,0.4408093640684654,0.30195770226858887,0.7094727683509215,0.34678169932623737,0.9519804592025884,0.3336535749999757,0.7883005375320223,0.1975847763416493,0.36216956112428655,0.8620180835077917,0.09341317748936859,0.2423868447629131,0.5290695399014919,0.7597377292491754,1.0,0.757161028438176,0.111951016987621,0.1755470926306508,0.2027777400690056,0.5041997668390537,0.1796029325661026,0.7213767114539851,0.6101575972306577,0.8700279911670318,0.4084581004955451,0.524940516655543,0.38281539523537134,0.4119689304144073,0.081147230877256,0.29646314692437853,0.17479789103262444,0.3735388439930937,0.7804662406808889,0.5325614251753614,0.5051584980795285,0.6126660921094108,0.2143228452161591,0.7158860927749274,0.5266719663408428,0.0765509996266987,0.4189750097738801,0.7017835773336942,0.08339685754413576,0.4796026375784198,0.5749549101845155,0.7342047452913163
TARGET-50-PADXAY-01A,0.316422117144077,0.2801383224624347,0.3150205628764706,0.6219171873198325,0.4864469235816875,0.819041109069905,0.0827059472394782,0.31344182782053187,0.3584190573643146,0.5163752075081012,0.7018176565778681,0.2010696699911624,0.29499806416285407,0.19989770346321856,0.3963394474478156,0.1483583575328508,0.024539326185328,0.3464527206918163,0.0851504223620675,0.4826679868261349,0.179285506090809,0.4030816111334238,0.3248497322120496,0.4454332474160674,0.2104492227470204,0.3656807728043352,0.1869190864290413,0.1318399344892564,0.2928938648862662,0.5264371347002129,0.1217049440727126,0.10106823640458,0.2975851104108962,0.3884349086646533,0.5665814479521024,0.1290831160685793,0.3937472284273291,0.4718262495947928,0.3066361434888258,0.32232724298533505,0.4030926935754172,0.29479165490532533,0.2875334382256949,0.1363170191239756,0.2552591261105457,0.0966702912374935,0.5025307840094475,0.5121699998810725,0.0966415164640181,0.4106317515481851,0.4240691414689653,0.2801671077910901,0.3051926595201981,0.1523682070492908,0.29568588749079533,0.0539840433237382,0.412855972681682,0.2911247859538897,0.6224213466612489,0.0752522442132661,0.537159226542396,0.345897266598086,0.0741636102933501,0.28966483639610985,0.4824712655314281,0.606098697192945,0.3278421305382394,0.837090674456256,0.8140020325361812,0.5904636449358225,0.095220873864716,0.04920211818790737,0.3306656007562616,0.4620502036258257,0.3809044333898929,0.1356837838747598,0.5872278092110013,0.3216625269161055,0.1454865593829048,0.3467399120997481,0.4785206359695323,0.1109665911992993,0.0997977033732517,0.1870509642348555,0.1206777937322837,0.6235056154555813,0.588553572400204,0.4166911496652767,0.0364959134040322,0.1033970285447825,0.4216247139522383,0.0103324638240412,0.0294967851533575,0.09068286098184546,0.6476802810358961,0.2414111043028228,0.3080409851075492,0.6821061751475556,0.3608520204128173,0.1637139963322247,0.0862650507563937,0.607611700199848,0.6005383143515935,0.06479843719664738,0.0120848017731439,0.0582268565423903,0.3779809175588215,0.2676095887112797,0.509257543583567,0.1634390126633835,0.35086462298260995,0.2017873194831444,0.4536710882983505,0.4793490372046994,0.2851647200328734,0.3067712839779367,0.03429796009558017,0.4359747603805076,0.4464565491613425,0.2419232695364106,0.4966444618333719,0.4474859971870489,0.2429702193705258,0.5297641177654122,0.247173723688419,0.5476558195615822,0.4421705870524803,0.3159247287385696,0.1771370837050164,0.6706448163735407,0.2931593413845063,0.0849638005467197,0.19117360249020923,0.1877780170692576,0.31846262140809417,0.461325167162055,0.6404227829996607,0.1145685930911609,0.2999853162004557,0.4267634119904883,0.484493518611572,0.13102246628866066,0.6204401875333432,0.2929353492271389,0.315722477159836,0.1143198045257509,0.5041060550852412,0.3235187032495545,0.110213318259796,0.7256268818373124,1.0,0.0259407889115596,0.3350539934902344,0.3356234465916605,0.1742542121815577,0.2114782458905964,0.4951545399089195,0.1736979996454852,0.3478697562328748,0.3661757221072257,0.2211645241082779,0.0353177765138029,0.3873510528855644,0.4857519209319423,0.05624529682440477,0.4754094373129071,0.4780918235126088,0.6104417263445356,0.7440541070425607,0.4652913180509118,0.1272075311982848,0.316631933265622,0.1786186228149864,0.6295303787438384,0.3594825001633291,0.5137642823732451,0.3217428810238459,0.3624100106754494,0.1925695724765239,0.3403683999433848,0.2240630765337947,0.4888411678501186,0.037956826811523,0.16769568917214026,0.0328087996565563,0.21079377836587304,0.5111045812144425,0.4120795069699431,0.0934657380365832,0.4838637391530452,0.1731627867123869,0.518743714842687,0.4055097467384469,0.1812514091675197,0.3149749113917817,0.5294315403366758,0.05717715760638255,0.3386757530510595,0.0431158212176973,0.34676270853569385
TARGET-50-PAJNRH-01A,0.6607070211123779,0.5447950023174963,0.34716575510357284,0.6189018674162198,0.0818057187048079,0.26754269205326764,0.3599372042947173,0.6318525733293049,1.0,0.3904086373032503,0.2938602535231633,0.3886539512410036,0.321245159587947,1.0,1.0,0.1265996308119676,0.1149222893607908,0.3776198758538436,1.0,0.5270030052993323,0.1858979752383533,0.3902259111508174,0.30949468174238876,0.5188075363769412,0.858054963861931,0.4550437988647228,0.2809659047010641,0.8921786831957189,0.2565064254404341,0.4505695214500667,0.14892659451921675,0.15588141851659634,0.2656526924098379,0.2942783362311236,0.3388175720940065,0.3052473810800762,0.8164532909535083,0.3381219421781615,0.3515779360876419,0.4551227061533633,0.5465997034029804,0.37027688417702753,1.0,0.6712372369784649,0.3457938605416812,0.0399822798964826,0.9249311985033916,0.3505364828375633,0.1452659095640482,0.3141509231449687,0.6404118585329639,0.3274069028371378,0.8522584489074191,0.2314072101338092,0.35492502235052337,0.940246432332561,0.9962490463992312,0.8129735456469783,0.4903340042736249,0.1454574529043805,0.3026602109468752,0.39312373070089135,0.2676462231839923,0.6350030487205557,0.5867207278641051,0.715510684242862,0.44492732874422913,0.4753121398230323,0.6244724323152773,0.7600662349683506,0.2770428467943973,0.10968782581041178,0.6263859104528027,0.3685627126274332,0.7362622770938266,0.1284847629232319,0.6488408354072436,0.2012654668663672,0.2959047251629285,0.3280691279613915,0.2225730325167441,0.30607190903798426,0.33520644959779955,0.5918304228479899,0.1501683593518724,0.9587474627330826,0.373202334518721,0.3613088346080311,0.1709172407191953,0.2884808338739777,0.9411524274735936,0.051920706328934876,0.1381390040217978,0.23746790015249275,0.8868674715195848,0.32301497334371276,0.44491002463290225,0.4376764505396079,0.3721657609265982,0.0876890316617028,0.6274477817919387,0.6760518059342224,0.7446901169268986,0.1018792621879733,0.06473357666302636,0.311847749588733,0.2935981704138201,0.5172710734900504,0.896134270847381,0.3413811469364807,0.379986793230558,0.6175535072090025,0.8160598374948222,0.529538463424966,0.6898474930278536,0.135324931557018,0.07601073008676275,0.5079743755563042,0.8137134377080458,0.5682441838446242,0.3177746121649806,0.6621852682019981,0.23159834645328647,0.5125378951763051,0.427100204015182,0.4154205166179038,0.2560125817919416,0.594215401133668,0.4833419485629321,0.7248028336078935,0.2696779661589774,0.7638110362895667,0.2147111947502252,0.3728454437854876,0.4690851724679718,0.5800524796793858,0.1200019052658671,0.178184309741644,0.1897326253599426,0.4278020355542873,0.6217544523218009,0.19944028722707202,0.6694601896055989,0.5434515613748445,0.47515023419470526,0.6799803001199839,0.5266707228894125,0.7011013212303863,1.0,0.8238717879703659,0.5955614966761612,0.4881743728801143,0.2163482910448417,0.8060998163986168,0.9332597902759052,1.0,0.1647123536819813,0.3441989040023381,0.8705369312611094,0.33290453671789766,0.1805597042571257,0.4147692464005461,0.5510958334265944,0.6121572474485726,0.0843394989781593,0.6504896996641089,0.5150537242013676,0.4334674515048913,0.0671547625214719,0.4995598764851,0.7932256048642369,0.2998322844320812,0.2061753203971127,0.6647321465838851,0.3067596093732923,0.5072244462476545,0.3746468687326267,0.5363875025020183,0.3171853544665566,0.2165317851029954,0.3931108526199513,0.1074488180884046,0.1198763849326396,1.0,0.13530064591218993,0.26887648556408716,0.5397152727682545,0.2938449633138577,0.29851309678730564,0.4966285030503043,0.3347118502090861,0.3225887795143017,0.3623486407385605,0.1307481699051787,0.4715767727958541,0.7265796785141128,0.10472664583498062,0.3883885881848519,0.2309170135025308,0.397628889070408
TARGET-50-CAAAAR-01A,0.2874469065141815,0.3383051523334122,0.33106288256664657,0.6297209798328292,0.7661341994212575,0.2611085225013325,0.1918535011034015,0.6957164990718028,0.47588222711481715,0.2560962580376038,0.3478439124467126,0.4413674522809035,0.1391394594848033,0.2651635135828479,0.47091387259008743,0.1393955736671205,0.5131538086006117,0.3571305548561415,0.11733881651625697,0.8745401296213384,0.27504414908706176,0.4234314358136093,0.3858616466441364,0.5721319978154826,0.1424264598496888,0.918936945848944,0.2577358562941122,0.6933910305818964,0.1695539070651065,0.5734411506165851,1.0,0.2676821785895032,0.3320834042783531,0.4546590468912513,0.1467505188423148,0.2856283284780476,0.6535087053611555,0.3596782558762655,0.2795341064509362,0.3857037119803158,0.5464068583173771,0.3211594994408891,0.4724873680188358,0.26346354895871615,0.4030922713197394,0.5674376414612851,0.4720272325273676,0.6832802278530776,0.062918364791039,0.2649147223575264,0.597390382968418,0.0667889237947132,0.1415960815965349,0.3371523528264093,0.4734383242007453,0.125227121640814,0.808592410457311,0.1350692018985883,0.2619445245950603,0.1601594330229876,0.8450486333817472,0.24088274596672,0.23959378917518223,0.3574945482157274,0.4870375670837489,0.1672606272701552,0.4136631723157863,0.6029526264975562,0.5333007884613501,0.8245468480379391,0.7113976234349768,0.10389955678826121,0.6211241033201558,0.3033341253936593,0.3188939419516445,0.4049490564492391,0.536269123873403,0.3869481321728944,0.7021326915927557,0.3968462916941417,0.3049725784211224,0.2574098929724051,0.2565328665831452,0.5042647418155083,0.0650417406405123,0.3043996102604932,0.6585476646706341,0.3240819304252725,0.0807562372164544,0.18020252971129824,0.4461811541012768,0.07472754548357644,0.5354227988830399,0.1559577700116956,0.5547990537898153,0.3456806978549238,0.4319134039216157,0.3676349356507217,0.2964219047013753,0.2166394953934701,0.19605813092077828,0.5576634859818819,0.5842200368284348,0.08815689261552317,0.06337018245198056,0.321696145646314,0.4149055242826605,0.20808270454325725,0.3609123938895439,0.3272814945560874,0.37311272676382,0.3321316119251486,0.6537385800947443,0.7388620064517261,0.3357539833673785,0.5247376543469445,0.06900608999229761,0.3859283121775587,0.4883864950698527,0.4727202511138244,0.3361158172958021,0.8410756785168744,0.1390049301047977,0.5894605267377839,0.3249431827667534,0.7449728501327884,0.6399203203667231,0.4411537442242031,0.5209674846575484,0.561826998939928,0.466911995378919,0.197091057487562,0.0929968863070258,0.2616667818404696,0.3672258297445454,0.6137769439269125,0.7587855450694982,0.0745897704987862,0.2089096783757597,0.462220533717366,0.3154290315202854,0.1738338128229962,0.556274115863755,0.6385798853759985,0.3370691184469775,0.0744277969465589,0.4795548930906064,0.4542579920965353,0.3385786189186975,0.5361063696373458,0.1536765503533261,0.1529744828323371,0.2714552213961297,0.5542908072820185,0.4042185816727942,0.3107636557461483,0.8781098017570556,0.2665949372744568,0.4674412459927807,0.32402158896029626,0.3204404550473275,0.2082711753835497,0.505993180710463,0.5857604203593725,0.07822612048414385,0.7548067132581139,0.4834584074965211,0.6590308049531319,0.6587719828192479,0.4578669208903083,0.1516476646346568,0.4108342499681228,0.4897673619811548,0.6362042609095135,0.20494136569874435,0.5612549724363725,0.3583473106937386,0.4566696665632067,0.4261078193447047,0.3987695539303665,0.7112148253446879,0.4455098249107925,0.3239878870092956,0.1975239652753548,0.1393582044660594,0.2911840221169092,0.3478093850936705,0.3193365687419572,0.112947095087205,0.3962766484146724,0.14964558581109597,0.8866373134311774,0.3632042283663097,0.0566303620343058,0.3174456225755224,0.5279387034109786,0.08452775255664653,0.7493070550188967,0.20667413949395919,0.3614034689927452
TARGET-50-PAJLSP-01A,0.500594744469779,0.4655748740747635,0.25111395831675026,0.5876783197357983,0.6215558716186045,0.17985725788979082,0.2323665940627774,0.21148590907439543,0.1157260813897642,0.3126027572660182,0.2948580737625098,0.2732212516704963,0.2258333005889874,0.1343451016405737,0.2558575872434044,0.2162768594526694,0.1405750354777583,0.2720327735489086,0.14698365676919134,0.7757366377923267,0.4311291878176764,0.1651278986821009,0.0467804973863056,0.5978623176642575,0.1413158590658232,0.2801487872286525,0.032515083155184,0.2473688982843646,0.30508410757361754,0.7120129063047157,0.0603554000658001,0.0839000536737953,0.080186928181226,0.1865854342098127,0.2381865946297282,0.18695938964637937,0.5192976999937582,0.1402874788496309,0.0616005558449758,0.0991836514700887,0.3763276612531159,0.31714939156370925,0.068944324186699,0.2897869142418307,0.2662453015878729,0.0171711184499152,0.4469541105479444,0.8415106251616875,0.0479260512676181,0.051753004755316,0.3587027042882514,0.0189904860171999,0.20794861626040886,0.1351534079003943,0.1139942911386768,0.1516709341899269,0.6459191877107773,0.2948363724623869,0.2996308043563268,0.0479892451441186,0.5896746472985009,0.269326918531535,0.0459664940392112,0.1431958314412182,0.2385525909712575,0.3278377509288667,0.272466943477968,0.6976824558301546,0.7281647570476806,0.2561791402844137,0.671488768505826,0.0099014706111615,0.4752150056100177,0.3497602324054907,0.0852047482031733,0.0791019471095024,0.8388418643852678,0.1277101152487924,0.1614921779595696,0.1557799239424225,0.14050943441470937,0.4676647850667589,0.1205297849627043,0.2850734517073472,0.0173783957765221,0.6074758131127179,0.8666924132802756,0.0633055227845895,0.0229618940765467,0.0650536291828404,0.2632206527232303,0.037851530086207744,0.346618447631789,0.138240557020151,0.7389259311588301,0.2578316350656432,0.1154022324836045,0.2800341495250263,0.1219752796607582,0.259523621495801,0.0542748152662316,0.8377737780520618,0.6231874281750908,0.0081073792004344,0.03485080629803459,0.0703229659690701,0.1896235862271623,0.271353779795546,0.5017773392636794,0.2365668230044379,0.1598253305103061,0.2625302444525941,0.4259107469884315,0.5000373738114312,0.5401881339741378,0.4528394121791699,0.042281181201416086,0.0642355665537609,0.25562883371232,0.3526339792738316,0.2979321761446735,0.4112432616884416,0.0752728399505779,0.4777211522429797,0.4553721832995084,0.5406464785721594,0.3082885670029193,0.2412502935814712,0.2249477391657245,0.713826925761802,0.1732388850542597,0.2801487872286525,0.024847685198958,0.18687497106652654,0.24799844356819709,0.6286850451949899,0.5001085520746681,0.11508372011463221,0.11680933796902,0.2395452791795751,0.4483565198928064,0.0150437035416149,0.8390820862850743,0.8127433727643472,0.3645306789616297,0.0198862407336357,0.6109640113125703,0.3172795099504704,0.1320608273634783,0.6906838102791268,0.080010769804171,0.3528101027929866,0.2508218773963852,0.2998655161235248,0.4008054179216616,0.068944324186699,0.6622055381208043,0.3406866477654633,0.4804026354814875,0.18178369927525337,0.5240539178650596,0.0624051690449001,0.192093492511278,0.2770782184303754,0.0076258554959715,0.7658267811050788,0.0789661233048727,0.4098914922179861,0.5850263930791183,0.2234694390740557,0.4991985090840556,0.12342568213733442,0.1408459588798927,0.3516717400887535,0.160922162011538,0.2138188539641566,0.1008063811507936,0.4523082309883025,0.1772574564770417,0.0933611466861957,0.0497495520214509,0.3789618983862243,0.0351257346520506,0.1504575606471916,0.0396245347721005,0.20229991947837286,0.2460190184848269,0.5767760523785289,0.08991497625975368,0.2145309082653909,0.3658531608826637,0.6787135433608195,0.1190175811991023,0.1236158226948177,0.2913403342468529,0.2807258776785013,0.05315106549515871,0.3410110795828264,0.0267231210988751,0.3687177235138895
TARGET-50-PAKNXS-01A,0.3043169431755843,0.3276914765059641,0.3641048623505651,0.4914206409222,0.2975745361590484,0.3689497463956724,0.5290808195439116,0.7547128882653427,0.4720710250883775,0.9102200251159848,0.658013049174328,0.19589934574344317,0.3837095431239511,0.2723634504608502,0.38573687954564123,0.24764039305282,0.0465295734469197,0.4069132786798384,0.20266733109902724,0.5316129214572034,0.1153788998554898,0.3720494482472836,0.4828359465497002,0.6229323961100286,0.17205035031279148,0.7321749608492016,0.3355982050112044,0.232667343763959,0.4675844829046401,0.9275545205551056,0.8000056863744673,0.764523619254012,0.3016290189892383,0.3048786086886006,0.5134922940679989,0.26539771612982965,0.7679258591241622,0.3729021824114068,0.2961704899373494,0.4170013602019725,0.5532096746852482,0.3376769835788784,0.3303987671656416,0.2026129327900888,0.4413194261015377,0.1997652471284261,0.7776856915993297,0.5377047653546088,0.1735120798763235,0.3032461034817641,0.6847246677472113,0.2315635908768256,0.24958677527731313,0.33254695114456423,0.32292223882228704,0.21995962053462767,0.4088880488373561,0.3724848575848071,0.5927815086168812,0.0988538320868947,0.5754185890121755,0.6475627342800155,0.2699402612438939,0.4315522065009129,0.3669409749947313,0.6179559790010849,0.430359795595464,0.9278834238242248,0.5983625681499314,0.7381535582217397,0.5897935564500354,0.05615113847228979,0.5025859670543664,0.5611457240538276,0.3847495546766677,0.679027507662291,0.5056537244578396,0.4532844837658045,0.9937935625525874,0.379076801509658,0.7405290652234365,0.3617303687570917,0.21053766519091827,0.6666424260974642,0.1020553947819569,1.0,0.6806098954629232,0.2827449222324475,0.0692007298986333,0.1960534530383403,0.5107405704904747,0.05770484213721292,0.2070972251626717,0.1336415847267031,0.5572666768822696,0.4577450751388699,0.39974358319017594,0.5310933902887196,0.3129183961402844,0.2839859391897538,0.3872625146333109,0.5692798695659356,0.2338773386525809,0.07237144591972389,0.05898818210234533,0.2119337611032252,0.304173942450804,0.25198693153478474,0.8690961657975775,0.3272415768003056,0.23492596199839197,0.300160331482595,0.9045784504809564,0.9193754669274452,0.5756932301087591,0.547262044091946,0.04745319149194114,0.3858931589070945,0.8394193601979197,0.4169680202865787,0.2880205998826056,0.6548318121807636,0.13189220835375323,0.6169066191333068,0.3719602789534478,0.3747566594347146,0.8165486263254053,0.4212358291792006,0.1498021669847933,0.7769666167369501,0.8575065998140999,0.3092507285599618,0.17718103691189752,0.2522624085862122,0.4673843382268671,0.5250545733905647,0.6576219624813936,0.1170369734878797,0.2751143059710802,0.4019656882957562,0.5684431320560115,0.23044381596128638,0.6514882739087764,0.5336518877165533,0.3937827400144191,1.0,0.6432088567784653,0.839900576656328,0.367289905773312,0.5213748647142709,0.6940374880709177,0.1659466376366256,0.8182452087793788,0.3889201172130963,0.6342494300517658,0.24218760899870648,0.5922344030831633,0.28777796644650766,0.6889056429527481,0.3333542198110808,0.4266303762711149,0.1285494298481349,0.3956965315180053,0.6400342622292184,0.06324046442593986,0.8573089176301091,0.3674998231048724,0.6378485331590535,0.7483535250088321,0.5097699642127163,0.4311027251504302,0.2037679727484518,0.7382704218771969,0.8421790182717832,0.208475827883245,0.4955650081489016,0.3156038399360072,0.4615077523796479,0.5205874602583864,0.2922943573474392,0.1024799170555293,0.3908565564606641,0.033181082127784076,0.3240848510410768,0.1194172710222482,0.4087490021694734,0.392118814643247,0.281674281056729,0.18728376340941874,0.4833593032379512,0.1991602044264116,0.6066950864112151,0.5162271287189898,0.2103765317102764,0.4677210719213902,0.4056165873915556,0.07210938328446012,1.0,0.22309535958166007,0.3335600183574731
TARGET-50-PAJLTH-01A,0.1974282433844667,0.2051246718288116,0.25421749616789474,0.4537277895530689,0.7459478923595168,0.16158509741933466,0.1554753803917959,0.2217794882278972,0.29145006292056536,0.213166518482323,0.3894547697577405,0.0480050296341644,0.2390407789772221,0.20584384388650698,0.0735852764822046,0.0156370956975918,0.28389045537907803,0.289413581438193,0.1600706448465079,0.5161373959844129,0.1693906815507948,0.2368018338744504,0.1844359163596064,0.341589549814274,0.1791795335015233,0.2532681819472372,0.1833020579233455,0.0823622512929882,0.2912926223340781,0.4960236170587414,0.1018205937443721,0.060775711305312716,0.0664804793044925,0.1403035642517261,0.4387597192433848,0.0444838125733113,0.5426211463491868,0.1662380774161917,0.099831992138497,0.31523383481295825,0.4202553410697943,0.2108370853700159,0.22517290217108113,0.4080951671063409,0.2514558894639241,0.0297510952196122,0.334108535202902,0.6576339651409733,0.0179426820985328,0.014884292487609,0.4398864319121321,0.0202351279036907,0.0403795217329992,0.1021474908540553,0.11119311045791701,0.12100724570688903,0.6374192918097215,0.4457544033873203,0.2200523687279176,0.1082359120831723,0.5853068394981172,0.1820263816017129,0.13760097711662989,0.0784331153054775,0.2610158157391629,0.4258316369831128,0.31456841123686125,0.3416114709427176,0.3828954403131837,0.0610033717718316,0.5465900076337054,0.08143309366915318,0.2987713990042766,0.2295239528130891,0.0909402627132681,0.0158699399092012,0.6077156563478887,0.2121640937000917,0.2210501023116181,0.1477567892134628,0.0781228649347739,0.2711586263381814,0.0660181684520953,0.0247483949560718,0.0685157390148026,0.490853044739017,0.614872563188495,0.0670841270366191,0.0244668231834137,0.10817685689939496,0.3629614016510594,0.055674226978840995,0.6883393202888353,0.0242888940586475,0.4743251083643383,0.0831935782462636,0.2396113588257149,0.6315946728741428,0.1217930071313824,0.2359340746803506,0.07284939205104354,0.6319921901065568,0.4430008984038424,0.06509427386832774,0.0155518922985218,0.0385182253069945,0.1866722777233709,0.0638913180542654,0.1716163600285501,0.0713858972829186,0.4623860952288068,0.266470318124749,0.556865552734781,0.3418117062136757,0.462829840925243,0.5853311855930879,0.06027172812248944,0.0558688570419731,0.0527047859364373,0.2788435583205609,0.148755022478002,0.5247934270782689,0.11188743125051276,0.3652900611024866,0.3097492625454366,0.3915127432982387,0.2022059833280086,0.203189787224047,0.1226840197294432,0.5549822266712819,0.0420891773880805,0.1093396400023796,0.08900404171214894,0.0460524240670506,0.165249846047064,0.4516996220497736,0.4903492837982782,0.0212710636124613,0.2184814580413508,0.1809588722788684,0.3322766732333502,0.06092555198073251,0.4785212932403637,0.495682404631903,0.2979261839730689,0.0603152404070693,0.4676792287060305,0.405159764343272,0.1402991032979385,0.5135078722280368,0.10736542620428731,0.0633890670278753,0.1621988535087851,0.0186508618389358,0.2453913611915495,0.0735852764822046,0.4641451344702541,0.2524460022320842,0.1506491760605156,0.17163104558185655,0.3190916254404661,0.08404150445892873,0.0719164708580016,0.3751415679361671,0.06426628484328398,0.7569456583804296,0.0908066254891558,0.3546826206816924,0.3208684320151851,0.310132815046827,0.4520514007505381,0.1176090195715313,0.0942393596713926,0.5618976800543647,0.0378897579492201,0.2642672372099382,0.1592479846350191,0.5067491003191059,0.0663621163655308,0.0821623626778153,0.3749851909141946,0.3251583911102653,0.0200260588593887,0.27611544529649074,0.0616758622210237,0.0526092212225008,0.2696378052756898,0.3831884489210638,0.0809691215756081,0.1902135665809386,0.1527154579903953,0.4866423175771286,0.3609819532431715,0.11274883360845468,0.25075900649340993,0.3899780327195284,0.0085063217348183,0.1214069270530148,0.1285237428493294,0.25416443232798697
TARGET-50-CAAAAJ-01A,0.2721378320664421,0.5031426241969549,0.3057963229063738,0.7138613890472978,0.7906117801006407,0.23414057993260537,0.4400185764136075,0.1510369006327995,0.39022211081440833,0.6372072318942761,0.2269193491505695,0.3860806976122294,0.0767898641162379,0.1424080624625574,0.2704788932349791,0.0302621476372951,0.0163658605616316,0.3743513457385642,0.16042571673544806,0.8752154084779409,0.0770788048480644,0.3812392400083251,0.4118515018783511,0.4805862802644558,0.1487432339948664,0.521773515423816,0.2791056469279854,0.1618380311384277,0.5048542305482888,0.7500493548356119,0.316816555024742,0.369001453364812,0.2643784834102908,0.2930788466965673,0.336574282030701,0.18144831537212275,0.6729239366427808,0.3772796964602157,0.1782723053199846,0.36375239790587366,0.3919566109073095,0.3448598086941436,0.1424080624625574,0.262892631618762,0.2640754330275855,0.3820957278467052,0.2321932255543487,0.8129785381052146,0.1665683709866454,0.2516452597455528,0.5376475507835973,0.1305145028472938,0.1484238270184482,0.1016179829780919,0.3432338913074687,0.12332664107888959,0.8282297746426417,0.2582926722494171,0.2011488991452358,0.1204773619781272,0.7047823456166115,0.0522945530475,0.0949461675277925,0.1517899845936785,0.4643102550957811,0.4113910833533045,0.3715376869378721,0.6213847018431148,0.6949385327968303,0.6598590608274918,0.5691922523250248,0.09477561178500632,0.4733687717506034,0.1648235337376994,0.4780699147508235,0.21068609044916012,0.5709783984135379,0.3893036064780138,0.4285842634525211,0.3571212975963672,0.2552121661794699,0.2698221659568049,0.1277635949205578,0.1659559602276641,0.0975073380602818,0.406954197663084,0.5502770764557541,0.2243056007811124,0.1011505261433171,0.1873164114855279,0.5265690794495981,0.0811934478623185,0.8396482508197755,0.1628746730252868,0.7202877486585999,0.3179657807422105,0.30893986050054184,0.7030278450357815,0.3196529776662775,0.4011484646842576,0.1417264769139607,0.5955867749224855,0.6643995095605791,0.09512985025111627,0.015471275051937,0.1660595783760205,0.3628077536938746,0.1236475453684993,0.4964677123519293,0.202032764411203,0.1694175327009963,0.3184523845426407,0.4703520225950285,0.5884456731854736,0.5663474825666593,0.6513655209002824,0.08653244522627578,0.2312888747576535,0.6313222478102393,0.4016227765313413,0.3510229329168746,0.8055199928124676,0.113806256281382,0.3756756615355485,0.0671076430638002,0.6894573554337778,0.7668068988649707,0.3977341419623223,0.29941426018974415,0.6637752308973034,0.4394593412802066,0.376896992055581,0.21044423333494627,0.2420960506483289,0.1643932308306543,0.6414446158960274,0.7124634059945877,0.5277574796988401,0.188476417452766,0.4158531176546238,0.8350582555144868,0.3822422549667076,0.4272554127086678,0.6362839298436376,0.2834546162286686,0.3245774259557385,0.1687542517516271,0.4671749236389635,0.254690329876902,0.7169571371608392,0.0848127588189529,0.0332100673100711,0.2094795242462427,0.3997476657064385,0.605984364890551,0.1424080624625574,0.7408922286536284,0.21368967215703086,0.3060125044429844,0.2498938843530639,0.14647190680679545,0.0858773695104086,0.3780624782299948,0.4517039035514301,0.09689007022731906,1.0,0.3693997041201284,0.6520708528364707,0.6624739035633024,0.4270072156831775,0.4814656469050088,0.0716713690215071,0.3462570507518937,0.6224559706985595,0.1991851883013108,0.4848581548164859,0.2421016367001873,0.5759626035072986,0.2439285770927352,0.2062110556464235,0.0684616471249282,0.4370316711343801,0.0812276145285548,0.2070485462836755,0.0797766362839377,0.21366175276108756,0.4479531424241106,0.2713081131682994,0.14220753965472402,0.4373539141646325,0.151962768828394,0.7482871670753339,0.2458369610186728,0.12573445016600912,0.3473394995921962,0.4005660976193745,0.09344818633508233,0.2762716529280462,0.1912605512275864,0.2993854637807864
TARGET-50-CAAAAS-01A,0.3022800432559936,0.1434712601980678,0.36055135754932277,0.6091661231103577,0.7544487912701517,0.1785391468608009,0.2452688937036022,0.2430085425710766,0.200938410368864,0.2309790160372864,0.3597545135771761,0.4358859909107169,0.504261148899223,0.24951179003775512,0.229125303580824,0.1419849337674339,0.0486395588034967,0.5857757327411576,0.0916366150156972,0.6420508045575015,0.5080377091952923,0.3424360473639748,0.0812262773281846,0.6151129925100369,0.1538000801937055,0.3232743797657191,0.1555750982297351,0.2648414638791744,0.2167607000644137,0.608199308574442,0.0367596319929526,0.1673092771764502,0.2371863756491102,0.2997619868796857,0.3364741963336148,0.1385109569134703,0.5912982555346511,0.317230270845687,0.1243399755715952,0.3759145847071549,0.6831054071601641,0.4267361868710585,0.1197099455858379,0.3290807860388933,0.3440612380472337,0.2383937852895436,0.6207191801391205,0.8503404425139283,0.0804359453290384,0.1497497940990851,0.4438675809612398,0.1234707083067083,0.27997956158797,0.1634967205964764,0.132886524860023,0.1368878769467885,0.6797158479953285,0.172674845820199,0.2512416938655326,0.080542005792208,0.674517590172453,0.2969474327195961,0.20352333982065957,0.3516108539432598,0.3868352554271159,0.5206647115080036,0.39153990215550327,0.530997060319583,0.60771772004634,0.4508450555334399,0.417854540237332,0.0171921985176351,0.5069115473138779,0.2391430145225125,0.1479433715737936,0.1100374305467424,0.7974931430689787,0.3510204118063981,0.3082306094767963,0.2591155001629155,0.0856008988972338,0.1194192878350808,0.30109366348561933,0.3343035423593433,0.1491297447041488,0.6086401470790951,0.640073046789831,0.2667216825514469,0.0391614646669824,0.1597362289032574,0.3386314295309354,0.030641472057833,0.2234813343689812,0.0756292629569169,0.5053597062346888,0.2590430420718739,0.4069876517664517,0.3264441104970999,0.2189126438702167,0.2724537215619549,0.10089177769099916,0.8045449349448011,0.7223291148490675,0.08000664744207032,0.0130053415697434,0.09604702660970094,0.2853641317278434,0.27946493189295196,0.5256308839814682,0.298187359523518,0.8807501772041929,0.3704864024754859,0.524330426858465,0.4282909456846101,0.5598583382306036,0.5743544480727873,0.06339057469794357,0.2043033422025237,0.1135330043721741,0.6031848039166653,0.5266568201183875,0.7748314683279881,0.0352184497307982,0.4598441336959158,0.3925242558845291,0.627203263968694,0.4701607885710128,0.3354407247419809,0.2189003233616428,0.6139492255498146,0.1886832053725504,0.0914357775920865,0.1838838134764074,0.3702667198723813,0.36120762706857074,0.7133902733411581,0.661187190034338,0.15777205801844008,0.1884203710028969,0.3492451364682364,0.2800874988590033,0.026120800422954,0.7327711769104768,0.8398144445776385,0.3543198502247938,0.0345290322910972,0.5449792355910033,0.4459403398228365,0.1182629660773202,0.6042909293216778,0.0712946343601234,0.1726490298966342,0.3853893456344194,0.2708672267426735,0.1875277387192198,0.1197099455858379,0.5948665645149966,0.7607161564250501,0.4468639538813362,0.2640328578159472,0.4806152555692397,0.0380080497527577,0.2239290793693766,0.4597162006235519,0.07816467402249783,0.6551078208715847,0.2903937272524005,0.5677386936533091,0.4747193501322387,0.4125120028338163,0.280346553016046,0.2130082775006344,0.3336479042371039,0.6181772120248243,0.061639788272843,0.3781577352319123,0.2697945676572358,0.5923666979701937,0.2974973047275702,0.290305603731058,0.1071270932127975,0.2254242963800362,0.1200180326644843,0.32044274608767154,0.0353079557312249,0.27296021511563545,0.3075321455310048,0.8088988771902121,0.1002921931880922,0.3554663996106048,0.5900510409283134,0.6125092928549539,0.4196586575535714,0.0723972518943123,0.2668201429787786,0.5691163332785962,0.08270693438696314,0.5361791873491577,0.10093008410594907,0.6980108437297213
TARGET-50-PAKUIT-01A,0.9725830214308732,0.6624479293958712,0.36637634539596353,0.8018434272282166,0.6778332661795387,0.2047179912654227,0.281232189812362,0.7100485066293382,0.3409452114201973,0.394339682978323,0.2448359178057908,0.2467584912408572,0.1095269988534276,0.37824769489086,0.36345576186331713,0.0803787888713347,0.9059809106228338,0.2811239745869842,0.16397643737898235,0.3449485763273868,0.2261003099386262,0.4533729442289869,0.3713331768941882,0.5443607550131733,0.3044749326884959,0.6922756957046683,0.1783867692912382,0.3377393703264861,0.2485438957377265,0.6777038412187071,0.4606351462367651,0.9610885704722044,0.3641731841013161,0.48889442869251,0.115518228750469,0.3217104703355878,0.7382250202765743,0.5220485295461142,0.4728914281367562,0.44892804452034496,0.410600112063321,0.2047981270782626,0.33111248789393644,0.6178075686624689,0.201794517674089,0.1952061948807605,0.2087956232789846,0.3648399802178059,0.2914226263693402,0.4042494111530024,0.6395189110506997,0.4403512211078336,0.21596026216452693,0.320576517862547,0.20987083314104304,0.25340083171048455,0.5880637957392556,0.528720815629081,0.507928801814406,0.4647310053739353,0.4893481243118889,0.18667301946723558,0.3548109227208736,0.38585157705433787,0.4813287172265384,0.3710735438638592,0.40767859480367474,0.7002128216145554,0.5369515094229902,0.3710155204399877,0.453371311462799,0.1789195769703996,0.4124622417040311,0.4537875364347496,0.3949474222242579,0.0815756694229924,0.6294363167689858,0.5133191703927483,1.0,0.4859518516569108,0.0758852096278558,0.3651139964244663,0.27588170134569395,0.5267257129281024,0.1999911285339872,0.7051438745549722,0.5373935241981973,0.3107827676293095,0.0646490523191418,0.25769370695058,0.6312894638607123,0.12720708997088662,0.7606274168312598,0.21528856679754926,0.4420562645898371,0.4017486734959463,0.6331286721148796,0.4104368061430386,0.4695332654690634,0.4041181134151697,0.3205354619438541,0.6493492948037898,0.4829804828435159,0.14649611589593972,0.12178242244456812,0.8526589056692948,0.4547166573767147,0.20385599166677792,0.6891236026846739,0.4883200892132305,0.253718781180021,0.2352947906956198,0.3539148287651359,0.3894447004442483,0.4594946628040818,0.7549135474692298,0.11976331555914271,0.4376081655726271,0.2399288720221221,0.681243249088359,0.1444942664783783,0.5228312607353903,0.1969606789023371,0.5215611911489506,0.1968512475755771,0.3276729840365979,0.4230271734834148,0.4766117446522342,0.293557283239497,0.8033338221540884,0.2163494531510524,0.3728204237715483,0.0732047536883987,0.38617357110888206,0.2344775239795341,0.5381753188684961,0.644927826791494,0.09171311311252928,0.321681296607247,0.5382174619395211,0.3275530930963907,0.08268279304217743,0.5039136964724553,0.6950795635728324,0.3574825992188388,0.689362935519066,0.7648688602722478,0.5200899982185135,0.104840137050003,0.4560325561969016,0.23395570834875573,1.0,0.1880966417291336,0.4893258037346877,0.4489690331516991,0.2031196157665441,0.4870285622760242,0.28532767838228124,0.4086097428456864,0.3391770968745133,0.1109717621936061,0.0644907189961095,0.9871621765061686,0.4351302115955441,0.12613554437689437,0.6685600436351785,0.4264190303264921,0.4431950070422179,0.4768488544391799,0.6007023980175408,0.2546508269251835,0.2770252962746281,0.9006821654194624,0.5924317478735142,0.1972191534165904,0.5877494442608058,0.4764234483915847,0.3778123829664235,0.33343274138951107,0.4122699452130144,0.0514121574975514,0.3265667641630301,0.0194524570474124,0.37447917301212563,0.234014035702998,0.4786416400442524,0.6563615591693099,0.4786501951230463,0.0889090442058632,0.5049411754550862,0.15740557581057982,0.5127616534879466,0.3317882488169395,0.3437136303540686,0.3298997382491164,0.4081611209727901,0.1371128057581722,0.4028806534961016,0.2062731877481307,0.29348105713046674
TARGET-50-PAEBXA-01A,0.2416361073292466,0.155945785538257,0.1841382451865053,0.6808524044266633,0.4691537203814095,0.0881505128580072,0.1210971327478405,0.33092890101135697,0.2733869945836396,0.2585632590456133,0.4653915319397529,0.28276577068856695,0.27798225389633374,0.27789536853710745,0.4369118308424108,0.1618405016300993,0.3370080406228604,0.2254193223527122,0.1435085742920386,0.7286845448712618,0.2170319333658829,0.3013193747106411,0.2860206438346288,0.7620016550820197,0.0490959422439875,0.5058634773098892,0.2060535755322615,0.1059790987141594,0.2018924861293441,0.8288007297634975,0.203370669056313,0.1007528368688545,0.3363035935817874,0.2711078605334551,0.174739866527932,0.1857395636803588,0.5457206235244121,0.3637020213601727,0.17132146151278,0.2343077728166907,0.4002252390371562,0.5591636460549263,0.6622887772966304,0.216848254988648,0.420742269312767,0.1478098836579987,0.4002185633651512,0.6755279695159995,0.074918622111009,0.2497713850781682,0.4779086931290363,0.1441930076250566,0.1686023367702213,0.3117667512760692,0.22626703038967316,0.0790428388627345,0.5933871809846427,0.3466751714709496,0.5738733321311048,0.0397661758893198,0.6881216848245144,0.1604411191330977,0.21782779432251023,0.1736015750411612,0.4337780724638811,0.4615939127087879,0.3303217004179565,0.5004165338651534,0.6625852793748024,0.4405663625834826,0.448498834252469,0.07131915132997078,0.6570342653673091,0.5153300695978389,0.30471257021148146,0.0942276068333447,0.8501489373148878,0.3146070242341388,0.4990000969224346,0.392230731415407,0.1632296602533629,0.1624760549096599,0.2756550100794525,0.2227427145629424,0.1397899593385677,0.6512672257460711,0.8696175846301806,0.3635781978100896,0.0525144979315474,0.14435234150222628,0.7176314251973377,0.04697447069242196,0.1179300310809585,0.0537603313111628,0.6183759734326539,0.3067214083864311,0.3556998717871543,0.34458416416289855,0.3791443025615432,0.2723955075064399,0.13568522627265955,0.8487044027772135,0.6656847866833676,0.06916966380352074,0.0176944330292998,0.0852551190277351,0.3173381763183275,0.1414151841664978,0.5136776567886411,0.3482326520607971,0.1937621286095397,0.189015783251996,0.6974374733505172,0.6013088351054849,0.4403543181679857,0.6327303269381729,0.05022229367172168,0.3884101249576169,0.6248468991449231,0.1900498840797251,0.2185707754662984,0.6048385230679892,0.1266146853263522,0.5286657459350512,0.4040029227347827,0.6711871491105772,0.3451887336006324,0.3310776811056038,0.2450420907732511,0.7307748850853154,0.22710111673312536,0.1244030565755487,0.12979891444342007,0.1019310953207178,0.28281413644185455,0.657104485222217,0.8125779259426045,0.0470807532193757,0.2109221263165658,0.4139919267499956,0.1990974940923689,0.0670424060887929,0.617212999729096,0.4503676089930528,0.2320496438646953,0.0886232185549156,0.6432738516642915,0.3093246086961336,0.0840660875113827,0.6154080041627281,0.2602078638920279,0.037982216071003,0.5264239964351762,0.3109615713526246,0.6844300801958139,0.226283053181351,0.7063548668466243,0.4511295406704652,0.395817832629857,0.2543843209304704,0.4700625956127833,0.0517118975551623,0.1591778238531724,0.4473715043261588,0.060120593324496104,0.5928751972386282,0.5089638269035995,0.3411974764243857,0.6286633665174669,0.3849212880184974,0.3963245151562736,0.0819702471200336,0.2984742247290968,0.5748340031448889,0.1795265373850414,0.410607824980491,0.2826024205121515,0.7219486074751422,0.3940243911002091,0.2254554173991929,0.4881323376229041,0.3284913622785763,0.0294249642231584,0.1246763061724777,0.0906224261113284,0.20033416521734843,0.4285543151589711,0.728245197817079,0.133226926768878,0.424410335054327,0.0915058667801914,0.7279069779744515,0.2811627114293252,0.0674313248182515,0.426113406004722,0.6766793842945606,0.06233643730047031,0.2874159601563404,0.0631297083196866,0.1921561026916801
TARGET-50-PALERC-01A,0.1497816707472381,0.4302292373363642,0.3061798546980225,0.7381653847484203,0.5689769019683653,0.2357620221517895,0.2508085693778716,0.31911762833969193,0.3936301434431416,0.7055464360180804,0.3239901089480705,0.15298591057674,0.0661328492284249,0.21329910145107359,0.234506896745241,0.2603801801538045,0.0269500694448576,0.1697438039979196,0.0938829478202938,0.7774957990029763,0.1941951122301382,0.0841671720966181,0.6460119178696118,0.5288870069983334,0.227494245061811,0.2576555855448544,0.2039563872596829,0.7144589635767048,0.5845663144926586,0.7440692898611595,0.2530108544682073,0.3503771591172342,0.348028641656273,0.4084620099204495,0.387556797289524,0.1417642406288564,0.6583619192497234,0.5134347361930534,0.2982258672289928,0.31968352535100786,0.4420740833945698,0.2817464725616079,0.1226444535634611,0.19082634674683868,0.2616426109234521,0.1212848258753531,0.2960991827746029,0.836327938798421,0.1472144241948565,0.4550818045594733,0.4970720206740791,0.2912620911247229,0.1286843888661974,0.2407075015736881,0.3501561987190015,0.0595203286360767,0.6343477744662471,0.3160306986679894,0.546224790635653,0.0823611381881128,0.7164853002478903,0.1913133977897551,0.1563502144455518,0.2885761867064051,0.4757753531301347,0.24290932817370345,0.2487367160312577,0.5396755496496692,0.7328160802212,0.991005610466052,0.3891070086233317,0.0336788150965104,0.4793596198508487,0.6584702047369938,0.32351402419131264,0.2421808270444835,0.5312062863401361,0.3848335490586537,0.588500875807655,0.3919166905137016,0.1946385134426309,0.1223466707782368,0.1100323676438972,0.1134513700252923,0.0591107928322987,0.7664827812688498,0.7128277817675568,0.3556382805798055,0.0702641813923713,0.2923503523810943,0.5212349036081416,0.0483926493431328,0.5651705982362578,0.1719651020530559,0.7696923073091018,0.26358868128355234,0.205288019135964,0.3712285639494232,0.2752192995127279,0.2118442790953441,0.3594044847496959,0.5442729022238324,0.8047672191986343,0.06912382048033919,0.0366475682233722,0.22495505170929167,0.3685397381636312,0.2036134868568763,0.5949549347922393,0.3453472671539813,0.1459055081775764,0.3305362341858304,0.4828032152950353,0.3922832912257398,0.6318578570323113,0.5847376589859637,0.0140610879305926,0.3063917036295031,0.3224918148457903,0.2266195179222027,0.4294896242007384,0.6583899216219203,0.2220291206243153,0.4053720169780922,0.2509892354879632,0.4760141351751817,0.5675716081017443,0.4208008337220227,0.2233815096176415,0.8486832184216646,0.26130999750587336,0.1791189558200329,0.18885800390146432,0.1467632055194032,0.1415784866117295,0.6191380074082309,0.5682137489699551,0.21682452809796554,0.4346846013483144,0.4823224890342859,0.5286541336925527,0.17501849396837968,0.8724192631737793,0.6002528761308425,0.3341114844892337,0.28550870027425884,0.4922227052141037,0.6953523890383345,0.23115986006858216,0.7739142478124554,0.3595675912375085,0.078666315695566,0.4379123497196057,0.3809950905245434,0.3673591851160208,0.24814637372501558,0.6815981697480128,0.23931572371442605,0.423218018393558,0.2957882881869292,0.2174356630190578,0.1373081490967404,0.5900534707881059,0.5478514589919502,0.0625387424244752,0.8974761368828473,0.4517456414181703,0.6784034718230301,0.5756519771462923,0.5099882597900649,0.1672126122542705,0.2176517096679359,0.4290754344261898,0.6650170100571267,0.2226803346531865,0.5024947500768302,0.4582632083560292,0.4667940076858513,0.2114876061393983,0.3498259891851219,0.6966042484638031,0.3960704912507683,0.0224583692670127,0.3310470828980913,0.12334890391387969,0.2411707197275053,0.5363731226302464,0.5901565467358144,0.0536836440061528,0.4144012260755937,0.1317526736099219,0.6930963704199484,0.34880283845621624,0.0740324258013938,0.4762104779128749,0.6680820589123053,0.0499921528428768,0.6821796931362093,0.2340144035279162,0.38301924486561695
TARGET-50-PADZUB-01A,0.1615270356002206,0.1964210801801642,0.23211849556899966,0.6832145480267846,0.9372982410811715,0.18592503151657133,0.0940145409295196,0.1341080286845838,0.38712288546057827,0.3801508284389419,0.4798379670848328,0.0824901526740177,0.2396027662474867,0.2414614435625401,0.2414614435625401,0.1316038469822646,0.0145315038143106,0.35731198385215834,0.2655793521521921,0.5053428217315289,0.2594090642946236,0.808419588219598,0.3628946589361332,0.6437971630698278,0.1045817680580112,0.6443083286858865,0.1636220585952202,0.7119426946810113,0.0830870046355896,0.0255228473912638,0.1065360090872959,0.0414639077682574,0.1442849281105228,0.244670102354032,0.3522103155181314,0.20621989401050228,0.6442760618504566,0.272541154793357,0.0746284324998769,0.247388304758045,0.8976463376807233,0.3553712636076604,0.1264463481813349,0.4324964123185809,0.30989540294906,0.0415626950232889,0.5632735105178077,0.836762198776108,0.1510079643312775,0.0701766725081752,0.5395665902979525,0.0178739498332287,0.2252167102012159,0.1462846719509746,0.1644166524970343,0.2264343247607989,1.0,0.4415533248519304,0.640088375885165,0.1084903757986793,0.6409287635210021,0.1963975826384232,0.2245354032633261,0.1347767037236261,0.2735901079047707,0.495782035289162,0.3843882646610098,0.5575070383820657,0.6315346305489111,0.494742324196203,0.7249238631489943,0.0181596500535099,0.6353039841656862,0.6413884494167015,0.1562685454545358,0.06643666328912212,0.7322945346377798,0.1340135140103709,0.1734340578672324,0.2034018993734797,0.0902096638605697,0.1261393343323687,0.20787062990285812,0.1166840821880551,0.0318725973328939,0.619857707840982,0.8795284622795276,0.1334357226812168,0.0914113521615749,0.1679984194308086,0.4260723955155,0.0224286784426821,0.3586025248427597,0.2551820633060515,0.7427040572323245,0.2933018165409486,0.2116518080590656,0.3440199093301541,0.181074785153299,0.30827348506441,0.0975493343876152,0.752528042973307,0.981144072208622,0.0283942080561212,0.0137371873347465,0.1014458549477881,0.1888540908763483,0.2096518573552843,0.4084837082048589,0.3107585518644044,0.7367619547998345,0.2871802491903602,0.5566534958640559,0.7268347412455874,0.8701212690654881,0.4754765534336976,0.0144969720898147,0.158900013866799,0.60793691763046,0.269387364048773,0.2468051686614694,0.6806924851292736,0.13655889295662174,0.452550205452859,0.3867146193273535,0.4833265047738951,0.2232504755323146,0.2226424204283374,0.1644052946511045,0.8213217972382393,0.1381106930126637,0.0965811162394168,0.0455715403875668,0.2780891697430153,0.3357655378961687,0.52975088258049,0.6736850806636352,0.0365514467609435,0.4837526647994096,0.2788288926626867,0.4241077163693564,0.047302610471459894,0.6724138137295885,0.6932901027545542,0.2967515166240917,0.6587252620051973,0.786912809128532,0.4133110859880133,0.229349723026399,0.7154665142642409,0.1438051387176928,0.1036233634000616,0.3447804056814056,0.3741758314714536,0.1980804320618963,0.2414614435625401,0.5186167728583041,0.38546960699457344,0.2790561058830361,0.24775508726407847,0.3881949997816278,0.0966516240536302,0.3390727928483762,1.0000000000000002,0.0139860908145676,0.5665676238479763,0.243992828873625,0.5874840987838905,0.5161439956424189,0.2120031788191601,0.9226160612061368,0.0636381306311868,0.2002543428661592,0.5417079739161432,0.0651084259676895,0.2565622616037796,0.2238325840472105,0.6049075335858989,0.217759491864673,0.0886491797056767,0.0878151535814185,0.6260138500615917,0.0121095746834546,0.6457235430379912,0.13875459399726578,0.2480426994910953,0.2761102306337207,0.3675016143935613,0.1518621616314556,0.1659796793321654,0.473927198519386,0.5390225948297824,0.4012057537839101,0.0975193625680162,0.2968131124180798,0.4662919275651798,0.09456938979664144,0.095308381965847,0.0935915098617477,0.27037916953351765
TARGET-50-PAJNGH-01A,0.3501790126563624,0.3902856782473676,0.1581825741743624,0.7488905849897405,0.4203152854622256,0.0757250348755452,0.2830176587933298,0.2741998008672102,0.4247465035764209,0.2628624701235068,0.7636209084913191,0.3803486563714254,0.3630600714142857,0.2761126318303832,0.5830235134113463,0.0297320550720153,0.905731832123052,0.1936447729382706,0.14650715299798828,0.7497703791072776,0.039871387756625,0.169158062217061,0.21983386455174536,0.4966519748048255,0.2283705196897876,0.5142746254118273,0.3175378628477707,0.1997899868788283,0.7699285330332731,0.8415947411339577,0.1168868667350564,0.0458800306189668,0.3323773026250518,0.3912396753199012,0.5581550007499847,0.19500123628488095,0.7991755762354271,0.4289665137574581,0.2975071931025419,0.2012803294376244,0.2776008097465808,0.1410697428937439,0.3122478384282769,0.5623277865961013,0.4179602461852431,0.0451865777935525,0.4597173290821478,0.8812991557239471,0.0648510688803701,0.3583050479565959,0.607230180773142,0.2746834232359492,0.2088791253601476,0.346689676252627,0.23112679165776756,0.0679011560509483,0.3777869052684521,0.3051837558058864,0.4361070412611405,0.3001457890304342,0.4342967355671634,0.1397805269632752,0.0932830252382394,0.2834844498300209,0.4613774972444768,0.4549948399235217,0.45852815964478033,0.5734402037066636,0.5536376954050484,0.4560846996484925,0.8309369283409838,0.08594299832826344,0.3312003047808294,0.4443794644739015,0.6004408004484615,0.0573594605604198,0.5780962113399029,0.4654774637658451,0.0506724066954383,0.4018113557440116,0.1815140255862442,0.3220839010417423,0.24807822946223704,0.07949607401284546,0.1909636590022521,0.6423154342320706,0.8485578717065763,0.2560838815473506,0.05798487518831005,0.1843208604484008,0.7767902325726285,0.0846293497030852,0.3821398682667807,0.0461824081502083,0.6576649060552064,0.1581825741743624,0.4063475711653714,0.6922145139665599,0.3922706542454721,0.295743002212836,0.1074477237955747,0.5970981805345494,0.6614689068202649,0.07429565889486522,0.0152002695708084,0.2494852038635234,0.3363100080203435,0.2309253569361082,0.4232624167800405,0.229852218837096,0.35647574482619215,0.1251784602400263,0.4754171046110513,0.4645370439355649,0.5081080913268395,0.6316159657168914,0.03828420674829609,0.3232554138063525,0.3213091167554708,0.4834388103576914,0.3456238193350702,0.6315161456128345,0.1980838958213122,0.3846853173421446,0.2600321985700626,0.4830072288944545,0.8261174926330433,0.4345537227395636,0.1797621320108953,0.828820222050555,0.27918601134945453,0.1068675098122489,0.1325507868727465,0.1664494142447374,0.3070223949396758,0.5137466787497211,0.7717145642886212,0.11191167067063527,0.3337822729234163,0.327107855199094,0.1710332044019276,0.0305292410587584,0.5860850071094192,0.8787144722084288,0.39292484445216624,0.1942063119598141,0.6724523409499785,0.4994591787045254,0.3475240629517753,0.5475218261899706,0.23553561183864213,0.2732491259839953,0.3034079804000604,0.2065630162145439,0.3830574487153871,0.22970514468061165,0.3964453470874574,1.0,0.4543387234856711,0.34016219306209017,0.0723098239371785,0.0444227165433852,0.136740512016204,0.2184900171987251,0.0154756825718981,0.3849500015474613,0.35572517147333,0.4612748736727605,0.6324066787087242,0.5393633284144601,0.7318243957404449,0.24009440685944636,0.1899173303245612,0.6231602887340555,0.0720428135632009,0.5291471724074797,0.2814734979703446,0.9161588967748522,0.239855677976934,0.293613566404077,0.5301594997797162,0.3961900677441348,0.0558352762211837,0.2035914366201114,0.078444598048586,0.18221860246501886,0.4928219392968481,0.3079688375518999,0.0612426304184736,0.4329309107126609,0.0786074264185924,0.4331116775074747,0.4045241004885717,0.0583699134776325,0.2252625413091491,0.4033961242750578,0.0440023300857677,0.2203589483202847,0.1030882964436977,0.357469712906678
TARGET-50-PAKGMU-01A,0.2382909284907041,0.1766919625187224,0.313994269052853,0.554055097195742,0.6085302941746336,0.0827646399316022,0.2711630350288303,0.4377112747006563,0.3752371281858603,0.282606853849478,0.5463105217052407,0.0997610300461386,0.0824583100609133,0.24418093439057212,0.2723727459050871,0.032496027720637,0.6477768978596685,0.34909176476032294,0.11984897918145299,0.6631078120073199,0.1790645259247333,0.3309734301121926,0.1037603492084338,0.4624441369225487,0.0460962489063643,0.4010710562911032,0.247640540232351,0.1204268809551445,0.24209621192604064,0.5900194555417756,0.4006733014122369,0.1353328365298739,0.1665534525034595,0.1991145870110789,0.2986304216621752,0.0924434584565828,0.6404382359309098,0.3072205300182939,0.1875423593973691,0.44101302340101095,0.3139389809721897,0.2995910740714681,0.4127045396653233,0.1789129801082624,0.3973928282751368,0.371228503477208,0.463951589913093,0.5058600693804753,0.1280359207999251,0.1643915129638807,0.6009744916515243,0.1148831582425662,0.1729795973906106,0.3746893812109692,0.0886896619161435,0.0742134320668519,0.577827648676071,0.3289147193024567,0.0812604669829623,0.0706653866012264,0.7069068878732473,0.1928223051455012,0.1019548687994957,0.30255846884752946,0.3277736409537032,0.5585446680400823,0.3313385422227382,0.6677098665535651,0.5878579023634027,0.1892514870207933,0.3518107897872063,0.10681301596861538,0.3783298041725875,0.1545729825115455,0.2862821570876337,0.1355165454529365,0.5637116560468458,0.2914329042699953,0.1706664246966347,0.3268880298866753,0.0571308098463004,0.3571185676583909,0.24003209253092983,0.0514305561650833,0.0385457298489983,0.6988718684984295,0.5516622834514118,0.2149088548896905,0.09947936924943597,0.0740482504910676,0.6080596920731481,0.0142043380761645,0.5705049691060895,0.17894403064375866,0.5821695551747172,0.2509961012174295,0.255965126729006,0.41588931753024466,0.0991978420049617,0.3032137008055255,0.1667307730340478,0.5742358701923052,0.7030228126037249,0.07247899622264785,0.05203751429153423,0.2066423797125589,0.2763819417502306,0.1327749143927783,0.4562969623508532,0.30579951621268,0.3021939743013992,0.2340541811955768,0.5026994894959835,0.3713970681844492,0.2953301871114092,0.4264733660416892,0.055981105592192874,0.1487831941110211,0.2836537993014277,0.1795200870879173,0.3735374424707808,0.4040607813761232,0.14686020182343068,0.5481566852288262,0.0718086293633379,0.4985913898393952,0.2735452630958392,0.3882291526245897,0.1526977154648481,0.5357734096897341,0.2600070024897413,0.1168022039809468,0.13807347696925917,0.18819859206044987,0.3341083927138779,0.4799169496496381,0.6168369064748194,0.19690829571186377,0.2852804466766926,0.3037452752924552,0.1869329159364318,0.1580094813490591,0.4849200871339454,0.5040662543359691,0.2178717354901184,0.1812433744841246,0.5212181016031106,0.5616089471042479,0.14004063141624268,0.5155362991139598,0.17110075009632528,0.0962441683739706,0.4525580492595011,0.3563021747650503,0.239552325870565,0.1529202884372388,0.675075335777915,0.1243946094831492,0.3413227098269071,0.22655748255242186,0.2189861775817515,0.11964634038230718,0.2828625637082534,0.3223659100150982,0.05965436709558867,0.4859724380050286,0.3113247513826594,0.5594858325437262,0.5876966027168696,0.3923825792784152,0.3996327324907977,0.1891557229934151,0.0689167114124477,0.6871111051620071,0.1490283650453781,0.4413000816064891,0.2628581645977607,0.1715054156360174,0.31117792086508905,0.1484765001892914,0.0387060694460079,0.2757046917342388,0.0601770043656811,0.22334877387952548,0.0853651036636883,0.2069231013723403,0.3230916448172535,0.3834137945552124,0.11035999158611315,0.3348040192991441,0.14551016435391256,0.6960807252284706,0.2639840633840091,0.1152401301651141,0.2873046961454402,0.5018581333199028,0.0176773022459587,0.5452786641067393,0.1121829078272383,0.2641084545665981
TARGET-50-PAJPHA-01A,0.2651557909249779,0.4144217233551969,0.2973460986836062,0.6809558948546405,1.0,0.4266171024416059,0.0710411023106771,0.366413439752435,0.4490038180419821,0.4357440941748106,0.4249202281831791,0.4024765532855236,0.2988963246731864,0.0955478574819184,0.345479997250776,0.0890306651159074,0.0211941928711662,0.2552458156358177,0.17273684800832023,0.8698716384166094,0.2809217993473643,0.5532190812397451,1.0,0.6036441466401128,0.0806339217104743,0.4712275770675418,0.2614192736206311,0.7854916946241036,0.4820841057136691,0.5907707767399897,0.6623603963226987,0.0604750939518908,0.4378759797419734,0.5218147888875169,0.5341420771964128,0.372954494517462,0.6275001655976229,0.5243865343220674,0.3826997773786191,0.137455628247765,0.5809535994385737,0.4224239800154763,0.345479997250776,0.0525105415217745,0.4591924577614834,0.1997032900871964,0.3684897463354674,0.8598591955834636,0.2049616749989537,0.4894344324199126,0.4695902875943715,0.1457002338602999,0.1895802764385602,0.0681799919702128,0.2832775640153918,0.0895014396508606,0.8741664596957326,0.4916244565029135,0.5211508737749334,0.1022923502626721,1.0,0.226551346034661,0.1229576275188233,0.3682404110645578,0.610582314314825,0.5072893245230061,0.3740284149797378,0.7626977478256349,0.8532235760879998,0.7498824958775762,0.5644550352078384,0.0718379104715371,0.7475654535436032,0.5181974431335523,0.3226347255293691,0.05769014911275,0.9161588669701382,0.445392115426965,0.1697271789670709,0.4546332258513039,0.0999361413932003,0.3446411660372032,0.0857222375457616,0.0321349083296688,0.0674261666980911,0.414420493881369,0.6804899611264297,0.5201182267188487,0.0590484878537778,0.0462669261025471,0.5521890506175515,0.0171304394864673,0.477521473248032,0.0608736618988618,0.6184275047269105,0.4736672172299733,0.28623288936515384,0.964036050271258,0.564516616831376,0.3182854427814322,0.0745056367874152,0.91976766277845,0.6957572105514708,0.09661610343380712,0.06104223351968648,0.096535701404131,0.5907786139434145,0.1601266193560306,0.6004471192214821,0.2309920448882583,1.0,0.1819773645430881,0.7609363067026601,0.5764831879222595,0.6484515014506694,0.638307422723094,0.010954484989717,0.5121504402122229,0.7744508274742622,0.4483527208673938,0.4813447492774532,0.7302869742402142,0.3403175188935449,0.5474757279312592,0.380761401021157,0.950777196058786,0.5576856885176463,0.6927158303133449,0.4279939186929331,0.5972321409312825,0.0546512959502169,0.2043164030665883,0.29514431227423205,0.2265169787647287,0.3087924393285802,0.7945628455622384,0.9217505428306328,0.0998668123524874,0.3683995149421369,0.537811071086732,0.9635609967453036,0.0208486145734352,0.5934573824051543,0.6957042809376828,0.1361309067926051,0.1951693716804985,0.5032416346476551,0.3306534466691371,0.2162470359951398,0.7391107506739869,0.2057545842343482,0.1292666314151007,0.2715292465271112,0.5421643387085155,0.4190372090589409,0.345479997250776,0.985998344022312,0.329859969960678,0.4799780062526414,0.30741329559915365,0.2377080413920951,0.2329385427964236,0.0933809728880291,0.6826130196014831,0.09070132051600598,0.7154867415171137,0.6205679775393881,0.7456349450564337,0.8065114248443536,0.4801868436395728,0.5202246389792196,0.2108558100446426,0.1556977528137264,0.6522118889321282,0.251498380713512,0.5903267165662516,0.5273531096599413,0.6611628133069752,0.3115675427959253,0.4550133235723008,0.0677066409409873,0.5185525728289555,0.0530852481872112,0.320710556024988,0.232488181345356,0.0683111977274129,0.563853731959924,1.0,0.0418229852029614,0.5905581391089282,0.23346523711368064,0.9921008935936724,0.1649428726788271,0.2163476577054381,0.2803039505215212,0.662339635025919,0.09206038479388857,0.3697878793345061,0.1036826207134883,0.1127275356664798
TARGET-50-PAJNBN-01A,0.2024962978937007,0.7174422875510567,0.27517962260361223,0.7981305910746278,0.1574493489173556,0.19636824503742578,0.0977528262570341,0.3813783317504574,0.2206852530366275,0.2158873311572785,0.7727541744668339,0.2345866770337058,0.2981790052820166,0.26641994513961326,0.2506346911224433,0.0532606363334902,0.0151093177030843,0.1819644722621725,0.1006420302372051,0.6577106671156256,0.2054152988867348,0.1502849353628187,0.2118979043696336,0.3917927972125015,0.2402846834683616,0.5505758064745706,0.1695875154057556,0.2467664157160871,0.29162199594993515,0.5952586811555794,0.0403721153810574,0.0821873772212325,0.0615064524422709,0.1120583191763622,0.2045060602223862,0.17845182393462647,0.7788682252576942,0.2436268129788119,0.0928730169399821,0.4196265346247009,0.2534418617005692,0.3074052096793431,0.2506346911224433,0.285271479747082,0.2968180057586127,0.0429293139894026,0.0983350752259165,0.831716448141407,0.0611135651132805,0.1458036728197554,0.5529439634987485,0.0650169330755454,0.24851068803288393,0.256592241112335,0.3207123108564603,0.1216350087571658,0.2773738475472396,0.5244448369773409,0.9079418919675244,0.1350132673548033,0.43132095608556886,0.0482794664637362,0.16916196267686412,0.31927489272369225,0.2210004277147665,0.506451709297338,0.4691470217757362,0.3397009954700555,0.1580518356728091,0.4721660292312509,0.4876417304173986,0.0188817293475919,0.2257148846015939,1.0,0.3097465382391526,0.057095480506178284,0.3439439230907335,0.2167351544703503,0.0250490588970601,0.1634663063047741,0.0936367765568223,0.1311549927411105,0.1179541240299087,0.0442177557577638,0.1393859196938815,0.6957403157933905,0.6468350772758464,0.0954435363337249,0.0428377898351558,0.063663465819696,0.7695304919111182,0.0334013037677105,0.2761558228950119,0.3703951072881994,0.4842037127800989,0.148641288860843,0.20571552025744086,0.3570894070820946,0.1581680387825915,0.2105173359958753,0.145272712279746,0.3929873930216496,0.6222820303189368,0.05496461386047462,0.0272290639789593,0.3003760819023094,0.1652548929654562,0.1141540977416797,0.4475772907318118,0.3630386687598382,0.2981706951487027,0.1451847240674352,0.2631100898886412,0.5243744617006779,0.547663092824472,0.7190088921502122,0.0150734128990867,0.0739091371885691,0.269804120129182,0.4358110878032334,0.618259328208391,0.8663251710823135,0.0737362733471509,0.3016121618789241,0.1620808366978556,0.007714580532896,0.9107479618857168,0.1717405566034365,0.298738676795097,0.5635525762225011,0.3955094051349921,0.22128847614892866,0.1295969989178338,0.3460742683080102,0.35423077846763973,0.2172372588064612,0.7487042064116239,0.1288564435964554,0.2295651396254778,0.2329511394700585,0.4395701563773695,0.0546886786543872,0.4653591645283348,0.4891655033976223,0.1873166441268752,0.1037198072255375,0.7889238850405806,0.7229932445660053,0.6081580991510525,0.4455081373205871,0.329332319452709,0.1072623763235276,0.3904692141427065,0.4027364055399256,0.42996351607908284,0.29466924578774095,0.4314359247486945,0.1069490759939051,0.5926128328752663,0.33412114930403936,0.0457260533468815,0.0417432190377065,0.2740419183328666,0.2615175704312977,0.05651277879191657,0.4593583692438551,0.1327704851517714,0.4599534766441022,0.2275855158052454,0.3367155097006454,0.2053048405622806,0.24225354904149926,0.19714438341886634,0.6362150726044349,0.24013704311500772,0.3073110472279401,0.142661872200789,0.6766234320705187,0.2260322897818941,0.0762382111104035,0.8230275640163294,0.4881674816878829,0.12663949557455376,0.1006420302372051,0.0387777783772037,0.17957978943811856,0.2131985409187389,0.0386330356874618,0.3155188203834278,0.1489231959082294,0.1408137292041028,0.4528874692785667,0.2269620184776636,0.0163383489258337,0.1418641076421826,0.3534880725739587,0.0151981757820974,0.0341973940800735,0.0971471006707812,0.36225188655326646
TARGET-50-PAJLKC-01A,0.3426053769952745,0.4446729603982505,0.27633160326652706,0.573453094667155,0.5992516296719852,0.1517057408002352,0.5236793610462107,0.3533438584483578,0.40707502597159084,0.1094313385214594,0.6261188602607158,0.3404029584615899,0.551017741235169,0.33090094697795763,0.2802994812752017,0.0595644947226048,0.0322126580947883,0.4032069058233522,0.2920959665858959,0.7021406497680867,0.145303440011005,0.4909904208731304,0.1640422902874842,0.5370587535765126,0.2123132982663585,0.3894576455656328,0.2404698624661941,0.8855000517392473,0.1841828145694431,0.8103363164097178,0.1601837875901425,0.2356948738190626,0.0872142511445416,0.1227214239435651,0.1594119773926819,0.30493172188680057,0.696238814133668,0.1572160582425323,0.1702818931302263,0.4032402432832861,0.4593006605085331,0.3352035134973085,0.30391429533924263,1.0,0.1135247391018197,0.0998245868101022,1.0,0.8275155736843967,0.08769275306309428,0.1577683168016229,0.3010174117338418,0.1319444753771345,0.33380331509510236,0.19043956197397827,0.2957210201402334,0.22860454818888876,0.7254035271612342,0.3686821086947589,0.4255053750253097,0.1244924494728801,0.1641290057974077,0.3205706593717323,0.2205616630431432,0.2633876776278013,0.1783965019376157,0.6445715099181137,0.4042493596414993,0.6081870688904224,0.2489368400427272,0.2400764656953454,0.6160755777244502,0.13271263174916398,0.4057238596137926,0.3745173974555165,0.2971978731520142,0.12926185606230167,0.5520999128740107,0.0660758105433631,0.3335490777302217,0.1301379062974881,0.104719501437002,0.31509952989429507,0.2442720107688112,0.22460052788816523,0.1262798313622235,0.438180855475199,0.8921090580348245,0.1506748177061296,0.1203822877932983,0.1357287931777669,0.297402277757806,0.11197429478165977,0.2054724303031362,0.17930568168079403,0.6177750924187784,0.3380779717986243,0.3515248749863446,0.5820977505075726,0.080494936730504,0.4482724716990893,0.3526780333445561,0.5704955304681143,0.777035264992587,0.13195367570805153,0.0304518599349957,0.21688829234489765,0.0987848320085472,0.1789324420221553,0.3147176827515447,0.1740659553339753,0.4811594172325249,0.2335752718908793,0.5124727911053694,0.3613146712462847,0.5108964930055314,0.5182274246825599,0.11293912593646928,0.0576119929835071,0.5379959290911481,0.3797306886298734,0.1993981122319612,0.6257545605342393,0.18477561251537888,0.3476625773450494,0.3690420401952017,0.1067958467453202,0.2098390074970307,0.1778476124662649,0.1886546865263578,0.7483968712116434,0.26714683284402196,0.2302105352839822,0.1181043680017509,0.2565900399766781,0.298322891086406,0.3574548089829356,0.6729655672787688,0.07607212689422453,0.3254400558083199,0.1810864030618877,0.8609885810368433,0.07195736498148815,0.6754806769077117,0.7314438279549009,0.2902284704616662,0.1470714852969577,0.5942256459568287,0.225923838467888,0.1446765046351431,0.4474024908212386,0.3036693203750852,0.0653668372363044,0.2335775446548301,0.2225958997655666,0.37302774633521396,0.2802994812752017,0.0873142126855913,0.2280125473727992,0.1423936302685619,0.2973589134149005,0.3029616732312881,0.22355098236645396,0.2739427021316682,0.4064333791625607,0.12317950320955603,0.5574492049242236,0.0778939841233754,0.6628507261746861,0.3374212261557546,0.1480466508061663,0.5075483469374392,0.21310478698370489,0.4605276366662215,0.4548290713936302,0.20784840188790446,0.1318518603046686,0.20168193463179843,0.2817862204614332,0.30320126631432637,0.0464603797496482,0.1290589917121866,0.185826600780528,0.0674526968921434,0.5391573431384088,0.14891479940611105,0.2003979345314477,0.0828099161535078,0.2069640768328134,0.1293909490974851,0.0676687611757414,0.2864693232839773,0.1108665238948281,0.41607715992208505,0.0615163616699193,0.1778612432692448,0.1937837483545473,0.1350989576768936,0.3477639489420021,0.1542280268091475,0.29878044337720183
TARGET-50-PALGLU-01A,0.32492493188616584,0.1952262559208513,0.30603745296648793,0.6389922875272119,0.6700336309786105,0.20175195856396502,0.1577089970006698,0.5864184823210665,0.3560413672105066,0.1537758457902084,0.5633596385167715,0.3607073387925453,0.11437656582945,0.3938843332268873,0.3938843332268873,0.0837016222116188,0.22793492484846486,0.5451483790297968,0.162370278717937,0.7566618310936659,0.3752264710012213,0.2266653143635912,0.3751677325088727,0.8011089343515481,0.0639393487889181,0.3008532007402538,0.2607627259482458,0.2327421648566463,0.1393781008268951,0.5307944554341637,0.0651341354243834,1.0,0.2637128171741542,0.3229436508697357,0.2663144610710852,0.2495562491468092,0.3943721138562399,0.1831659183929931,0.0928626292196271,0.321312415322456,0.4274034877447555,0.2138660486339249,0.2593695863542251,0.1574320120840585,0.1545772598709155,0.0264343716138091,0.3223064909562944,0.527821018979415,0.0517206730502615,0.1404321893095452,0.2907142869954933,0.0299834756705565,0.3034096622171456,0.2047489620270082,0.1230199715110569,0.1029402311538191,0.5593376354520285,0.3634165824598409,0.7309873113549452,0.0901199348691288,0.6863496677856286,0.0778914178061979,0.262610186828191,0.4198336515386564,0.335196199601038,0.3353174336084567,0.38045324184022244,0.8576410595737433,0.5924088671672134,0.2875848756012816,0.4067888758640046,0.05092119572504028,0.6124308974038577,0.6178234537874799,0.2621398277620069,1.0,0.7602535827542036,0.2084740607448287,0.9721692786931992,0.2418592391653169,0.2721783482180507,0.196088608268194,0.22547600997758235,0.3837514193139137,0.0534661479753993,0.3758840227695524,0.6241254284648206,0.2126243404226336,0.0362538058146839,0.102711110506518,0.3192623148957967,0.048374741392392416,0.0763792663793584,0.0700139444850596,0.1039378206845276,0.4453152677113745,0.4051210325364598,0.5611829806201979,0.2735767968490934,0.1773474317645826,0.21015380093518396,0.7936509509232605,0.5159596859050258,0.05409441942538146,0.04115325449023472,0.2588361821627346,0.2430516355293871,0.184169900223844,0.5978747781971755,0.22385312295781584,0.4685894235968661,0.1871369583992099,0.6309755348019974,0.3755335738664666,0.3453322643049473,0.414464156965516,0.04765545230941986,0.3306544991889052,0.6787523973979389,0.3573350233218257,0.1508920919485701,0.6522434935609459,0.0624033253282414,0.3298089915193033,0.3464151849829242,0.757740412286685,0.232976923894159,0.2242561163093104,0.2568755033992718,0.5195874697220161,0.2561056266708787,0.14092789557759483,0.14715063486750268,0.21688692244711869,0.4546927820871864,0.6690021980328003,0.7453282677728896,0.0613148982125359,0.14699631106994077,0.2724937821594153,0.2592915735175755,0.0462832640018854,0.5776326914950098,0.4964967963539284,0.33103641892629104,0.4447052540687357,0.3033823481108049,0.2076433448846353,0.2033032965403906,0.5578085082685253,0.1263264651380203,0.049465557643663,0.3200353144612228,0.458300060286759,0.5059330503538674,0.22994612790949823,0.6622359921018884,0.31642047053630135,0.4398746083877195,0.2747064969974217,0.3221188232903335,0.0673461981416854,0.4778921591637197,0.5764271857571636,0.06919846814144259,0.4122947809101244,0.2820248524550605,0.5397634859129827,0.6319889407127083,0.2812103446804843,0.395384574547965,0.14967939835090693,1.0,0.5581888973693132,0.2028147852317424,0.4057189175862861,0.1242543795461976,0.617171344619667,0.3163021447121173,0.2968273615136452,0.6581145287110098,0.4875265533399739,0.0377217042520948,0.2999899827049232,0.23144767656785417,0.1516486952917895,0.2869701325032804,0.7895304201333762,0.10325187490940646,0.3638522544015415,0.1191712647700013,0.6654677137486122,0.3533888014131167,0.2087960925416402,0.1883225289581912,0.5582017848741891,0.064290295374278,0.9350883925326234,0.2143126582309464,0.2502515586902119
TARGET-50-CAAAAL-01A,0.0975519540600981,0.2360165738784544,0.9489264480410248,0.6392651048683448,0.2641326645614284,0.2869045038073465,0.35229268337384273,0.32009133595134853,0.3693079820185351,0.4351578995689116,0.7687104308445035,1.0,0.31511360556192175,0.32528815529437,0.41565881359210816,0.1036192478661756,0.0560376012437744,0.4721515740059328,0.19193295544444475,0.4893626172166782,0.17345188964244113,0.1369689042185304,0.3697913838223529,0.5704557845998319,0.7980607202190959,0.6410908851776843,0.7229204895612592,0.3806295403326936,0.507634891238265,0.3995193797939833,0.2301018819302457,0.14049908462091493,0.5085794019184396,0.5907756356283398,0.7625637076929224,0.3578067191725843,0.6926248085665161,0.6215026645394162,0.4791332758143819,0.49343719709978817,0.5637575905170866,0.3379126373388186,0.4489171953895014,0.2389833017054289,0.2985339209671938,0.1725432232337073,0.32724459677489154,0.4470736993802506,0.15356650229600458,0.7546394723619545,0.5228171710498241,0.7138599374782053,0.29720984983368887,0.621751293229572,0.30776429239656444,0.540934725940871,0.3852359627140755,0.39212688172899907,0.471663279675334,0.5638087380653561,0.5275554412280171,0.4093071510708216,0.3251008680851554,0.3781349249876466,0.6855784848338233,0.1216999592896717,0.5846841572376013,0.2328387011216744,0.7505133866319555,0.3602914278382392,0.56367831932705,0.13064498245313635,0.6676254685841225,0.3823852086038761,0.602615844101563,0.11378152097692949,0.5205429895911853,0.7148182196485524,0.1599132695102691,0.6150463101646567,0.346016297030772,0.36217664464507676,1.0,0.1639952917624041,0.7190940329685673,0.6998456798473741,0.647456977678502,0.341628269003071,0.1646154140063006,0.5397307329716886,0.7523680269734583,0.11120642391869046,0.7426265410240692,1.0,0.7757673832184375,0.40377004898397784,0.8161894167386565,0.5214575571999442,0.58390410460938,0.780193837308662,0.2822941442252795,0.5731891189950029,0.466732263161656,0.13231063086379477,0.0529744915538233,0.13746415510390875,0.5733534022071303,0.26269033458680907,0.5245729825093188,0.7165698041092387,0.37994283990392363,0.5432828670060398,0.1798074413890542,0.2095737061199628,0.50669966120909,0.7584861913631513,0.09773866072453218,0.746492957990659,0.8470809048058757,0.4511773954574958,0.5970798587539794,0.6991951574366574,0.2469298966672461,0.4123082748690445,0.5207839308800624,0.3575031471327797,1.0000000000000002,0.5595484831571439,0.4124019859606254,0.1574889564517228,0.18390210337884638,0.3907176995027443,0.17974471829601724,0.5252852938272078,0.25254197231551084,0.690005131010057,0.6191717562763734,0.1528147471276342,0.7354240703247918,0.5620171031061948,0.5960681815415562,0.08188237391457202,0.6045166218660294,0.3389043068830817,0.6947219997737587,0.13757587545624111,0.755596317669454,0.6665082081899052,0.4332208865251454,0.6040774450891371,0.22251151016253926,0.1137130859811712,0.5254659526381542,0.7349059380842391,0.37872115838909765,0.27930783800123377,0.3774628251738235,0.37540697278571605,0.6302977858019162,0.31473285931149103,0.5836457117277396,0.2664888395063176,0.4754706229961509,0.5626095212070404,0.12417762059971647,0.5814512696494271,0.5747294167908045,0.5613774670306138,0.7240933313196548,0.7507684581414621,0.3577445110254085,0.4224203145081293,0.16510012671611934,0.4818350503089929,0.196657792633042,0.7165737910918193,0.6098596730519666,0.8642930866812496,0.4397487051040363,0.4830876892593847,0.5927463735918048,0.4637235724202417,0.12849526288931123,0.2532823570172315,0.2377976135310835,0.2826337162567096,0.7402892027901429,0.6489424507220528,0.7439837892587212,0.5769305631848505,0.20012238442350772,0.4003599676702911,0.5037077768787805,0.24342379941737433,0.4071822542875598,0.32882642190187,0.12797586041897244,0.1520825145951803,0.7159686145313126,0.5752866917069469
TARGET-50-PAJMVU-01A,0.2009322497596086,0.2910870613697751,0.3174168100506492,0.4993641291307888,0.406858630339552,0.1641699970417863,0.2919274239302722,0.2682018056514713,0.4590333389282279,0.26111669300024265,0.8340833463104514,0.1859782567404167,0.2250189218760671,0.25522528432182784,0.3299519022124689,0.0605803146146068,0.6967181057118597,0.37923404853841786,0.2182253312263291,0.0082035723991085,0.3332845153814742,0.3181010528959787,0.24886509156707912,0.4344979538931244,0.1561034494612475,0.3955468694023095,0.1344474924105316,0.7791431077043092,0.3402818879226189,0.0575425612756082,0.17487611726121083,0.1994620575140577,0.17815044265715416,0.2697366815753876,0.4063998303139237,0.1723365651182535,0.6619672817009434,0.3507238072842044,0.2168345402420411,0.27362495550358135,0.259559325412982,0.28844841931589715,0.3337119609040399,0.1474503834238891,0.1970300976471202,0.1377820141801982,0.2031792224072006,0.5292874992289955,0.1742413790181082,0.1445413586724552,0.4066399628236317,0.073202559420225,0.2467069011349228,0.28904342932552907,0.23005230053624393,0.21042174452470114,0.5273058408762499,0.1492250384995334,0.221065918022856,0.0696041386808984,0.2756073650311302,0.552302103132339,0.23067173045918454,0.2319256152834047,0.3635460771527191,0.0284121653586079,0.41206648956756753,0.4190593757770179,0.4597024217267951,0.4259367659285813,0.2914529778427815,0.1298221380866376,0.1146581574127618,0.3065829721152563,0.4035922429091256,0.09061986153876754,0.6122178929042219,0.321599178735179,0.31977637742499404,0.1915412749155092,0.1934716316210011,0.7128515636630681,0.24395711423272926,0.1741679077052075,0.223062995333543,0.6334097931574508,0.4729007642711547,0.1527408302544713,0.0487250428132105,0.17998177991595046,0.4398342528540803,0.08900614473268943,0.1429981416602249,0.7364326690747479,0.7548010655212627,0.3223036580155808,0.38736089394230616,0.4061646671122134,0.2213294336896144,0.2702970256930054,0.19601907143593686,0.6340913079286543,0.680743874790085,0.12157288858295455,0.08434542396545616,0.24109031977540243,0.2588976031144491,0.1922376752418343,0.33900716902170325,0.1767875004787218,0.32697582830490374,0.278412972777124,0.8735196207562224,0.6531159637955432,0.6912723502954029,0.6517730957502968,0.0808239473198272,0.1468741844589847,0.4854435236313924,0.3849374536330998,0.2027986710678277,0.6117183876306648,0.0838699449610261,0.3347212003346986,0.3203208846866731,0.012139757657686,0.3199126480475405,0.3110116782762455,0.2591070594012281,0.6831598879656893,0.2369976498852101,0.2177470528298325,0.1027433622501305,0.3240959407164829,0.3290907758297781,0.2759592492819199,0.6076434648308697,0.0824071010851888,0.5370812436989668,0.3155881647342328,0.633042247207614,0.046535953253804635,0.7750910091473397,0.5592567125942951,0.3539431602558921,0.0822281520040713,0.7273080993202647,0.4019845017701553,0.2672930927371096,0.6403820180088173,0.3084172319519905,0.1207667003802561,0.2199078086681368,0.295159303624235,0.4465824374799981,0.23885637262320716,0.0280936506001627,0.4212583039923531,0.1640593710679535,0.2633835236382963,0.2418403967799373,0.13163925458633852,0.4283994167573744,0.2124467357002779,0.08452152506862695,0.5571449372074669,0.1786665115961824,0.8964587741669165,0.4095985953355286,0.3569889151820941,0.5676648903626413,0.20238601304273984,0.3220433235770497,0.4829352703495644,0.19146150617827562,0.3778205172388736,0.2093128318553018,0.5904167627282733,0.2570962003215294,0.0472527205251294,0.3489590943024341,0.5463008309027737,0.027301653791291,0.30894431264182454,0.0840830964025817,0.2197258609390151,0.4224296696056058,0.29766411505295387,0.17523971049934545,0.2449787445773474,0.20621245927052614,0.0619770919232093,0.3770445889312958,0.10421749269980667,0.3509077044130479,0.518471529026933,0.1032287404878586,0.3257278946193399,0.16858645415323154,0.2932112322796785
TARGET-50-PAKYFC-01A,0.1833990424462677,0.1331659087992933,0.2683443225374803,0.656472229908549,0.7468475061037398,0.21474344248854044,0.1568639875530003,0.1165096961064377,0.5113782832113616,0.5431727796408736,0.2938302008678174,0.1987491903489366,0.2553604001003534,0.20444245492137503,0.2109767084020439,0.2207928291406923,0.3508893341315943,0.1520406088582458,0.0840915556963678,0.9863997025305088,0.2659577050984944,0.4030552231492089,0.1431531235152388,0.6625685788463744,0.1181378881684773,0.4203289207023629,0.0994994917772059,0.0532244587505452,0.1386313088604454,0.554757122746445,0.232188924204863,0.07982869149867378,0.3053483953903803,0.4090748390525051,0.4987253535009722,0.0664086510155511,0.645785105142749,0.3496045299248304,0.1828573398994318,0.3106659609653425,0.3863588861884156,0.36100770818109085,0.2109767084020439,0.15665234173473788,0.4593369459662867,0.4590514661877559,0.0431003556254933,0.7457920115219214,0.0267861328612675,0.2299094499261993,0.5076557141281579,0.0777888922247,0.2598689989383104,0.0783879983376431,0.19080291344845368,0.3354229206546341,0.7675507928849465,0.4590268981355311,0.3809493399384879,0.051511384111148,0.8538283500362499,0.3003694065157126,0.2164121584667307,0.2248759709541809,0.3149901693047795,0.24712662722664,0.2227950644446292,0.7071976175072169,0.8215062587090953,0.6370312626856701,0.2024694367294496,0.07114698701925425,0.8248773173348647,0.3219007978408086,0.1357621979868529,0.0657043174825011,0.9598992772637404,0.3154794962094988,0.0580444074018525,0.3764269419540083,0.1769251207019813,0.210464453424179,0.2733267248904186,0.1592723327703123,0.1193700548692923,0.6003283563422238,0.8184919131498738,0.3784152717179113,0.0669845429792543,0.0531940767608013,0.4029425098807456,0.0102039770683172,0.4769591578665793,0.0696388077098366,0.6143749587258949,0.2385247176835605,0.1838777892659794,0.1565126217677269,0.329245187236523,0.2041011062021362,0.0443802863224698,0.9542673270202924,0.5420244374402737,0.0663785629814784,0.0560377338511157,0.0575027911093492,0.3836047290276615,0.1831831124778993,0.7395882245619697,0.337025564936216,0.1306884951120947,0.1518454760125651,0.4235771284837433,0.941417277249067,0.6856585650638026,0.5966226375567244,0.06661591810581949,0.3837751531004981,0.8991128023948404,0.3006416404660743,0.0781470035921845,0.6016155399969273,0.1831903238398241,0.5102357642098512,0.528320011428278,0.79651266464844,0.4665282724714128,0.3530043045211276,0.2797653157437229,0.6030607816642646,0.062833766509789,0.5279116637928237,0.13800773025970994,0.17174339489535068,0.2435476062554246,0.7193152788929136,0.848074018776758,0.0609863711832742,0.3308983040853602,0.4707762053851926,0.5789018010457663,0.0239700991053006,0.5433642607131419,0.5272896995158032,0.3005870710635702,0.6716144818484048,0.4388547982267916,0.5937901891698774,0.1088955733780587,0.7364789955557767,0.1814413065890912,0.0492005197299227,0.4386114870573291,0.3478452504649918,0.3304987305393952,0.1098534199993775,0.9382725774130404,0.2899672869790356,0.589355168996046,0.1014929390784821,0.6128616893977206,0.034878591184832,0.1073621063304369,0.4250323248370096,0.06126287684630239,0.7408836852212827,0.5463108721656943,0.6320362628239471,0.8060126675752507,0.3638362508103487,0.3796174905997467,0.1061807123933132,0.1372995105243049,0.597051320282046,0.1568702023999021,0.4135940858131174,0.194855600383928,0.8476864791741234,0.2747507292049345,0.3564957544317431,0.674878708816962,0.4855506220976268,0.1908760688447251,0.4212521673758863,0.1155928750314094,0.13602176548190503,0.4525315889323941,0.6732130504559561,0.1333532569604641,0.4445398822290801,0.1185327416258782,0.9448656698543784,0.33168971974525113,0.0860116092383466,0.4288171182077798,0.6814862203572378,0.07239965305362439,0.3518288226265531,0.1835578193104,0.4623786637572919
TARGET-50-PAJNAA-01A,0.4803932304651076,0.7903178475883568,0.2918901941594016,0.6188477942542653,0.831452361026944,0.1397334393369152,0.3514782791442115,0.31856848260481235,0.7934918706684164,0.1845564255467889,0.7124636293763903,0.1684288344836688,0.254905422624614,0.255199353425899,0.4727262870555667,0.3368356747331406,0.054326787149452,0.654268137556696,0.16836912441988092,0.5006397304587847,0.4958757686188894,0.6587287808599589,0.1751809767272087,0.9999111650849948,0.0778253539861936,0.3610735551972315,0.5676184402738558,0.4670650857365238,0.2953900510909587,0.8135499583983686,0.6498838654028748,0.1900349578257375,0.0808579831033691,0.1348296227229034,0.3588456274324591,0.2934109346450726,0.4953745571898695,0.069366431994136,0.079394709936464,0.46785401625609574,0.842040936543683,0.6617040678400177,0.34285645359563033,0.3159668812450324,0.1461187330304001,0.10637833728207,0.1854714317108146,0.762209693745197,0.2934719395915222,0.15854833596149917,0.3517973733119161,0.14056603753941652,0.20490916814147325,0.1842284167821412,0.37032888353747806,0.18906908649325388,0.7453420920707605,0.2474486541848996,0.4827526571490373,0.1602353736529025,0.6808819298189449,0.3992355930444834,1.0,0.2605449157088429,0.2114249515106335,0.7783631574022409,0.5236156409137271,0.8643988859819934,0.771906108634608,0.9850391272245568,0.6878832623830176,0.1252915046853135,0.7977370001246049,0.3034461006646438,0.37333717085367046,0.1019516148843432,1.0,0.1825344204704427,0.1250375685409375,0.0328797254054717,0.0964552562365302,0.3125792646771182,0.3246483199227005,0.533100421894487,0.11745559549590728,0.8531974465390654,0.687055003857725,0.1132735397551632,0.2057102911184153,0.3177893829743092,0.3703819150701966,0.07375354869902681,0.0356645663436079,0.1560366319722558,0.6675336197197028,0.34363138219977746,0.33900949282330156,0.3678378466878631,0.1036057714246263,0.4068597136660912,0.1043030828559943,1.0,0.6922847604198225,0.12184266769305563,0.0513571934400875,0.26350574258533993,0.1975559539101004,0.2241669324134063,0.543256402784512,0.3274208708910854,0.33273999040930113,0.5759782439950994,0.9233121008272236,0.8724159524975922,0.7279269649907111,0.5401373197578722,0.08540287607596644,0.2473778159470472,0.4770049492354146,0.9205950546578914,0.3362857783841483,0.7336422208918113,0.20863549702202053,0.4460893987769731,1.0,0.3444839893959213,0.6930876820425758,0.1138440520604832,0.3548625096827779,0.5849295290942316,0.6218517873359394,0.1971998391810518,0.2472417203380665,0.1615779881789882,0.40589074995431873,0.446542589559769,0.4513071378344614,0.0746309392948508,0.0822233888292199,0.2290453130139441,0.5778703675108983,0.07236542723631915,0.8171099808363762,0.5311281879093233,0.3678378466878631,0.1363527579159071,0.8996421365464309,0.8216567711593615,0.1332589358667193,0.5189996851175191,0.2815375750369779,0.2535377041188288,0.9121432426507414,0.4984264918204539,0.40065899327704585,0.25143034630263494,0.8058011196214212,0.2633713060759255,0.4207772101451071,0.37538851287868036,1.0,0.17226392612302482,0.4535350661959873,0.8121274932206886,0.028556874954389,0.5019903318886115,0.2291325304337595,0.8911901883035511,0.8882196851997294,0.1606618649848808,0.386291961025976,0.129936675148212,0.1163536640938604,0.6454291954564959,1.0,0.2160143151017272,0.1461612296950747,0.4343780897641152,0.5918600029249009,0.0427938232335334,0.3565254525818278,0.2084622886831699,0.0452722784031861,0.3618666482781836,0.0761487830624832,0.1845829464355361,0.1127645137349201,0.2818286090446696,0.113009434680056,0.1597291081714583,0.1450522415598204,0.8293923950772655,0.4456903471973782,0.1792331045771366,0.4034167371780401,0.5545952584261007,0.0298449947111148,0.2162742149183375,0.1832307730132871,0.2727993159532194
TARGET-50-PAKGZX-01A,0.195473607453752,0.48042002619792495,0.2826916994003704,0.7383836392466918,0.5299089836407388,0.1353299433129957,0.341233896660673,0.4867566734791446,0.44546125427528066,0.1791772407570505,0.5477989577541104,0.16312104483445,0.1348290578615557,0.292509220533687,0.2500426991855561,0.2499586495585992,0.34644177542968574,0.39048278536467096,0.1914048699180368,0.6988421375030274,0.1819140773150918,0.3393276923621048,0.1696604031397753,0.4296377174512522,0.24055701030746157,0.1909853731815599,0.4411977831876352,0.4796777155217647,0.4194609420562377,0.0504704306957176,0.076781236175526,0.559667367978711,0.4261219712257272,0.5311488721885909,0.532041643529448,0.34438645457918804,0.7040358009001795,0.4560980224335378,0.3828179144700648,0.3161292142982465,0.5448037970120629,0.3424904674288533,0.2500426991855561,0.1306764449132914,0.4104953777907466,0.2423791639137964,0.1800655776397143,0.8238649516771379,0.2281095186285457,0.3141758636184736,0.6300252265996351,0.2780989539376355,0.26449194535480214,0.3274910379704575,0.26980940030314404,0.20301174355232732,0.5999324834778481,0.9302035002376196,0.8105168339329583,0.194246710340898,0.7069784008015484,0.4319414476358689,0.2863725545955988,0.32602406163353714,0.517368739919849,0.2770530944685063,0.5071146558684352,0.7756732075683385,0.7702622170439684,0.6969079425615655,0.595375234393791,0.0359099964605779,0.6585967114130287,0.8810858834293938,0.5671901831752022,0.21921332201834165,0.6436126195103928,0.4659063195931257,0.7795515029323966,0.4281395101230627,0.478755218888149,0.2479864396286968,0.24318713916267,0.7507982186636547,0.2675825638818719,0.5748706206390871,0.3852624091126173,0.3590183646678939,0.17483925853602392,0.4529983968436913,0.5814447383726529,0.0738993906185092,0.382729953012753,0.3087903971831996,0.6722067652322892,0.518874472941393,0.38961098532948607,0.5505365826107848,0.3993632525166027,0.2932993535107264,0.1854128991860253,0.6555690646538928,0.6622260737793112,0.0539691271993449,0.0271647497124372,0.27074637434802545,0.499585596392426,0.2921842809241876,0.757834614061415,0.2179235925464108,0.2974664245365477,0.2407045984675103,0.7198879042556434,0.3632805358311249,0.8429342934221681,0.8335227120223346,0.0286671942961658,0.5562480142610391,0.5763507645571148,0.5996893864957266,0.911605627963437,0.7360324692022414,0.22297552255451358,0.4279160609949438,0.457436345977925,0.6060421557267841,0.6769994253688184,0.5247020658310199,0.3927714747710533,0.7649417408439717,0.2790380855889382,0.1909853731815599,0.1773918849718629,0.2872268241033089,0.2886446627664679,0.831984792686375,0.8053167521510299,0.1326666330921331,0.4081154107364239,0.4786852402348763,0.3056573548548822,0.0545595055672242,0.4592155317380406,0.7087497435927805,0.3889884030142085,0.3976552605022904,0.7424391011708669,0.5414352846711206,0.4828616178354425,0.5852470926398439,0.1489158041598969,0.2324447104602571,0.4053770398931425,0.1510788550331898,1.0,0.2641174273356108,0.6522861579580408,0.36794915912899495,0.6659723469346038,0.589775820841797,0.5327766291759546,0.202679614292508,0.448539679370343,0.6441210886747971,0.0706081396783166,0.8283439119587584,0.4621948930588492,0.7688581894744073,0.6420627748244448,0.5130055732469896,0.5477868109988662,0.28201348595534514,0.5301056567518666,0.5330801075226692,0.1287493613128099,0.5512287701691916,0.381724879896719,0.7620854217572347,0.3627980634589842,0.4927984575597828,0.2686956334910793,0.4308333194517041,0.043952747258921,0.1914048699180368,0.29649432224407235,0.38899579231652487,0.5474748681558728,0.8321175873492358,0.19355437504469233,0.4876880484217208,0.21040558866780845,0.6785758384336634,0.4107326255138457,0.0548760099235415,0.6117041552904625,0.713929588204191,0.10508873455349474,0.2227153955196376,0.247430582468643,0.4510915693168052
TARGET-50-PAKKSE-01A,0.6560287457626279,0.4658240686940014,0.1724893260676915,0.6822903892852079,0.8520650733806137,0.0825739516524585,0.2147223722694787,0.3062929816476452,0.5371809149997034,0.4609285952352841,0.3113451344342252,0.4713568231590239,0.2825761686250947,0.27994037563150515,0.6271484489532224,0.4325337169358769,0.4927324901570513,1.0,0.1167890570832695,0.955231683068548,0.1787195012870611,0.4804506060209487,0.3555760712639123,0.5476922881620967,0.0870540610518486,0.3145705342929814,0.1361993102896899,0.8456125518144236,0.5330702051805399,0.6085340951952223,0.8371926015181448,0.0947005489952628,0.6706690941808816,0.8252338637552585,0.6340296990170136,0.490420566012545,0.7054506951212074,0.8523819485859367,0.609515906547173,0.3755103697459632,0.4777555045497956,0.3553720328661246,0.8942012568925202,0.2309890973791589,0.5940022769949472,0.9327120553230284,0.4101779829165021,0.811024749951418,0.3448582789552822,0.5939841714143165,0.7020060519687465,0.7050182874386323,0.3297754782395735,0.1088677731870486,0.1674929181070477,0.1401541513527137,0.901761330459384,0.6180015690507171,0.4395256083175796,0.2882590438557898,0.9240018426641632,0.4993354942973542,0.20712185984541998,0.4389758717997181,0.7297758193216053,0.338424183648628,0.40716267076584456,0.6270029000334055,0.8687181681887362,0.8754650861898005,0.5976090103332972,0.13005458095665937,0.904023865642538,0.4312201317602117,0.1885509069149206,0.08808886541766738,0.8037527553628583,0.7313029894320421,0.1991846667038917,0.7790325877991118,0.2699350339626609,0.5227697562694806,0.369491673740203,0.20221143243271197,0.1821231472807256,0.8606871371304113,0.5758991739346289,0.5988499591544257,1.0,0.073877644620355,0.5643590497180458,0.06862178215325401,0.7876152203735453,0.2951563224882941,0.7796805645108993,0.1724893260676915,0.46582008538509534,0.4018103618694096,0.7300338457020038,0.4481184999946188,0.1166715790904409,0.8109611304480424,0.7107122273544558,0.10085459766428033,0.0673952199476294,0.4246517725009109,0.6995192735456636,0.2507491559059819,0.5432694808609134,0.3052634506700111,0.7460949964602415,0.0796919220229829,0.5775149109754752,0.8786388398660371,0.8883906116106907,0.6922424599177521,0.07332941772450884,0.6627234474581146,0.6204598225724175,0.4849363627966701,0.5139877048574863,0.7446559844835644,0.5001247977368237,0.6832368973614187,0.2012779512427729,0.7909573941440701,0.4164975084991336,0.6920843602272344,0.3001586694041916,0.7343875416496141,0.25122336313893706,0.9017790959084028,0.1484292620177905,0.3279652123921968,0.3333787479936942,1.0,0.6590678025535611,0.0441023394425426,0.4504213468917731,0.8709766350459562,0.6405999242067018,0.09591934127767286,0.5619414145355781,0.6600425132513039,0.4114568931922427,0.1808941516032166,0.7888721429081025,0.6900910322816157,0.26327742078635513,0.9151478092995426,0.2452780718171285,0.5106097530854784,0.4547797257178394,0.3459234612553632,0.2390004015122534,0.3315214981191024,0.96531274585032,0.1241080064841305,0.4078758526046099,0.1409566579834083,0.2317621397363387,0.465644877345926,0.1491079462256523,0.5186438792522257,0.0168753737331509,0.8833465866005598,0.8018683025139749,0.6851913081667365,0.7180296032676351,0.7914126523144669,0.2603773019325179,0.4500351114536777,0.0687579285177919,0.5880191169899474,0.21206207943238,0.6929006834491005,0.6593571733249207,0.7419848639431121,0.29814239762558375,0.8743375743962676,0.6802906994327504,0.588713870054284,0.7696177699630928,0.5530861545994602,0.3083524572049773,0.1090772786182304,0.793765334914009,0.9117457855219664,0.0667816926272232,0.7892327627073422,0.0857170398043518,0.972926979439531,0.3376708381143134,0.6583009955768578,0.7369033378318806,0.912595044329822,0.10019875102589108,0.2906398000458847,0.1119379164765987,0.7399108782834891
TARGET-50-PALKCW-01A,0.0574672196740531,0.3604824962499243,0.4297051805389147,0.5769643600366986,0.1600001477793253,0.21860272597038552,0.28960895610805754,0.35596575451770474,0.39488789862461754,0.2270630638278487,0.6769272738462156,0.3794223350255849,0.2245775684330126,0.31554278069660857,0.3422998217004176,0.1235925361949233,0.8530102008428703,0.3952057345184006,0.14585951807270864,0.587641995309157,0.19775039785508783,0.1440311347514158,0.2196572628564636,0.5329485670386271,0.4600835017439992,0.2472664425070354,0.26794715445150935,0.2935125007155012,0.3254856041912111,0.5231934603989857,0.0994077337135465,0.1907177062320193,0.2192746893801179,0.3268868217575735,0.3236937280781111,0.25496506762464577,0.6017868054714526,0.3468098480691114,0.0976807284627784,0.4657156426132146,0.5337027529202207,0.5864097608582067,0.35273546814519624,0.18250061230376918,0.2537334099837912,0.19491698081636555,0.312283728031493,0.5901977931557068,0.07644290323258451,0.1980947373878509,0.5653823823932068,0.2308139431315239,0.21274780634070045,0.2310017361860026,0.24591921556812055,0.3862775709131718,0.2690937266888636,0.169455080669178,0.5571123240927744,0.312999800263082,0.6156692278609561,0.2922832728071335,0.23541353787307595,0.35081151359966534,0.2437639564693835,0.2028997845889972,0.4583555641147146,0.4882591392240257,0.7059905455253377,0.0029396299074055,0.4478957482205205,0.10590420772301537,0.4658319124412697,0.554818375505338,0.419760806928324,0.09638417284730352,0.4827136157466891,0.3013332904350441,0.5028451312541193,0.3035196319073557,0.120944054365147,0.3734161606008221,0.2904369028302492,0.1088768039100776,0.4115844531784525,0.6446187914036806,0.589126456515751,0.1966981297123104,0.0553305674673862,0.5518374141797446,0.771471605667112,0.06417280345921231,0.4370595960607494,0.106855299517806,0.5422785555496157,0.2935971512852723,0.42120718814903574,0.4612273323734821,0.2577757478531314,0.6363389632020884,0.2349652265237616,0.5061527060399049,0.3731890919897266,0.07941768657140176,0.0351698714466626,0.21643986108980057,0.1977540672087242,0.2810801476094915,0.5785558292548092,0.4376378606319053,0.353694140441536,0.4942081557410939,0.3101850298235465,0.4854381176420815,0.4139726186381817,0.5374147600745497,0.05552921653740216,0.3356127118523483,0.489322538984131,0.3462229783460741,0.911956454613357,0.5195401263966307,0.16024735900122708,0.4085796840996599,0.3180635913693618,0.3517318850665875,0.3636608458350764,0.2540508629691592,0.6041448677467074,0.455393383223596,0.24590434701063066,0.22894672234632138,0.16362675976356433,0.2026006435420113,0.35514530331337674,0.451799481475931,0.4765625549182134,0.15329746739872763,0.6075350749409747,0.2965391371108424,0.3957308641077366,0.10417880424321245,0.578645156608524,0.1577276295755895,0.4498626185086111,0.22585178305658032,0.418534840246864,0.5245820904803075,0.21922280138645886,0.4528020495029079,0.3463807027100895,0.19090858454631507,0.3531606350107442,0.5486534000269745,0.41780100418625465,0.25867085784725824,0.4341165342432508,0.3067331215007512,0.6646836019665717,0.3104678838492709,0.4946761662592989,0.1027837843838513,0.35006510686383113,0.5141690115313551,0.07284058064708641,0.1711123893841516,0.2644685715660572,0.45769690358173,0.6377163014139403,0.458118114664014,0.1866691718603655,0.2287838759934917,0.23271596636729389,0.6612395079832862,0.1672421920856239,0.4372313663093477,0.1040900901272122,0.850102168366104,0.3703820960753502,0.2706501412984126,0.3244810331800006,0.3082738042727539,0.14552404232327995,0.2478095598355721,0.15921380844240557,0.31720875745262656,0.3922236460753636,0.3348726658404302,0.2545781648235874,0.3085978105613636,0.17277252186676817,0.4597400033228986,0.43593331635876487,0.10645507602882912,0.3245338551969681,0.5122962590159355,0.0374222702184015,0.1086010224505621,0.1254780937254222,0.3819339912257999
TARGET-50-PAJLIP-01A,0.3322572663967411,0.5879876321285142,0.41015746481151755,0.5857539870746611,0.5264354532232869,0.2622061125944487,0.36913131140386346,0.32698447928562074,0.4450457102516518,0.5957364763382865,0.6172278159483521,0.3160522645713588,0.268468768485082,0.24473420594152992,0.2651379477902506,0.1659291169334497,0.2802200115408825,0.3616106801713219,0.1685566071412441,0.4292709039061587,0.22262862085591786,0.6778442867526178,0.1799029176067426,0.4070200736527785,0.2515674087858976,0.4985604709778981,0.5784841280091305,0.1779203544364544,0.1742202777222719,0.9646277778690322,0.300645817471269,0.1588645616880206,0.4243729213766915,0.4658622369230154,0.3818979864801842,0.1602813407710195,0.793923243361917,0.4855073954329372,0.4611116880565442,0.3887151975933919,0.4256832468343428,0.267328957471183,0.33259673993893146,0.278771343858979,0.3192217917053381,0.0823200037255132,0.562527287885182,0.5907261943881761,0.3496010752743872,0.3423237135757567,0.5231676874017512,0.419034465117154,0.2505727366981061,0.7912371881485378,0.7113985707620342,0.18830287534554518,0.4747964137520055,0.3514989701398092,0.3381289410714954,0.0647352154392262,0.3456408867297542,0.3595308178693338,0.1767725195719664,0.3649198474843227,0.5376976466684331,0.4267089386829064,0.42348587452617914,0.6389480891322139,0.5440110394443587,0.6450199690515764,0.3216322915290299,0.13303638012749022,0.2738150387076985,0.3659273076670358,0.5987263457658094,0.2586333018026668,0.3492367671556065,0.5556514823327221,0.2112620686024008,0.4569196133200975,0.3657796303623425,0.31774038396435317,0.26389312687338,0.0891718963825912,0.3363522067892216,0.6846867060250804,0.5345471411553175,0.3886233070545966,0.0453166464462597,0.24667431509794766,1.0,0.11087233924749675,0.3645242005403837,0.16644984382787933,0.6586030875401399,0.304761786991268,0.44252688788091055,0.3777527849292446,0.4724674282209142,0.4650640539347276,0.1071145353321731,0.3740860368509253,0.846477820144745,0.14444025682548925,0.10267635395280302,0.243360775278348,0.4553550568715783,0.20319870761080214,0.5550350814628408,0.4894584790613475,0.28677058394477783,0.1555258872561969,0.7971882917357341,0.5573033431891888,0.4281193530304105,0.6391577334090369,0.0303978524041978,0.4297837269309899,0.4891568281484525,0.4258807880944277,0.1886125726309346,0.6256113248222631,0.0780031052581368,0.2691861156852609,0.1666047268730843,0.3325590380586089,0.9248573547237808,0.535614033835911,0.4937151000669181,0.3961684946097577,0.1516531383768629,0.2025152906613603,0.2420115711327836,0.1659332653436046,0.3230904641265612,0.2679402329710607,0.5460603988352606,0.21946823270429483,0.6659384754115354,0.4804589769190047,0.5922209441633919,0.16065257440083255,0.6695519764755844,0.6041663484831863,0.4033341908538205,0.1397388818881045,0.7093301825038678,0.5468500761604281,0.2500568776371237,0.5598908266262652,0.3787268330201259,0.194620720984298,0.3782125715437757,0.2394145137621997,0.3597610703691953,0.2651379477902506,0.3735242547364713,0.3576456713130353,0.5329708903230871,0.370925890016266,0.2718846017384841,0.2132033705647828,0.4734787926987425,0.4759744282015429,0.11516711993226629,0.5164891920684024,0.4438797316620831,0.9999999999999998,0.62088275668948,0.5857791268666298,0.5173416438752566,0.3220116872768219,0.1490421191713774,0.7511815326308051,0.3457638764987198,0.5627198802937055,0.540597142467477,0.2879494139841339,1.0,0.4311511809176847,0.3980176391194771,0.1754413240967661,0.0643089342595977,0.16467117994371525,0.08994011191634906,0.18596392290305624,0.5455936050441077,0.4213030218982747,0.2398616494100381,0.5428474379388102,0.18890751408866643,0.4403134764615527,0.4577037718817384,0.1063240320988478,0.3050672780647729,0.6118236240611583,0.12049515742308285,0.4580162420738028,0.1877810448407714,0.3559622923624603
TARGET-50-CAAAAM-01A,0.6968450213155378,0.4896118932897574,0.6376001601320248,0.543934779362514,0.7811111025457416,0.8916403379320638,0.4193129523600492,0.1761318426380771,0.2787546495379735,0.0648348945023715,0.4104698687251015,0.622001123016647,0.0895485818767085,0.23263791468223516,0.312954367760834,1.0,0.0190850657355983,0.4331387463355641,0.12130247073370234,1.0,0.4093101048377714,0.6130777067262431,0.2123475885182883,0.5493166797510607,0.2612476721379393,0.2390379999507487,0.4087316815556967,0.3470117852322675,0.36504112432743396,0.788225970531455,0.7443668344879387,0.0544569519799226,0.8723689003888503,1.0,0.5422430665308309,0.8327725442703702,0.8724178282750861,1.0,0.8996713983725131,0.4502177271906721,0.6607897021425377,0.29893816078128593,0.38916681846044354,0.0472849871116504,0.9136245057025152,1.0,0.4641784687109166,0.5734035957648131,0.0763092971925969,0.6182656102982736,0.7920374480344972,1.0,0.30085703602810415,0.3172768517557218,0.2295311974333398,0.2407881186124323,0.6582492818371151,0.2327435949028442,0.1556359645111356,0.1643315804805748,0.840987087536006,0.2070958600014953,0.2379369583038206,0.399796282531812,1.0000000000000002,0.6055631665022188,0.38910991985361143,0.8108182490955541,0.6524206597852453,0.5043939509531452,0.3799797722230807,0.11064262289793114,0.8573528500945338,0.1484243691478944,0.8317974859809454,0.3218772999618816,0.6065164745421656,0.94789727785668,0.2116817468323062,1.0,0.2106952821731381,0.3121945093198512,0.3884425231235719,0.289872431714537,0.3761985853277116,0.8854600741863577,0.4289083869278109,0.8536516624155875,0.7683866350271518,0.3259132510730033,0.3785079265972575,0.0523848170031486,0.6554468879206209,0.6433721276531996,0.645098979443179,0.5026911888993597,0.9439852987860858,0.36166796574247606,1.0,0.4987145780935764,0.067091253929982,0.6358563229617697,0.9361663160851796,0.06309359269716072,0.0180418438900779,0.1638160162534008,0.8184232537702351,0.1441917168068503,0.5682917219322905,0.4702782087852427,0.670923979447255,0.3113016100045677,0.3383478770795343,0.8284980515982938,0.7151362138255809,0.591469095389527,0.0190397132214752,0.6111738956250049,0.4950916972908058,0.6492019228912754,0.5502760288080701,0.4779101147113783,0.9309769297911292,0.796767643769472,0.5109423153010108,0.8472696336192646,0.5331029811119563,0.8166946037164033,0.4869066642728388,0.4041354754588427,0.2543208149838232,0.5140889322768606,0.3436234311588707,0.4841092882980951,0.33475569936227817,0.7306532928742202,0.458096523634896,0.18925354496420724,0.8882812574710109,1.0,0.3825618766380052,0.19094958831343212,0.3971289132509887,0.3574713609376551,0.42127093245483754,0.2231187251019662,0.3899648141614131,0.8350797169260961,0.1615313158338844,1.0,0.0989044890845501,0.5327695721559502,0.6432489218782333,0.6513940612589777,0.2601505057662426,0.16165265567951836,0.9086025661275888,0.252408590948263,0.6185454390688591,0.29492319547786544,0.491291544668648,1.0,0.34598594039050345,0.7034515335166661,0.04232356408255835,0.5079069864877325,0.9175828008448284,0.5989776551202561,0.532770814433461,1.0,0.3797198008924251,1.0,0.11331539642173896,0.6539770544848498,0.0855106674032577,0.8349524542296625,0.9440663440938336,0.7730806830770511,0.4009882959345433,1.0,0.3330936766323963,0.0015497490192759,1.0,0.1271241892311944,0.9154953460143284,0.3178874201699107,0.8928127244664003,0.5946470895085122,0.0726914724953178,0.8751064511845197,0.0933024845012404,0.9234756029280484,0.2866830340886968,1.0,1.0,0.8261118689254001,0.07366500474521295,0.7706503213213667,0.3359236748997306,0.4804801173882234
TARGET-50-PAKGED-01A,0.5721481235482524,0.2830655723704009,0.27564424882697397,0.439566640223154,0.3605199469265709,0.3748682396428681,0.1410251896658057,0.1043254733614714,0.1651104668479363,0.1678198873493971,0.4213052751550749,0.2314100456478279,0.20579498758840434,0.0983652899698735,0.2561181538204865,0.1713043359182687,0.3025613114082094,0.1361406734321263,0.0752975215531556,0.41099710502661,0.2139113871498452,0.3205895272975022,0.1286987326403899,0.2785106328617324,0.2087850523599053,0.1448751448566859,0.1296321415443458,0.2920909852272559,0.124633492560283,0.401783706643757,0.0844048237025267,0.13093823793780407,0.2455719032067798,0.5655846880229262,0.2444683620765395,0.1146618726230127,0.2678230738075129,0.5786409720383683,0.2176382606483544,0.44487442562970275,0.43225601527455493,0.0991781472179134,0.2573821358988927,0.0782636736131616,0.2626887043601688,0.4182538002834944,0.6008201741602591,0.1575617661459767,0.06272771017288019,0.3603559610869079,0.5224875529152804,0.3194325996127937,0.0539774198588739,0.2692009951504724,0.21952300184159687,0.13339629068267,0.534003036983028,0.1856785496122537,0.128231860476535,0.0240165479555539,0.6372889204188062,0.2320225973924391,0.4212610132119531,0.3246859102451098,0.2523582187916738,0.0977901201915751,0.1994958474490535,0.3496899617129287,0.7534037442485126,0.5023843990311837,0.0434772663343191,0.10677907818273526,0.306153066316619,0.2171065793811921,0.3396969316242727,0.810698393294123,0.5030837355635271,0.3688792946059145,0.1082195606956711,0.4051233650271461,0.2804384670508029,0.25238858225251615,0.21175144046483596,0.0924447937401511,0.1083515610468033,0.6222587104684364,0.2066192379466984,0.1737468762705932,0.0970824683654875,0.0918454502624585,0.9012989818701176,0.0465184840592849,0.1113575091425105,0.0626072702765004,0.362554782240795,0.1112092097636421,0.27902474769148977,0.2702363325649004,0.3366153460475523,0.1283668450879747,0.15532063915949876,0.5322233356289929,0.5565574397105973,0.0115670827925862,0.046699855570792,0.051489327520074,0.4389443982668842,0.2559225729932113,0.4552047199013542,0.1210949201135934,0.2546721115354671,0.3450313850076814,0.4646957976146589,0.3136491137915917,0.392792658615993,0.008390265375863,0.0112775013577678,0.3555865923547529,0.1311488648815497,0.3959801409138082,0.1955352648199377,0.2056937593444811,0.1043581552600609,0.5784140442287986,0.1567642437147887,0.3383775062157683,0.1668039502652909,0.1806399890509314,0.2777317982569164,0.6497607392892373,0.2028924580378454,0.1977791914923031,0.0354510656026878,0.0615606852855478,0.24315021765782358,0.2090321922286193,0.2739561308084454,1.0,0.1129694818622865,0.5251764890099991,0.3360059883762379,1.0,0.5133293977581579,0.2206306707514429,0.28158104154783886,0.1239875794377363,0.2409042820140021,0.7245189693110733,0.1830889379863788,0.3271880618107701,0.1637016128250683,0.2453783139366442,0.2923257386840361,0.3007058439082057,0.1540909596628618,0.21032079360378053,0.5095025494098573,0.0800162748680733,0.4068799450782704,0.15979068117190148,0.3342631308340845,0.1126242065607385,0.268635736854379,0.0395678593018409,0.0108800760030412,0.5309914130185672,0.4118324234823818,0.5259044974448128,0.3740190756271601,0.4792015491346926,0.4500299752579573,0.138336718031385,0.0443303656508452,0.3444417223995298,0.0506492223137148,0.6854679307486256,0.3710851554770979,0.1061372072160204,0.3199010706683267,0.2147899189547275,0.3844540172619586,0.0830774768275207,0.0411667523315089,0.1699605721309307,0.1046233765051934,0.17051197165747564,0.6177124595276839,0.2819150824009819,0.1552674666313308,0.4753395611385191,0.13356566399265335,0.5482459632762445,0.340458038023439,0.0943392361372439,0.4422839443029662,0.4562029990132787,0.0113708454193929,0.9612827347439732,0.1470877763902263,0.3164734228697083
TARGET-50-PAJMEL-01A,0.4178819898109744,0.1644656413009577,0.4726953007678534,0.6361427146801185,0.5252846496832395,0.26692131014867704,0.3108645112175759,0.26643803034058083,0.3927238517209546,0.4662560297462719,0.3948582359517657,0.4777453661236753,0.1219382950221709,0.30820282810971067,0.2261365680737425,0.0888479833386764,0.28617360365469957,0.3497875729654783,0.17666444182638777,0.8320456221664936,0.1191472431525535,0.2210140846721984,0.2836930672554664,0.4585740880966893,0.4619622451421199,0.7516938377508757,0.1066490882619199,0.2589760957818315,0.39429928760020455,0.4937958164693242,0.1283876732295391,0.1371028065883241,0.19464362033916657,0.1383482130164929,0.4164849592094112,0.3140660114592474,0.6369776496860131,0.2135160338914168,0.16677528974025102,0.8414105018928664,0.2516297402753779,0.3830598332694667,0.3103072515244624,0.34244556774722723,0.5603683789110836,0.7460676021781147,0.3391593354820476,0.6918282298808576,0.13295848521284293,0.045741253988054,0.7199347180380418,0.21365589361981796,0.19858215348588432,0.2926267604640638,0.1311531385030608,0.22811680601801573,0.680518502737214,0.2188556434324475,0.7679097280379925,0.2915907555226647,0.8401195732186061,0.2147772275903167,0.1507695569001567,0.359261995113868,0.2607663171388248,0.2677004345866854,0.4622710688594812,0.3995878273503193,0.759283662984326,0.5311941523438054,0.6737680067099747,0.11684217381012026,0.675952748410823,0.7924773681269106,0.25660601443580905,0.038573042664524146,0.5437705339326473,0.2079507845704827,0.1395248283373857,0.110089033466608,0.0844843114144288,0.5834593418036684,0.32702892707177017,0.0760548491253278,0.3670068267013837,0.6652422572306883,0.6385622258008803,0.072164098182398,0.5039861824316373,0.4765459185979785,0.5466819898721712,0.0680231217701259,0.8283137406428681,0.1380063981427142,0.6232438035140699,0.2646856757356622,0.3265922383014187,0.5321578442001419,0.1156098734281659,0.4617618326410176,0.11643661653933972,0.5634297286032863,0.4558155856428666,0.0265921079086069,0.0454228035801575,0.1183712244571287,0.0586402688406457,0.3630223202410693,0.6864867039269318,0.335965431611274,0.2901147477924105,0.2744015584272378,0.3839869510199705,0.2979469055483306,0.56349898138482,0.6909401482328411,0.0479350757689026,0.0859355798541513,0.4616688921296482,0.0983659070658195,0.2974275234911966,0.678035243963128,0.18795994640355007,0.4949183655555451,0.2963081856080768,0.7715127323820583,0.1604829717695279,0.1020848118069904,0.3641232029704445,0.4158769475036063,0.28841568228204334,0.34995334216186114,0.14766638266321205,0.141524740109089,0.36185788168292776,0.6008160306119561,0.7471624784302164,0.19871513351749984,0.5534516768278016,0.2405992793504063,0.2764340069057051,0.14236104746742256,0.4852178497892179,0.4708625534982911,0.3221859378340524,0.4628566869471489,0.5287129129737971,0.7289644325663768,0.1167203310197157,0.5836439142892358,0.16354740589483005,0.2785096336996135,0.4870121565474961,0.6178061560745309,0.36481939641818095,0.2261365680737425,0.8831916368806284,0.1839531586218392,0.5200987978958366,0.19855494016038644,0.1520192299245568,0.17086823382180802,0.27953318132788335,0.3713850693757485,0.0871820103723029,0.4215464931129072,0.1118742868942014,0.5733437271116524,0.5985592565112777,0.3595605002507136,0.1341924033756945,0.1138103920480747,0.1019131520153759,0.6779593999816862,0.2152847720627058,0.1864644694168129,0.0748280994797139,0.7585950788396361,0.2039389122719498,0.0969453126131098,0.185359406475046,0.1772092521070142,0.5883469513457339,0.3200524909159032,0.2549639884039937,0.1616745809083927,0.2489634923920422,0.4503231327389829,0.256012063084466,0.0554876494391839,0.18598568066015453,0.893382451247341,0.3903762589639739,0.3195444842110456,0.4365140037552861,0.7065298024863489,0.07689205075458945,0.0999200165754351,0.2838502807129403,0.2667963334274896
TARGET-50-PAKZFK-01A,0.3676800934256838,0.2984036727472945,0.4197338472811911,0.0047351544159665,0.3676097499645793,0.26371931866121373,0.25638259420935644,0.32965157428931774,0.3611429579240922,0.3288069648044218,0.7478788751278601,0.2259071287618847,0.24521258211335994,0.30702370444574706,0.27000033913800087,0.1313786896398688,0.0397959052913389,0.30028548765102664,0.166787381643402,0.3247100301343224,0.2400065986758345,0.372740888739551,0.2349635179003955,0.4446917732500501,0.645505528659538,0.2644965726816591,0.18332764534003282,0.3260925454270183,0.22460266447215552,0.1247908061720179,0.8508693583824369,0.3929131490433925,0.612184049505423,0.2075087332870052,0.1770726829054849,0.5091346646094798,0.4778244740306843,0.5682218198620601,0.3186645712442896,0.8894086153057732,1.0,0.2868981296332356,0.253327758167448,0.27830746389267547,0.1376499207123806,0.17014500202276034,0.27908534414672576,0.3714752257638303,0.1507496090270133,0.2688471731345664,0.428735564217851,0.70984959429541,0.1758417184609735,0.32563770689279004,0.2449523130059693,0.4087323373196931,0.885298552330624,0.1812631249354283,0.7763770116363737,0.2925508280173861,0.5798652847073391,0.2270291565895371,0.15983640385175776,0.2975679640736528,0.6638699974161788,0.5971156223729148,0.3144432248407788,0.2977199820096455,0.8050493832978125,0.2558520539983686,0.2124033248172829,0.13943751036972288,0.9014492017544145,0.7988521308543862,0.2942665932408936,0.1333349843382616,0.8742356150589266,0.4047803850276041,0.5363787584659426,0.4363991209594491,0.2309750287080421,0.5558844777711062,0.7556038052627652,0.207929385539245,0.7603553725514394,0.2592934934787375,0.087259852747657,0.0597685750275205,0.09147347754436697,1.0,0.39188907637732895,0.11303453022610914,0.3325876813052336,0.1143012380037282,0.8606760112064116,0.3915011101183696,0.5235328402901634,0.49204677059571933,0.4577580353075337,1.0,0.2497677005587229,0.8749595900231713,0.3907566525152294,0.11520664007910222,0.10614613474257477,0.21607805307301736,0.5463298764001893,0.3006664994157063,0.8393350177216432,0.7788492219972386,0.36643918299092393,0.630180358368002,0.0345798488424572,0.5450712558756216,0.4175334725306449,0.178400128643325,0.0397013368794839,0.3033950502937614,0.0848166049100773,0.2689264767392065,0.4398033228301165,0.0820071788582654,0.1018765246413088,0.3423050240272721,0.2089585741325762,0.1944399162375075,0.1218646547938359,0.7094383240134498,0.4433287720366478,0.1996800127144308,0.24748659739938084,0.4722214246610895,0.13757008988811475,0.8415793125482345,0.2633565668365409,0.9050695931661324,0.2529923719555618,0.1000996133743181,0.5427068948068087,0.4349184383721658,0.4735647172751551,0.14172199650905376,0.7490564812405538,0.1249398325121906,0.29575605230458407,0.5722685204749792,0.7417394455949249,0.321520060367723,0.2012503330126033,0.6217473852302646,0.2209113254381944,0.23763579960695888,0.1741969568749388,0.8529996315223358,0.35111622007052634,0.3462853508461043,0.9296973249586254,0.1900455467214338,0.7062442986830185,0.33162439000431143,0.420874873305555,0.17571879406194252,0.5171267051984975,0.7265437566601751,0.12642213023516563,0.9537205474851236,0.2054296352142741,0.0939663336223368,0.5559006246017996,0.6114749819292487,0.2721905298977738,0.2733353229760098,0.3668884023777599,0.6864661654221567,0.20440343310112685,0.668863295662246,0.6034138425316604,0.794846524631598,0.3122938425608179,0.0573977120073733,0.0876492254556891,0.2810013476930499,0.1243339470876393,0.2546888583494194,0.1021354389412771,0.8566503001534986,0.8310088164786971,0.8520399711406555,0.5244773041514809,0.6375124458633116,0.19412547040103914,0.9341191527804508,0.36307060091799803,0.1848374372440921,0.3370097402423926,0.9505789669903288,0.13037231092279294,0.1408929975133153,0.6183028440481367,0.4085480853997267
TARGET-50-PAJPDC-01A,0.4204534440338768,0.3533331312327483,0.2049240782381906,0.5850203886609627,0.583743198953856,0.1839607249840985,0.134766779603576,0.28683794193717954,0.4739755368341815,0.3973009457038441,0.3015260293520766,0.33967914643135805,0.327797587811382,0.26685545147422857,0.1812567180411598,0.1022011984031432,0.0208304369993134,0.2964384114019546,0.15288196428423342,0.6823340916786831,0.5217962200484877,0.8146076937585204,0.2306278270619088,0.6500865722085785,0.249951802714277,0.138445881641464,0.3411424823873686,0.6920004065492668,0.1191025125575011,0.6192999093236115,0.1043725544121222,0.12077103872757954,0.20833416340121885,0.047781951604967,0.1933054265291258,0.19119207686531886,0.5548124522655369,0.0359256849472946,0.18641499445961235,0.37051997105643086,0.6847526911705777,0.3373565072840619,0.2783591772447948,0.0516093032472703,0.3631820968624659,0.125933272629309,0.4636651809459419,0.4280569464091474,0.2687943700693502,0.09972275948787668,0.3851993673807939,0.14767051141859186,0.0994636418491289,0.3431838270087655,0.30640303062090324,0.0879653266971763,0.4831543135273284,0.0948788594360201,0.6227249814599148,0.2024531335235908,0.6919764240555089,0.1248151401756584,0.2266147909966601,0.27565255220554974,0.046822760858053,0.6461306016344834,0.39938910005592876,0.5068151958258557,0.7067858724512979,0.2432775857501534,0.5981964427961526,0.0260312663577662,0.6305682058792632,0.4566484508918269,0.27347094294445556,0.1973472294034163,0.8589978110277161,0.19948849499950944,0.1938880358705254,0.200949969124986,0.20219334665040628,0.1808166236971381,0.1626172668877459,0.2788764928394334,0.19335050079500798,0.5519313642374543,0.7316076914712468,0.19025489718960553,0.0580939977998552,0.0877695366511758,0.517194429020635,0.0671901092189987,0.1735768704919762,0.1121920815062904,0.7207225364719889,0.25549136537625855,0.35730905427887205,0.2582437957215744,0.0536586385650799,0.0204929045973791,0.19666619136438973,0.8582771973167684,0.7750797376783988,0.0565552319458123,0.0660431777130724,0.22094521010597482,0.0254218796342776,0.29345435995603353,0.6399156044056995,0.3474079197125324,0.215634321716071,0.4234514619675703,0.3026960966921516,0.4455573538125729,0.6069327617463124,0.5630677530072651,0.10285576102485906,0.21559572910772482,0.1941780066761115,0.386597405454966,0.432449281912422,0.7035380726969956,0.11608203545928948,0.4585566434226031,0.4047126966629445,0.7071081818523366,0.3815405504449758,0.0670426674844972,0.3067955735700433,0.6202227240418386,0.29996352503913826,0.2963733044899187,0.1382311403277401,0.3009902235072433,0.4058987001153358,0.6372682881630349,0.7638144605453151,0.3416138678167095,0.230369086505457,0.2717617062215783,0.2215719521769523,0.2895844529374108,0.6407049703431549,0.7773631739065296,0.2582437957215744,0.6701542216070252,0.3985435543562394,0.4232200688982401,0.24168953799617227,0.7221611118999307,0.4938356159367557,0.275595670269045,0.4617593101592487,0.5218295960177777,0.5324522595059278,0.23343761422535544,0.7503611107499464,0.3067740839185294,0.4510291382985169,0.28618745345702584,0.5018891176585069,0.11930422112273509,0.3321871527235343,0.7768450878365829,0.0531962321852184,0.5905885083745758,0.0276900490446516,0.5599652257683949,0.6337671686315874,0.0160797098315001,0.379299907379359,0.2510682412787867,0.1531809744527495,0.6614464764166332,0.18967912111458143,0.2999611510400867,0.21400839538979308,0.4562566264423541,0.3318711507591955,0.0300437800100639,1.0,0.4679874697689368,0.1453898334943528,0.19231991691599956,0.0534609229439121,0.25573589157266874,0.0565452912847765,0.6733690045674421,0.1487782568899673,0.0451085962118637,0.20125814424416683,0.765524631886392,0.36475679965007124,0.380783697673079,0.3140464765475413,0.5867612776158522,0.1141820202400833,0.1810801412692152,0.2356270211443147,0.34743137142317565
TARGET-50-PAJMLZ-01A,0.2408588350136974,0.436998115392807,0.3788899218345046,0.7457752725907091,0.3372321940429145,0.24896382502644884,0.3608149422808951,0.3528851485003814,0.42634842367701264,0.4541192647827828,0.3192414048935089,0.2170604553785088,0.22300423750529924,0.30878470734457864,0.3327245862382188,0.126708395540792,0.0936043144393349,0.3632186147853128,0.23582702635717273,0.4797028891344567,0.12888363427856828,0.3445333421388412,0.2757193819404874,0.2377782472243543,0.2455229397061933,0.4554347377250444,0.2900170996192809,0.1264331897154461,0.3785903680327124,0.7065831513945507,0.17907172941539265,0.17809548929764668,0.1393172037675806,0.0467738788869828,0.5691439614885522,0.2613399565929179,0.8674902647842095,0.138169711386116,0.1001433319505164,0.45822602142274976,0.3263072456010329,0.3616811831481292,0.3327245862382188,0.5963521329797735,0.2589802921175572,0.0400166296161685,0.3195647510980743,0.853430579553573,0.1868564105322027,0.22783106231873881,0.7214080040588602,0.19221696748828568,0.28563566872815105,0.7141007187517763,0.2065829777752122,0.20871595116844988,0.5126958260487824,0.39693774134790094,0.3450971699569527,0.0812369483567772,0.5431428598224382,0.2990979770656595,0.2131417138493176,0.3524684532372876,0.1360098578233783,0.450676444285796,0.6748028020764087,0.3015462906263993,0.3963232444942266,0.3375938989868345,0.4029045731675686,0.09640672994426704,0.2781678222213373,0.3494682301144073,0.31088267588608315,0.0717578222484674,0.3341098417223778,0.1507365958452158,0.063392185299985,0.0423733156564948,0.2199916165201535,0.5948184995715363,0.2985090065910202,0.2005378414085301,0.0838679559548553,0.4503055297210682,0.3477602633990602,0.17761225112528986,0.11428972984662761,0.27198678240856666,0.4453439759720444,0.0784152493249796,0.6725980485954571,0.1098251255168118,0.7184242926678772,0.30014519997456474,0.38566781435923236,0.5576985446983296,0.1285836816296965,0.4403317382804246,0.1654481112157,0.4002801171081411,0.5619882264571682,0.0391261270853286,0.06951394801675154,0.19546278537237563,0.0836283965000753,0.2714717540354685,0.1277320664853933,0.3970909981099618,0.28913259217866655,0.1975765330231534,0.8752207250640565,0.322161172758419,0.2416059287380291,0.8612049944169374,0.08447191066902601,0.1225549419808512,0.2533240872609105,0.2593665873778236,0.424169045543608,0.7596695690943719,0.15406833737550452,0.5197816417722301,0.3855754203031103,0.2785264965749613,0.3736399693806218,0.1822273878088834,0.2206142276496988,0.4222095205424697,0.28809157219876214,0.6221248185252028,0.15873703776624204,0.260319850203232,0.32227980270848816,0.5453786286891884,0.7571295077937151,0.13805976467899028,0.5900421570014093,0.222308672799224,0.4772887872841128,0.09111715901623513,0.3690802232376144,0.6080807394207566,0.8495246949863077,0.2973576829784164,0.3857586800222565,0.4822311119538598,0.420404456906425,0.5754542856223179,0.3551132166870307,0.139051411522257,0.1947379157567497,0.3901993372416452,0.3616796593145794,0.2433687551687466,0.4936817871646034,0.2706582978198636,0.1805678690419142,0.2302189030031707,0.0955565175510438,0.16314334642005837,0.3251788829757024,0.237710127812543,0.09146618692999096,0.4699007268542384,0.21100834603536203,0.6127027591068088,0.6971823315786699,0.2286346883275515,0.4188048334400223,0.1674541889724648,0.21096040005495542,0.7258735142248134,0.20345964577858414,0.2698739247712254,0.0595480030501609,0.6760667849050783,0.293770824371373,0.0988327056530831,0.3612917480334894,0.6419112036265486,0.16517377778099704,0.6234913071033859,0.11596658829967076,0.23383003945851732,0.24809167209052588,0.2940639107335424,0.1456394294297588,0.21720591836573877,0.2127563574983978,0.4974839516677846,0.4457568074613631,0.0730219188790035,0.315361222108875,0.2728274849175792,0.0689272739527059,0.22460676224699322,0.3878931751611496,0.35712499590997154
TARGET-50-PAKFME-01A,0.2867798067238352,0.3774229834545861,0.3285574633431297,0.7298299075958391,0.4953206550799797,0.20094590926393505,0.4301894072822937,0.29014502219215665,0.37696998496149703,0.3092514429204008,0.5571963234377951,0.2099880506978481,0.0922542442201667,0.25805099567691236,0.1710870090023175,0.0684012335610795,0.8013198576044466,0.4454970001081398,0.1309651783852053,0.782394524317366,0.0917276690003255,0.2590409467944222,0.1160869364066931,0.4368183408084163,0.2079414351061203,0.6050318628263314,0.1518046644125029,0.0559601518360615,0.3801874574257748,0.6178092331709308,0.12684213073075645,0.0561023395586388,0.1516847153472977,0.2940762731181165,0.3290558595806893,0.15451570215350438,0.6487481123953123,0.2706456120810858,0.0767024343655327,0.4456777987801397,0.2495584716641677,0.33993775991354463,0.1710870090023175,0.0916500380769484,0.3840820446451705,0.0595153447380586,0.3825093978353898,0.7309138197498104,0.041717038522778,0.2295310743855068,0.6096712153827127,0.1985301238107473,0.15273404959397277,0.3121062674637818,0.0992258721306772,0.22163826517232,0.5122149912838729,0.3610903669527063,0.3112055810729657,0.0785900333634442,0.6555811792762078,0.1182008620090795,0.1915590626922323,0.315808652790123,0.38189485139079,0.1182895017380754,0.3899521038555768,0.4513680356690123,0.6536403513223625,0.4520926638948302,0.6291223295129178,0.10444104094070426,0.3620920877417954,0.2266778202507963,0.2114376447204168,0.08174764904414876,0.4589891205818235,0.3115775554398156,0.0613266999620356,0.2835138510509907,0.2959358567559443,0.3763378062992455,0.24092055799167567,0.12496994889253232,0.1458418412686167,0.5090623931956245,0.5479313603901268,0.2084532664589158,0.0292417195015762,0.08284508110623,0.6334679041288157,0.0640761561811671,0.756105674591125,0.2614623329580368,0.4977836199592307,0.1934264726693745,0.3211030616299687,0.6506734985738655,0.2015569389535713,0.3000814201459866,0.0691183801616813,0.4958412686895188,0.6431669973195008,0.0201186576939066,0.05945318782652183,0.18846456150211172,0.248452878671185,0.23034367395327182,0.5264260539570355,0.0584058793591431,0.2749931209518981,0.1866830780623961,0.2668264327123534,0.3616374286199181,0.3444579449991011,0.7319107688552138,0.06993865952374131,0.2332355919993875,0.561478424204623,0.3445610018681799,0.3248823235857141,0.8294575207499323,0.0503334889733136,0.541316231809593,0.1711508911071032,0.6073438635884977,0.3616062881814469,0.3463890066642866,0.4468514961194867,0.5086398841654206,0.2677610740061424,0.1306781456417425,0.14776235962318135,0.17859312950678816,0.29812478283885946,0.3524264693679048,0.9495239151849624,0.148049660276175,0.1842662166028229,0.3200864092657776,0.2091402900065262,0.09354722127143536,0.4329306059581967,0.4619805465840305,0.37743740244353113,0.5930274838739164,0.1966090976541603,0.5333594305631559,0.1661401046115724,0.4821317682933002,0.101892835143268,0.1065031645940316,0.3297685416399363,0.357887929062441,0.5042362325893275,0.19017733591918448,0.6808484238608128,0.1391725185060578,0.395397635079956,0.21312861294906896,0.2388259232314336,0.1021984051335122,0.31664103271863836,0.3875062397068333,0.0356031823415354,0.5662435613907607,0.290448654163938,0.6039904408078234,0.7438436146073922,0.3583298336656522,0.4307894304547089,0.12397321304457451,0.0771039222220058,0.6524315280172939,0.2351571776524672,0.4537759746425501,0.1744846178229912,0.7305803355743756,0.2919882832018853,0.2001844706803855,0.043304297418137,0.5494170336194917,0.1649152080292125,0.2463982226754063,0.0504614091208487,0.1879078735310197,0.3344856016120363,0.394400780547612,0.14089411098568,0.3076815062618609,0.1660350449243408,0.696178987293777,0.39059786271611013,0.0706426713096103,0.2527452571459387,0.4202808603325709,0.0372091410695017,0.0439188132301855,0.0663140717375443,0.2986339357943984
TARGET-50-PAJNJJ-01A,0.0979455915260481,0.2367282595028787,0.33707159536454323,0.5040117396323354,0.6588414186114866,0.0617288176901537,0.1626253675318552,0.1209641630190682,0.48092674164699295,0.1231509912579835,0.3270541569676004,0.2211412411924327,0.2185620277811955,0.2187255677977133,0.3154412569062244,0.086133195165044,0.9193837801703278,0.4365806795938119,0.1674319585752114,0.7373186804637075,0.2570483647449143,0.4376175944026504,0.3854316932212386,0.5477827070731796,0.0659325738816355,0.3095931329726526,0.1031539595028701,0.1259319275712813,0.2072742277794976,0.6920783884899265,0.0968633346420885,0.06939595571072779,0.1439973261115048,0.1889731276955625,0.1243936489298645,0.18509489028927226,0.6928027214682435,0.2787350501872763,0.0954031951994977,0.38600863255133566,0.2090989202347165,0.3558407546627083,0.3154412569062244,0.0324744736877674,0.20824342584783406,0.3392663113864917,0.3462584922232139,0.7251257510456008,0.3658337065587501,0.1299021919552845,0.46672880795747357,0.030918171084342,0.0625861853752094,0.22917243545095256,0.4516418099920232,0.13236444768210284,0.7024162476282838,0.1651177787933408,0.0953720004628933,0.0278469057311155,0.5997351862202344,0.2085945630690802,0.0760415742030496,0.2815840029459515,0.1982557134497365,0.5625808019698371,0.2313130957847791,0.593442647315945,0.5281351528647535,0.4875992997956678,0.4820094271963255,0.10930558678772807,0.4139496215857616,0.142461445033257,0.3898376434121691,0.11637828201558978,0.6513033112183937,0.2398920076616223,0.108226081989713,0.1602604632525825,0.19185096890188147,0.3146753602567883,0.3636452636533253,0.1060900384500542,0.0551328848091966,0.8456350486213938,0.5358490658050266,0.155686887419848,0.0970883185400628,0.1059129942704318,0.6011816275240528,0.0942255221202184,0.0157552231181742,0.1615013430125527,0.4964629585450328,0.2578249895837525,0.1909079125572175,0.3116271852423784,0.0772420127707469,0.2617194669072484,0.088364143100527,0.6745049012608604,0.5816498661460251,0.0476636566586793,0.0531558237901748,0.20832660426836125,0.1826171188679936,0.0990282624457847,0.1433869086541185,0.3815546886614175,0.3752686367122272,0.1975131285319947,0.897056441189344,0.3395468889630123,0.568950571001699,0.6613487458349113,0.0250767103779467,0.0833097814160146,0.4820977698641099,0.8404667343137824,0.22037534108340845,0.5928237470141066,0.134826646400893,0.43981776449186694,0.3335186799815137,0.3489938144225278,0.2411111441662976,0.223874000150914,0.1167109994283105,0.7888929850933202,0.3673319645430272,0.4905295094109907,0.19539281496957275,0.15145666566506188,0.3050765825804741,0.5837742088458941,0.558717254278904,0.11005240314540568,0.1004600152009392,0.3053017675278938,0.6943873151720853,0.0477260838761693,0.5813068465602289,0.4579211775956844,0.16249650395412,0.08815893220173673,0.529084121200031,0.7894205042611541,0.0588686329967652,0.4439500241103526,0.1878646670764804,0.0735620244604022,0.718782933612103,0.2388936337920968,0.1786666608244391,0.2187255677977133,0.623417740426205,0.283063073360229,0.2770597819588917,0.2724204044722541,0.3286870200963365,0.0694456272816078,0.1114668372352566,0.3074243855152918,0.0448327565669083,0.5285924130993184,0.2784924315630053,0.664913000653715,0.4223149784336427,0.3256345691564735,0.206122183405049,0.18015747938094978,0.11714352936345124,0.5490833714154837,0.0587271793487774,0.2780298217786461,0.0875672340100754,0.5172470892718036,0.3773793074702611,0.129076359965683,0.0553622223925533,0.2922761645625223,0.046857803010339,0.2414667292489604,0.064512205959956,0.0815415916426277,0.3152661377110775,0.4070058013020182,0.06195881240788501,0.2301877780029563,0.0640784583653258,0.6514101374026199,0.1968887212607248,0.1073810561364436,0.2110819563117854,0.6058070532292583,0.0468550352502219,0.2236778979642744,0.0847789851395217,0.2387106856711629
TARGET-50-PAJMLI-01A,0.2421385014548817,0.3289348617098649,0.41429783613292676,0.8149725684153197,0.600629236614249,0.22446001731951362,0.2120188438543517,0.3566304840573894,0.4786504288019391,0.2790465614016959,0.4908204933875674,0.7631271266636841,0.1537641333873181,0.29896553879555066,0.2851581073092673,0.1100746625345437,0.3546937785089235,0.4411050104193315,0.16419808982288475,0.7713016878566885,0.2950579530591594,0.2030738349556795,0.3577799486821455,0.4618037606521128,0.2154555746407293,0.5298238398422686,0.2442916061075815,0.2210622921699053,0.3403682219216395,0.1045550531402929,0.2411263746177769,0.169858049678198,0.3719864031100794,0.3424055351403891,0.294591932613248,0.23065352215727156,0.7531662795189968,0.3349068903462565,0.322309023520249,0.4004449564730979,0.2534375414095132,0.36680873659536745,0.2851581073092673,0.3676753944538639,0.3349265177457998,0.2902456444423501,0.3472801571034272,0.6210710141700408,0.126304443942538,0.1445754416126925,0.7043672169498114,0.2384260298148418,0.23107496117878312,0.5100270974673577,0.320610378548039,0.17014542118548073,0.6619114676871425,0.1492660590615667,0.4822158142318855,0.20822738253905773,0.735845842236775,0.2624696763556053,0.2114910389728486,0.9434551011970996,0.3981642918910395,0.2200986781167288,0.4896316592431739,0.4191578042007121,0.4489942975058996,0.575986760085418,0.734019651795585,0.09344028167129954,0.4010638396445443,0.3844116054589942,0.30380761302797216,0.14399986468346107,0.5573054970709075,0.4269673849894385,0.267163360310415,0.4101476741627521,0.2310838810428199,0.2844657386537219,0.326605269360908,0.2403883243330548,0.2609858121435004,0.1811478718392541,0.4001941865855971,0.3186573044307798,0.09950950749693525,0.3461042652971902,0.5746214338077542,0.07449646623009969,0.7460338290896671,0.2359250591008073,0.5507335072952424,0.34942337580884447,0.468445135452471,0.7380027480915772,0.3029597330802962,0.5172605301068329,0.1686736816378567,0.5837268195434813,0.7703090749942557,0.08540116028686376,0.06145142618859526,0.19375351031044247,0.3828009489003289,0.2723719622786734,0.375714443363956,0.4408290603501792,0.38114428580106663,0.3950431109589729,0.650017670748365,0.5849387761118136,0.163684987138334,0.768885260905978,0.07897736716084981,0.4086016080737555,0.6825750645878262,0.3850228478786303,0.2028544185184597,0.6752493713584927,0.210279656780285,0.5369601522627354,0.177335573234526,0.7389706200846221,0.630036536909569,0.5035333077289029,0.4777756111613364,0.2858824764744437,0.20747294402226527,0.3495953646622819,0.21029544845951811,0.1784626315447729,0.36890806526711806,0.3975364115677165,0.934781875173584,0.14018874084665542,0.2818950454175378,0.3842510098789078,0.873731372462941,0.08501969835569055,0.4314390205667326,0.6997631249343736,0.4776688695460385,0.4338978518685104,0.2804869123124617,0.2842974131508402,0.24947190731470534,0.5485966278499492,0.1710398206472674,0.166683432798532,0.1427843960800865,0.4837849859840464,0.34781060138753345,0.252402193589413,0.8866141243813536,0.7200276103940981,0.280871368067437,0.2661923605891681,0.1880116969634739,0.1644627497338135,0.44825813471015963,0.1292093092903462,0.08808716093860364,0.5805012785507736,0.4757734426204195,0.6724216086899062,0.7653062220033983,0.4943358098095248,0.5413584851384569,0.1435148515120806,0.1285124373566569,0.7849345058682127,0.1468306185656416,0.5799101470523123,0.3674861438766032,0.7538251780785532,0.30345448279243425,0.4395969647525603,0.9046624404960408,0.5290869758711831,0.1342915437526834,0.2182853193210002,0.0841062100563399,0.21261681844809965,0.3845232239145423,0.5198009494026635,0.1248187412758775,0.4239971391757979,0.2910221279618067,0.8937440869655773,0.41795614354839133,0.0625826675901826,0.2388335393127125,0.1117916350357864,0.08449841727773981,0.2618439122319591,0.2007755644447975,0.3364300525354481
TARGET-50-PAKNRX-01A,0.1918220355713571,0.363479268713837,0.3236919022726434,0.5791031024485372,0.3451987387566625,0.35166078684060387,0.504553896705817,0.2189245577611879,0.3464804402198584,0.5353776459314257,0.5416390844632236,0.2505051578749634,0.28143523091449973,0.1937893366086871,0.5398021957528545,0.0815992231706357,0.0237219432524451,0.38909972417495126,0.158010082057543,0.434801986039993,0.0588230562230238,0.4378778721053846,0.31176186842802445,0.3674529417215582,0.062222358849266,0.538346083100237,0.4821189915953159,0.1326321246561389,0.2523176711267257,0.8876319097241114,0.117913024095116,0.1259171237401755,0.0923310550280766,0.2031988998429352,0.5813886434602575,0.19940746180644214,0.7159155583160606,0.3047100683644548,0.1716918589244312,0.29695289783664,0.4291592519730281,0.3051994267911486,0.3839908326882617,0.5468726736910451,0.2043224576468525,0.412859762697579,0.4389980232197799,0.4559404753161273,0.4916080489392017,0.1091872471116163,0.4669661951243614,0.1581646907561369,0.1132703489467999,0.1472929588124212,0.34743740152985164,0.18745824726459984,0.2768458135526207,0.2010000657248841,0.3306506271964672,0.050398162315569,0.3998579171521617,0.2951526572642723,0.1376223138190357,0.2200161358616503,0.429633775778437,0.5723289738432829,0.4186373545284764,0.4926521820062124,0.3978270031418172,0.6964016179755635,0.6334897331698195,0.0296447080466226,0.1596907938243283,0.311402432003609,0.3644476251437865,0.3117361844469865,0.3835707084042505,0.3365329952557822,0.4090853799668387,0.3231257716115962,0.2535269302788107,0.37128732824505717,0.20085845408193245,0.2282311604219259,0.1710527225198381,0.5871251868030184,0.3763473660698977,0.2494833926144786,0.0352802672811055,0.0999529663156476,0.3811866575584522,0.06601982074802673,0.126769920080546,0.0681338308994009,0.4321000315929248,0.27797499122890484,0.3455108462422223,0.5470873092449282,0.1908191197941865,0.1997060490067461,0.16398117217669309,0.4064096536905217,0.5462899809837335,0.09026745988774022,0.06828076629618589,0.19446910548110327,0.2027292460194261,0.27907754940603385,0.6149055404413811,0.2316638978671274,0.31939983315229975,0.3085193096591433,0.512642283827822,0.236817388984572,0.4324477639559058,0.2783774536862305,0.060123581204304985,0.2299777910457843,0.2151982689199192,0.6592161271838666,0.49492695656312025,0.729755766405788,0.0607275828657533,0.4223767235223981,0.0952707230927208,0.4074661980865662,0.7129221574919655,0.310519433943877,0.41398879496901,0.4174895936999219,0.39454688976193397,0.26708845809188275,0.22183824405657057,0.1854561240848475,0.4108922805079085,0.2930759344027765,0.7287081429438779,0.20308481131453313,0.0657386435587824,0.3578790744215435,0.9825292578492156,0.15624829149464384,0.4353959195389809,0.6432262569305636,0.2940910297563673,0.1557000745154507,0.7207398298517702,0.6717794220682434,0.1065422115374032,0.5747546684969251,0.4041526574554842,0.089548029651624,0.4966350977873264,0.4506335873637654,0.3099265740681497,0.20871662874934416,0.2979478323535507,0.3123613626779797,0.4622147842988841,0.1907077054199969,0.0836684255526598,0.0655377226586955,0.5275602774874891,0.4322432445286253,0.07553612091906557,0.698504306733937,0.3280142732157045,0.6312435316705509,0.5327345079481317,0.4853912195574986,0.2579706774597427,0.1038860219021533,0.0930262320677589,0.768598136689405,0.277949278922386,0.4854803620562075,0.1829574917263502,0.3066472060186384,0.7248599778444975,0.2273009640156141,0.2808894347048174,0.5304468436890772,0.1157577904198342,0.2056488806986373,0.1592124358422112,0.21249722571854568,0.3934179288524725,0.2361799741491467,0.0903524781816292,0.3104650764840131,0.1159711092072474,0.3342217357149797,0.6628777734542365,0.2243552501314551,0.257674831135621,0.3325585382259224,0.08172760902130174,0.7205804660000843,0.0800082284926119,0.3043018270483622
TARGET-50-PALEZT-01A,0.1146216973906643,0.2389406537459805,0.3956908089761656,0.4964776495711184,0.2335787455338035,0.1894247863018356,0.26808190632110396,0.1983134405228031,0.4146137093520203,0.1930479545707948,0.5235978031701817,0.2283247025947035,0.1895377352871002,0.2711773808736555,0.32123818342007704,0.0743741906172396,0.29193899022849373,0.3326132891020566,0.19093398110192866,0.0659641088063551,0.1409118051541966,0.1453114257445712,0.23305968456584203,0.4243932906062455,0.1490549024375659,0.1428201848825868,0.1650606057786919,0.0338504927362737,0.1228656472967154,0.6805882374554241,0.19240704916443466,0.1621473015815506,0.1927991113401124,0.1904622507871074,0.1990470472130939,0.22035255389476935,0.5305703541976186,0.4008796654681643,0.3352734848681457,0.29837034877092633,0.3925992113334962,0.1885288316048535,0.6242237910436068,0.2763537510840963,0.1100935801333061,0.1151324285896541,0.2449106034570936,0.500475681298308,0.0455932024847617,0.2279970071433873,0.4715997391571633,0.4725483654368628,0.2713413815158418,0.3128021507556035,0.2029854811128433,0.0907446582967567,0.3456203993542162,0.2588338845974251,0.2551163600775931,0.13165407916013147,0.1752525832552491,0.522368689716542,0.25115215952647096,0.2808681333947708,0.372648423128661,0.5128325454336231,0.3848040880505038,0.5609648175355121,0.3797031699603928,0.4300072504368254,0.4501287955600284,0.06163658096178798,0.2025316067506877,0.2548939944743279,0.3413071808074652,0.12246487607643103,0.4874704060951549,0.1460696776805994,0.3460194022319,0.3574854220458746,0.0698568395684685,0.23768574747653426,0.3139999869293709,0.2857836187874816,0.0471318868637632,0.6684545871714048,0.4735820239721042,0.1945497417136304,0.0703171998652468,0.239439325638808,0.4114270249823563,0.0173683896453144,0.0258297368806414,0.18968016949938876,0.556762041629713,0.2113988108123443,0.3702578320842277,0.46799068626045703,0.4046109963350598,0.248397731877039,0.3432872998531879,0.5094304607195856,0.458742980667684,0.06846580890636914,0.029496561890356744,0.18868919609829907,0.3217953752134986,0.1623508561913741,0.5469392785474396,0.1688050054433847,0.28967726632624374,0.2759461127373026,0.5080061332918061,0.2797663506168527,0.6728375850926284,0.5379254836875249,0.028499687112187175,0.4575547485758147,0.2753468201908945,0.3227424244690077,0.2489750526202244,0.4768749715491037,0.1029667692099561,0.3697321677021583,0.3688743515003558,0.2025007858930812,0.4955656846137353,0.3817606200706468,0.1829528084621725,0.4145075936632689,0.2633835741924838,0.2673271163501567,0.12771626524960553,0.2316491905541416,0.35174950917048214,0.3906461146694421,0.4315421932567583,0.0540507770813429,0.1114632827467592,0.4544679685685727,0.6044584582982752,0.06709360088742919,0.3226950228918666,0.2724716380802171,0.3923636388452914,0.27147357656697013,0.5950624044393047,0.5727384624151836,0.1806478504297051,0.4288417671789204,0.23722484060957671,0.13100180480454915,0.3997242877905231,0.2012034715382307,0.3400927212270409,0.23190230408800472,0.0853817201527304,0.3516789729583623,0.7282449979650906,0.292795705146494,0.4156057423315824,0.0593675346310525,0.41666344755634477,0.4724696941888058,0.0206820562206961,0.1765421238003226,0.3505063295945013,0.481671863418496,0.0517525527034726,0.6167837158812222,0.2727261259967553,0.20575977922917194,0.2813194462538059,0.5757361000087615,0.096279664143337,0.4880528454230475,0.2424782156343157,0.5724125765453003,0.168629271374004,0.1725884317468141,0.3600553123373183,0.492477105754725,0.0179071412971994,0.2679142966719401,0.11931539084816827,0.2502234636850991,0.6365821837881074,0.2180220927166857,0.20392269544590433,0.4687815772387913,0.1965861426998421,0.338023468696319,0.3371469289604663,0.13897875676830782,0.1639377560485965,0.5365203044176818,0.04874836791366036,0.219164988037308,0.1776256336589862,0.29792314335281195
TARGET-50-PAJNYT-01A,0.2377227073488109,0.2435900112631193,0.289686458816883,0.4087441422030505,0.1284953454440585,0.2735517253478661,0.3042485239966352,0.25213321420776613,0.8483839926885816,0.3381972440475694,0.4102732029123902,0.329727790928036,0.272539251123103,0.2956222283865414,0.3832290459433408,0.18409857138468258,0.5226969382929143,0.3644841491005069,0.2491555169670587,0.4147785381526073,0.2658561623757855,0.5608033112587688,0.3429462457895172,0.3265970882115612,0.3457799716355668,0.6616625831605258,0.2383669760396483,0.9361270773605112,0.23731243638782593,0.2779512189980823,0.1552031953606838,0.136108815803638,0.53602666898757,0.454842948082068,0.2874474046061646,0.2512455715115514,0.218853869936721,0.5593809297527668,0.3397690519731504,0.32853544189712663,0.6254245447659093,0.2601925404329022,0.4763896951493236,0.7456969448710574,0.2979440838976611,0.5074860817198538,0.3398739809156746,0.1743034656680761,0.1232412723574856,0.1752217109028878,0.4711769511254737,0.3462566905077533,0.23086832599572202,0.3606581324270512,0.3118799463056729,0.2452884758835558,0.3527819259464828,0.3179212793309184,0.4364458365963881,0.16580169867417158,0.6080397979735072,0.6391661392402169,0.264853135379338,0.32566544837052797,0.6436741611588364,0.314262375040681,0.40807515962445695,0.5270997883758398,0.2066569216017135,0.8992744872351778,0.5112608936694474,0.08034393806124483,0.2933999337590904,0.4629713956859299,0.3811262195097033,0.14029602711240824,0.2159107343138697,0.4428531967429975,0.0962965141882509,0.3433298464712619,0.4104839174080657,0.35348253912173694,0.4534530029605976,0.31758714674832617,0.50993306078773,0.0203169408183779,0.056663798979885,0.5498454933416662,0.2353594408284783,0.18703855807344877,0.5354536869989198,0.07004094064824255,0.3383765442681892,0.1562128807445775,0.4967086422638296,0.21803533086272536,0.3880583036779064,0.6360402993298127,0.4134497546021576,0.1587330513327601,0.3499670563663156,0.242998701548462,0.2868157842873511,0.08610635507866493,0.07259922526439723,0.24426601348262114,0.4468023347132658,0.4388444986297976,0.8557616850527052,0.2957264569278393,0.3197030583271434,0.3422944551713464,0.1877405887402249,0.0934939824978641,0.2798655721882804,0.3171832739738944,0.06780871781170655,0.4158077791143791,0.3225748110597299,0.3768117624210463,0.616239305269149,0.773483099283463,0.19523174418465336,0.42918459828514,0.18690689452454332,0.6742676297015064,0.6761348050779771,0.5482384078803016,0.9063109431565736,0.1632430026858354,0.2889468272874795,0.3860518749290333,0.3122037133707887,0.21348360194170318,1.0,0.3485630231158286,0.7294896792315468,0.15513420024363542,0.273569946015762,0.4245988449257901,0.4054115714984866,0.1890196237973277,0.3626750164596345,0.6635109716179028,0.5857879307900663,0.7776034491353964,0.3458368963259191,0.5434483097190933,0.2608767951132181,0.4303877398622902,0.3010137606079441,0.24987035297570293,0.4852820038147671,0.3926066274559261,0.3628835939074322,0.2911142009622546,0.8087941831898573,0.45451045166643445,0.8198247009881693,0.35637620278687954,0.0764312979154699,0.1604741519770047,0.60733494071472,0.6305047427329733,0.06297103822888944,0.357064292013724,0.6467425506050654,0.4394453274477514,0.0751340188226817,0.5340306232091442,0.1622203228171421,0.25797449602282474,0.3904002471008767,0.6310083871519307,0.10623903958156299,0.6114102909625538,0.5608614038777879,0.8281723066471202,0.4558154467827483,0.712532470956113,0.5705310690526745,0.3659527685681678,0.4981646252093711,0.31714122194448097,0.149074059070838,0.24445479636804046,0.4811121242252623,0.1485176223386775,0.2899578344139143,0.4418927302244382,0.2839641758805669,0.8574917936442322,0.4379699519295635,0.251748971171306,0.3151975500083348,0.1044033137233783,0.09196768962482464,0.257825321207245,0.1959062978950002,0.3943915265725854
TARGET-50-PAKNTW-01A,0.2772783036104031,0.3455064241340989,0.32534465287552833,0.8115271960355753,0.5588384856326991,0.17040099434070094,0.2268755430785793,0.38538283500809123,0.5139678057813462,0.3648211723458089,0.5545071663919808,0.7111276502926032,0.5038832695404551,0.2882432671901123,0.5511028842304002,0.1608979856254594,0.745262964011494,0.4244122582470853,0.19374148399946112,0.4516294739992291,0.0869561964171315,0.3088715177646041,0.2694021376858854,0.4254335828410975,0.2816832966299118,0.5463683571517232,0.3570851495055275,0.7983745575043555,0.37473351188889586,0.7318495628809016,0.2325018219381491,0.1000605491456459,0.0521929800995999,0.1313648306865999,1.0,0.21090199946107857,0.7419113319363466,0.0322521454371388,0.156943173727284,0.2781682569372573,0.6864249223729193,0.3184925418400356,0.3724128908227011,0.2660691370724414,0.273566872747382,0.1430326757543731,0.3666299071025343,0.5759651893169524,0.1846213300860278,0.0617214632053512,0.5050424892796587,0.1253518177995238,0.3024147214596878,0.2895532632820999,0.34706049047996496,0.1480868009550401,0.5037602164008579,0.4891431325009124,0.5073899680907362,0.23014032835076775,0.4222295067756957,0.1120523118656739,0.21451485617610047,0.2909544049410171,0.1609168661996526,0.3488574401235294,0.6188578826966497,0.7078497903264037,0.4356762954937179,0.3855509157724385,0.313938336716366,0.127315827995244,0.4859704234275634,0.3989170102304579,0.6810797413538627,0.1606708559392733,0.5700245659121665,0.0714168808533083,0.3350056832838273,0.1190058119895294,0.2828724883067252,0.29721462145104105,0.2718860124405845,0.2546487514627451,0.25339786730967345,0.3067604345677709,0.6418578576268068,0.198075311227048,0.10698624569776231,0.2349079277793502,0.5684489741610893,0.11863522427390352,0.3269324895045646,0.4055684031578905,0.7072788580298779,0.27530620017799173,0.5107573618102559,0.4347451320967177,0.1195307645709277,0.2867530583504891,0.1560014534700045,0.5909260433684982,0.5240544947381626,0.0358823527282934,0.10893847462130014,0.23154617819833392,0.0427969174975519,0.22915565403347846,0.4145444025326922,0.4621342751910757,0.2655372452159131,0.1726832228123116,0.3313211028307437,0.6356360332670202,0.3397226399117349,0.5181496460350905,0.0631835023012856,0.1556238101587815,0.5545543583238649,0.6383612904642937,0.2170689431684699,0.9362477799317174,0.1220844053966683,0.5014869876393542,0.3358669358494587,0.7591816372632508,0.5218191737746111,0.0425362704697129,0.2801423274097533,0.4739882518890977,0.22516447624529276,0.34674047170598143,0.1897398085955608,0.3449008407991887,0.35339403884269477,0.4196926852039025,0.8627893575989806,0.3151011800477855,0.2411349624959484,0.1899324494176322,0.3730092618447727,0.066581747747926,0.3908073501686164,0.6934305485014809,0.41287682506519296,0.5540401268891795,0.0866238875375564,0.1595931254775937,0.1574978599893932,0.6855794824378716,0.3282156585548064,0.0711597021572786,0.1712341033674155,0.4855127188722208,0.4051937562518503,0.27805118954694624,0.5885753115295675,0.32952040724267007,0.3688056188728058,0.2613482651305046,0.3578720461557584,0.1652970487679343,0.2982197382654292,0.7785147837195554,0.0337511827184283,0.8664611810213535,0.0841903464760047,0.523693323702225,0.5525906011715974,0.2275750202378357,0.5355433289202942,0.22950290361464598,0.1375176304502097,0.6576768435990032,0.157119413171255,0.1334275278961182,0.0546111411704888,0.5699426675510346,0.33384315822671934,0.125500628317684,0.8441574284658965,0.2421070082365457,0.0292227809187412,0.2335811264071118,0.1625455273956732,0.19158100686280521,0.1281614388476841,0.3203096332993016,0.133565107697705,0.0404960686935979,0.1714362904352273,0.6124875134853446,0.44194052847902615,0.26011053035242,0.5790838837152954,0.2744157626370974,0.12983840338083907,0.1487317128390371,0.213609884308208,0.35398351411216605
TARGET-50-PALFRD-01A,0.2489728782369238,0.1189672342190893,0.32906304680917436,0.4148335976931897,0.4204129644937373,0.064762695269069,0.0889680213062311,0.26151619554090055,0.39339640625794875,0.0467158882199705,0.3719896271375328,0.1494140495961355,0.1234994268138243,0.3057460113609316,0.3026688224239855,0.1855552691463932,0.013751480655874,0.3169871364007537,0.18416620029747696,0.5090419971977133,0.1453437906723606,0.2840694168718272,0.155403908275317,0.4554129273059604,0.0360699608363805,0.2518641051107061,0.0564327927810879,0.2061916257743886,0.0786270541301875,0.52128985070798,0.036743973130302,0.0392382049977934,0.0564018695422389,0.2223485394592514,0.1875335622727783,0.23180927427304662,0.3443939740120727,0.200870280475819,0.148416551208244,0.3881122376577074,0.2622662349773116,0.2309243526389079,0.35615117846067623,0.25719119753456116,0.1316779545218197,0.0221299601742448,0.3898668253506486,0.5343466601890363,0.12236264389887523,0.16024471173940602,0.2293550035422421,0.14526686409854825,0.3665177551568814,0.20204412242624692,0.1519808684425903,0.0580714407721611,0.628272176772589,0.1726059218407313,0.4004081752601391,0.056551025141711474,0.680841101242564,0.0841041640218986,0.2240037628870957,0.2910663538662291,0.1537513730226021,0.3783910507719493,0.464502017012899,0.3546570187214291,0.7610564824222141,0.1755725936032151,0.297489552212072,0.08072797065459565,0.3337412698265796,0.4873779542238703,0.4075169027896919,0.07567919329685495,0.6645172564207686,0.0766416874820361,0.2201359106533637,0.0649534832691475,0.0447044200471211,0.1193684176243452,0.27849639941167953,0.2246367904754673,0.11394591581693297,0.735945616302568,0.5510372576732654,0.1395248340414516,0.1264930212208041,0.1474300921220383,0.3385255153505269,0.0111147854818881,0.0455508692278757,0.4287404936258551,0.3996427295370335,0.2409993847479039,0.32971550116090453,0.30091048882178245,0.0361567910168431,0.1255941061866838,0.12094312680223772,0.678761979112295,0.609812142902408,0.06374090690994826,0.012999801556247,0.13775917415454048,0.1311175981531682,0.442838950582818,0.2629145305220312,0.078187108727457,0.2893850966736943,0.190984851549684,0.508616291720679,0.4417127943480251,0.4794801224645705,0.3565230735181437,0.05182281754076507,0.0470745552524015,0.4979729762210659,0.2572590539138133,0.1629274907079703,0.3282937799719675,0.13504910168528822,0.2338309298121746,0.4422090631649198,0.3094096097500756,0.34338535690804844,0.0931076228042722,0.1220038798516652,0.8341252629924412,0.18043526417814015,0.0913968277929443,0.10232620581446249,0.19999489067635182,0.2734475854663407,0.7407255564757402,0.5065894219334636,0.1709602500413821,0.1624312686553814,0.2813607899692267,0.146273571425604,0.0923155335462867,0.4538663923539412,0.1928869890601653,0.2720019286315474,0.1220317136985009,0.6645890657359443,0.5053841318662411,0.1182146591096243,0.3659520201245285,0.0712642642822243,0.1189405848094041,0.2601999998049357,0.28113316794862375,0.3587822126730297,0.1196589515607563,0.469144773603212,0.1863082442333561,0.1267598189797926,0.21495551833516055,0.5699779644946082,0.1299710500370969,0.1169452628869207,0.1382296306998094,0.05812350578332433,0.3773403258944242,0.1913942986948282,0.529762331578848,0.5372581823032502,0.146564412444734,0.2802551795786129,0.0602221582523987,0.1486071773945324,0.3310008276033343,0.1697896657237663,0.2379237396459704,0.0214154646432332,0.4801337558319095,0.23842308399952444,0.0546563731377286,0.4267356561526057,0.2872653139981401,0.0563909307659769,0.32964094642863795,0.0972574074144807,0.20888771262518452,0.220087515316378,0.4647656674653733,0.11435392325812727,0.0886418260779141,0.15765808220552027,0.4953085332856524,0.29354325180257057,0.0502648010664436,0.3017844929922577,0.4901595461286112,0.058640284432675785,0.0449916767374176,0.09802567855299098,0.31812402352219743
TARGET-50-PAJPGY-01A,0.1802975279033136,0.0497051177060683,0.2567770555118366,0.5477282742690588,0.6522588969911273,0.14367708429341275,0.6044107448119691,0.3872567302552246,0.2967050968871635,0.2322965090986325,0.2456987706793563,0.31312099294350465,0.178996426127134,0.2559731834209543,0.47026203900984,0.0375627557259439,0.0540435901224843,0.2446460994999457,0.2541053701779702,0.5332838681163996,0.1315731963891835,0.1105919548870002,0.403728661785832,0.6525475077780076,0.0532835013693832,0.39117861474602006,0.0833640159763187,0.0575481247416558,0.16461189730030598,0.5343925627821914,0.2175964517182692,0.1542069193208616,0.0302346836780777,0.2537444743303468,0.1005289005552257,0.19364889031051125,0.3001693370789404,0.0961103164063134,0.0999321150943259,0.25224766718772507,0.1874513138913213,0.1782240844033332,0.1767633721108944,0.21368455466100109,0.1809921110291435,0.0118629462304555,0.1302393769543641,0.4980615256688079,0.1314726271918128,0.14280660710076204,0.255131755544386,0.0469233793564171,0.0969979426179938,0.15253328572011565,0.1025180103430608,0.11675498463452387,0.5200917689175422,0.246158743132373,0.3777361925795205,0.11171123138300215,0.7124074373571788,0.1214225322015879,0.21361003707842138,0.275288554269108,0.1454177417759967,0.5658574225967867,0.3165213207529092,0.6221311704139857,0.288832984376435,0.2291890998466578,0.2398892591243678,0.0470329171062692,0.3242019967246345,0.2713234729051298,0.1881250440992457,0.0381220840316617,0.7734655637626582,0.1294482892792104,0.405414583453731,0.1035263714606555,0.16597964596782724,0.1763341876859699,0.20961412149082273,0.2001148779262439,0.11449012943348816,0.0532933957804496,0.4490361219639587,0.1569455921742115,0.1016972335399434,0.162463201493415,0.2027055612522697,0.0164190554608879,0.2785129892071244,0.1095700482962253,0.0684862997906456,0.3069569484728474,0.3204952658529765,0.2518419435802468,0.157696618016722,0.1447209907061952,0.0714116052613675,0.7881496840157483,0.2238443801836919,0.04670691557567381,0.038515869301418426,0.14941922706700592,0.1830411683392276,0.2882212252238369,0.1762509127353131,0.2775127691413986,0.2102887565288627,1.0,0.5377413879319778,0.4372961859287072,0.2012046161427904,0.2950643572986136,0.055680050825670235,0.1868964042889372,0.917683489021112,0.4709261806297703,0.15129824495130742,0.5672626053871884,0.0520034647452917,0.3534402608252993,0.2686071916760164,0.6933534966333141,0.3167020011659642,0.1618669406308191,0.0654011780948294,0.5678671957196816,0.1898692129837209,0.2595039476956475,0.1196361575037389,0.1956288257391298,0.2040523642505939,0.357444190428614,0.7771925209197658,0.05965722540287117,0.0562946369900776,0.2456819177117108,0.3332054904658295,0.04364576394126357,0.2069072132979885,0.4760535265495815,0.2518419435802468,0.2881258968582713,0.1157092615600767,0.0161167374355261,0.2427256295909461,0.4331309603158837,0.1052734584518894,0.0412218478662428,0.0760493335055799,0.3931989639505642,0.2769029364947063,0.2347019646107876,0.7721261318408834,0.21006553078320137,0.0475845025325434,0.14947754213665368,0.4104152868302568,0.0561225803652099,0.333422455468247,0.1634696723672584,0.05956637418042791,0.4321178914986029,0.2282912821285487,0.451169080435726,0.4203034873813317,0.1822608134948357,0.3474757936298454,0.13695121461078077,0.2119333775908456,0.5175600600569286,0.0910171396201711,0.2815604185129371,0.0316354915055183,0.3415189671420979,0.159412208935895,0.1924678319690368,0.39608531042055284,0.5330639608872427,0.06515403346198473,0.2739406644168784,0.1754953469080698,0.1263755983802844,0.1888862788211637,0.4391146892477976,0.11078751414789807,0.2726610671237408,0.13171703208126706,0.781362636368684,0.26492899417858556,0.21354656288743962,0.0638683300356807,0.1132760423197167,0.057133865933253154,0.2903356512338062,0.12792048480800158,0.2564552193140171
TARGET-50-PAJNCC-01A,0.2860868151357221,0.3551117282548055,0.45891495614775424,0.6038414393171189,0.9029799029461674,0.31588612880230266,0.25321920867863607,0.2723709444325743,0.8126098027824447,1.0,0.3739805148514018,0.119121741500943,0.2610469657775766,0.3146853375931937,0.3422622365682818,0.1546437610841113,0.0209845416073949,0.4737017640171912,0.1397764553282381,0.6052724958486995,0.1379592801432617,0.7541912486962691,0.6324699113310308,0.6545953192045835,0.1844021265060368,0.7119663740404395,0.1614155365822551,0.0989624569575996,0.401968719852005,0.5981530140101189,0.5350863662652982,0.17937314456326192,0.3575094430922071,0.4054832517531387,0.1038469803538209,0.206904559040527,0.7406895282006791,0.4157983636493279,0.3088162964029649,0.3725156125699999,0.4108332646308618,0.4881164482764236,0.7277249008186838,0.864948110270299,0.3524679233477134,0.1701212092595167,0.5983875548480574,0.7464940617831377,1.0,0.1686998889925981,0.2403199210502154,0.2599157758098668,0.32313375587776283,0.3454500985275078,0.2807742133199851,0.0886160985554851,0.7649710228944466,0.1791572250924559,0.214761466793143,0.0445824493715662,0.6828096114199191,0.24581692016678106,0.26218010405116793,0.38005958605291623,0.492265284127349,0.5179357328416903,0.47036603113448594,0.9041738862751229,0.8076199666177173,0.5351588067280247,0.2492365489578175,0.07820166282233935,0.7919593149025741,0.186332335263041,0.2256630721720899,0.1260361453790955,0.6709735483141888,0.4384822428365131,0.2111397922132849,0.4394519862943217,0.3577951357665516,0.3414312181314827,0.4343320459632688,0.3727137135650135,0.1910968805695585,0.6104521747548629,0.3989739053559273,0.3913389647377742,0.17618047556539593,0.0884188600449946,0.6568803186425538,0.06379345042339185,0.1152109738409839,0.1597960879258931,0.7105031676482128,0.20644011675262,0.5728945299086905,0.2601542961556489,0.4553535073220668,0.2814885282424572,0.2471393870330842,0.6997692585621609,0.7555939537560715,0.08286738160963726,0.06657271968732897,0.2060153062037949,0.4260589732017044,0.6318560630190666,0.4735360735071496,0.0623354000491474,0.2172295951439913,0.3958836265186032,0.5699895826316489,0.5881003294437894,0.780598476517676,0.7951979385471705,0.08293977714374758,0.313477147445715,0.1970932255360311,0.5167093338758505,0.1298954581846373,0.6778335099182456,0.1424260171935847,0.5561295728459181,0.4323361683102056,0.7066635928720131,0.6888878575656017,0.4828326746560976,0.2692529864876428,0.5786320507532151,0.1957665538111736,0.4672522234603067,0.19529402783545807,0.2142005359508504,0.7061790032442363,0.8632393832477596,0.8033176923757503,0.0989366644283498,0.1541785912751384,0.4910585876831858,0.2232111524900905,0.07510074101043988,0.4817233526995266,0.7755636836908797,0.47829484065896716,0.1764491705197053,0.7828033475383631,0.4246764762199924,0.0942477370912714,0.7400271007917005,0.3643275892962972,0.1944969096850324,0.4921967249453933,0.7079661318157648,0.2860424579127292,0.1825976642487113,0.7699338511659597,0.1485359815161213,0.4482227058641582,0.2937025163210248,0.5093049893358572,0.0579749750410329,1.0,0.3933498387052438,0.07746665616902504,0.9239456255823127,0.4898772000400178,0.7711455038003943,0.7553423671780427,0.5131407659817133,0.1098511248794809,0.1722543136605159,0.0822914386326191,0.7466468875650623,0.0940212720699605,0.5438116957623371,0.3290794062575542,0.5397430878202203,0.1646738046282607,0.3645531087105538,0.9137503791939058,0.2423663334897882,0.032777934473094,0.2619978870872492,0.15519237754454812,0.30462548639163856,0.4493484170853029,0.937593625466916,0.1498142274748194,0.5006123651836114,0.19700773350502773,0.7796415121012599,0.418247387339285,0.8613910891571823,0.3422677574698548,0.6676220412957363,0.08994030050138434,0.2630847547381804,0.1876454288014027,0.3752818159723321
TARGET-50-PALDWP-01A,0.0717804454439124,0.1366916896425457,0.3588231925074745,0.4065893626473977,0.4036750467833815,0.144028466748098,0.23283248127138118,0.2822390511114935,0.44258497504819605,0.262991629228366,0.6725372724147481,0.1736058806107358,0.2621214759261197,0.32148763550676684,0.3814054496279466,0.0565501529623634,0.1537384406733439,0.3736012636794216,0.20994263732508078,0.3739891127637851,0.3168489873878624,0.2495319425941428,0.1805655654164414,0.4464699006416774,0.203059347216005,0.203261228056776,0.2292554313335827,0.2871629699788143,0.2975936666184884,0.6698699734703287,0.21843722514339278,0.0872634852564404,0.0455178528231105,0.19295178509625113,0.1513447188223666,0.24983317922430723,0.6228031371460803,0.10377842367756,0.16867477245477788,0.3828337257698008,0.3370349323213777,0.2683136271502183,0.486108576256371,0.0757709094183193,0.2978478095427697,0.0326237264735754,0.6952340241830098,0.6170719896704491,0.2041017510783037,0.21924699077411103,0.5891489328681299,0.0376168875944772,0.32105543254512653,0.25685401608350017,0.27689248061026184,0.18036757741941675,0.3957012703698261,0.3526126198079998,0.4313018102342514,0.0649736587579441,0.422257830355579,0.097721583060748,0.19771377936236648,0.7180109168359119,0.1588305745448307,0.2939343669194461,0.4143015769623472,0.5276912086584576,0.6095630292689518,0.2501145062840791,0.2696095847624206,0.0678217495122857,0.5447988532268595,0.4035543484019076,0.3288772970587368,0.17602609647718812,0.4759268705221733,0.0344855224921434,0.6671155660516245,0.0619071538353136,0.3668197204766124,0.2566443537623129,0.2703139621617407,0.163489323025589,0.20302417896808123,0.5700431508859206,0.6389419598660477,0.083901952076547,0.08306205215292281,0.19400413490845905,0.6280508032466597,0.0247186363158506,0.4523023396914131,0.276291235719477,0.6618650993654134,0.27759457397688675,0.4108680131315178,0.3691817081103591,0.1063449243708211,0.058892789548,0.16209389342700073,0.4937528809373772,0.5366934490387233,0.0312932437909579,0.04090719505480371,0.2021901672635512,0.0944791667139614,0.2551470356239366,0.4349905466726352,0.4198354209946444,0.3165864995298753,0.3091343773540607,0.2600815192063361,0.6258670208479462,0.5514447967535482,0.598280264017736,0.052587835584491094,0.1720445419176874,0.5769330185401379,0.3641028667872376,0.33680068027942167,0.6252035842392357,0.0782904190356821,0.5116406076404469,0.4573945471929596,0.3102693779111909,0.6550139923205478,0.0939037581229547,0.0984604711157259,0.5218059826033409,0.2102190087452763,0.26488888467652316,0.15843282932879207,0.23787323929947107,0.2980418908911831,0.5826276923343885,0.6181731132563096,0.11624691838855435,0.2665784504352287,0.1131200809642964,0.36935608553013805,0.09174125445773287,0.5349189373470147,0.6817820053211194,0.3228036505185121,0.1402127337406563,0.5524178577111825,0.3974070090558206,0.25629622341257735,0.5569539730081088,0.1584875780085421,0.0620588600909611,0.3032066276391278,0.3745360411697809,0.44220149032839556,0.2888209508998748,0.3860573260932489,0.25598454915768265,0.4222343649687711,0.2607951935136342,0.4933188793132059,0.16170637652025172,0.4750843501501323,0.2490483283020522,0.0691059085324675,0.6362224212465716,0.1921870540572269,0.495078127538753,0.5605487498000671,0.1090997207037865,0.2686555511324641,0.23274501975294007,0.1199300605458918,0.5624263220813981,0.18971827462236823,0.1834876473942852,0.16023414026322433,0.5112545566908745,0.3080047895856456,0.16422599186878328,0.6071048516230276,0.3267209264174907,0.05154717803103584,0.2037076885390719,0.1155688702486928,0.24918788714523335,0.0984137814594603,0.5616175125748691,0.1164830385788536,0.1475586431725284,0.149510754543608,0.3832827791624004,0.3656206297618384,0.1478396261835082,0.3566939749463816,0.2564320665673785,0.06341188881346072,0.2657733352112843,0.1884178067410361,0.5735117805032083
TARGET-50-PAJNVE-01A,0.1436731208866278,0.1628906767464394,0.3643891985131011,0.7270176826692922,0.6323928145977405,0.3135213500036448,0.4307012552704032,0.39046254171007755,0.5410025915004136,0.6106332826609945,0.6187194322588557,0.7410117844876778,0.48872154621289143,0.3223046836661304,0.5792784855152057,0.1230984450503213,0.0911328654619515,0.8017397513587966,0.4434311560685641,0.7286951796134873,0.165077920882052,0.5610833313458339,0.3930553529570343,0.4503378712428691,0.31345413551770546,0.8675913787576741,0.5356926020124944,0.2633819643755163,1.0,0.9136321448356876,0.2996846273762076,0.1249466068811332,0.0990833200448361,0.0814340233454342,0.7994658304850788,0.3362392111509698,0.8944979669289792,0.1200574084915073,0.0541312966330309,0.398451026525738,0.5399605617322605,0.3700470228118298,0.3795627272767383,0.4636179267366912,0.2528980648907419,0.3731138505042559,0.638842217029719,0.709706928020734,0.2769655384373831,0.2352137786398043,0.6454814890185773,0.0455597004557341,0.7012603680667451,0.31514120865610473,0.5660195545993422,0.1564170260893896,0.6207996666590376,0.5945722581060793,0.3698136035330402,0.3432179230485132,0.4985359431728889,1.0,0.22193907843710572,0.3435382949684841,0.0596780718186586,0.6169554155018355,0.48792021779041717,0.8377236930547357,0.5404848760808076,0.680356084318901,0.9829677415092396,0.046287934370319,0.3902298299682709,0.4107664376111331,0.49147344692941347,0.3723436007722898,0.4785726249574926,0.1471965032002084,0.1510850826803571,0.17399580343961185,0.5685628253743472,0.9735713562978378,0.30926644321069746,0.1083983643044431,0.2863126016900197,0.6393825955651392,0.5669497993462187,0.19213834160605825,0.0550874272030881,0.2805027301339476,0.2701550900863481,0.045747472147163015,0.5295060790679071,0.3248418135363232,0.7487602966374141,0.3563614987281542,0.43364673445624097,0.8253215466768065,0.0914495678560502,0.40859221905968,0.1302096388465373,0.5059751610507837,0.5954384104713674,0.05766218044149528,0.04445546827273237,0.16092019616332834,0.0812458048045983,0.25884795304177427,0.6164908792215652,0.1100287425729431,0.3834337982025958,0.1762632242779539,0.7347011240398572,0.6576979367888577,0.6209530064033618,0.842608536200505,0.03938303710780836,0.20432339059265744,0.4567507128790375,0.8276505429988116,1.0,0.3740138469456405,0.22592573244012915,0.5907343154639391,0.31206222880624757,0.4855491471514413,0.4604517009539438,0.0807509916548447,0.5630753069429835,0.7493037549702871,0.35807594509990137,0.34075861328835516,0.1161593127840218,0.2017103513170706,0.383649477219755,0.5919279186659123,0.76330335900336,0.093167597603774,0.406990053503695,0.1175463679214474,0.7081219735015085,0.0703271250874438,0.5234582352463417,0.762322545576255,0.46123923346311896,0.2287309482950298,1.0000000000000002,0.4856633064703307,0.1663574789657544,0.9067957840959172,0.5812328571796567,0.0751626000228579,0.4111166756854782,0.5114657168175545,0.33610144855067936,0.2731999759817788,0.3724640804411711,0.2621821189913143,0.7929638619821101,0.32568596342831035,0.1369764353018847,0.2533268523360314,0.3149952884376018,0.6002963904925479,0.05795593998194003,0.7421333180755619,0.22873432757580736,0.702154342971429,0.5638947574446435,0.3284266491937653,0.7632114157701588,0.2509503807756362,0.1452533152931844,0.8034137254224802,0.3291719741088232,0.2420111205802716,0.2135816423903953,0.4072359368293027,0.2906671272449442,0.22455563120846084,0.7579505502974017,0.3134462168043747,0.1223859742205386,0.2467206051287632,0.2878497684295745,0.23270475168902255,0.1502500675365677,0.4130660509784047,0.2535604268539581,0.1507451053426334,0.3254552010649282,0.4462551532426922,1.0,0.3085102510818003,0.2318726758330908,0.4157033638318316,0.0682915701489445,0.8441064693291592,0.2245308703944381,0.3802556507384046
TARGET-50-PAJNVX-01A,0.9436058652108734,0.7054226831651553,0.40119740480698274,0.80250646491966,0.7827995763323221,1.0,0.2932569361736639,0.41039284952836946,0.5302301203163042,0.9263400997116404,0.4241506713009518,0.2573092332154817,0.5058954602426116,0.31839031696101383,0.4922210108795035,0.3926317778642199,0.0453277146752796,0.4211715068613171,0.3019245025208286,0.8702735296268689,0.4942671730905837,0.7027491586620094,0.3260258086669931,0.5437520947330874,0.3340713914039227,0.8724357479381869,0.4424638673265774,0.0672304992374193,0.2591709768975684,0.9173179985410814,0.4521512473634207,0.1293372113896967,1.0,0.9470012133884576,0.2243149449454055,0.6904919177185874,0.8593678677035419,0.9452064279766454,1.0,1.0,0.5980602128718693,0.35360850262282206,0.3603587639566314,0.1979211974231358,1.0,0.7883026548791406,0.5214145737032359,0.5657760003570083,0.0961736261343103,1.0,1.0,0.987409603086748,0.3190547401923112,0.281446302255991,0.4031496775980588,0.5543255940860968,0.549416230687952,0.6899142503661733,0.3317970839752409,0.7600581356592788,0.9671145674557704,0.2552585534731815,0.215393946622665,1.0,0.9895876723754092,0.4631004218922459,0.3708172884031695,0.7631547104599328,0.4903900178913716,1.0,0.4705905100339755,0.1322194630602082,0.9339578836892996,0.3043875343211166,0.6030446948052762,0.3472627000600524,0.7513601248071797,1.0,0.2176197729776877,0.9536388708512532,0.3505070297933189,0.4282608886750336,0.27335542101343213,0.3841524749146064,0.2364844698847369,0.9022918520344542,0.5228089231897108,1.0,0.3795347280749961,0.1909893928119281,0.6294520847325922,0.06669712791323851,0.7028071299133251,0.3096765181906686,0.4742660540074652,0.4459215209350399,0.4508315655366676,0.5619469764131464,0.9875507061730252,0.3867424968740265,0.23479199719500532,0.7638058625720823,0.6384207649951418,0.09744703327283029,0.06353792016197042,0.5978921706746912,1.0,0.342460491805832,0.6139063539808607,0.1346477459675105,0.3771349270346958,0.0431725719595692,0.5357399142494663,1.0,0.6739273889753826,0.6410084928515716,0.05595662639721785,1.0,0.9511658111809874,1.0,0.6674061574564009,0.9485340465946532,1.0,1.0,0.2327716397737523,0.808279865936812,0.5498623839407848,1.0,0.4226110192358004,0.7425078227164371,0.7538749003826375,0.7166009671631874,0.31794005164454614,0.2468431748654466,0.28316115095363165,0.6526537177033942,0.5684262282547697,0.4256386843569089,0.8380475416779544,0.9097167484748084,0.8497263735596667,0.3212913691745852,0.4862688393610392,0.405938260794608,0.30657786010513044,0.113766324686146,0.6905115861064917,0.9642162839412765,0.3587848857969871,0.4614259847567963,0.46559510246369545,0.8344117463580364,0.5916911565792353,0.8162750088060431,0.4177528985668188,0.4461490235667338,0.92847835686464,0.1658983709026754,0.5555203848926656,0.41054514601575476,0.2800322030422618,0.9883788815040756,0.3854756910485556,0.688067146839169,0.07093520851008472,0.7523829832293883,1.0,0.8303561515176059,0.4319926863336486,0.9397828592253238,0.3011181858543178,0.982210497190148,0.15554780198256987,1.0,0.7581824312094946,1.0,1.0,0.4489765983009293,0.5311862756593445,0.9946190609002732,0.3336059096243594,0.3330932088430515,0.6642945249871215,0.3461175072843425,0.4749152564777559,0.2819879182657845,1.0,0.7177197425978632,0.1726448507037539,1.0,0.221596742424547,0.9454762899746616,0.3956894009452321,0.4054979155398184,0.7256850122447047,1.0,0.08690315463042175,0.6553439307620146,0.4427271789866183,0.3721746964876975
TARGET-50-PAKJGM-01A,0.1239495486172982,0.3209314305408187,0.3474067757804765,0.7179464401193628,0.608898037701443,0.1941684999069114,0.2667818353107307,0.38394830922862455,0.4260250066570571,0.4455770775424321,0.9805758714695167,0.3276472061556063,0.2708195264551272,0.30208286412111124,0.35832788933786874,0.2144277683202018,0.3584922182022651,0.3832291450054339,0.17636749179566777,0.3730769336798459,0.6086529059885826,0.2347089199717174,0.3407822524702301,0.6502519557321584,0.209342654053105,0.7707291534161846,0.2368628786773897,0.4237535415576454,0.3031318401687545,0.4192326556951938,0.1684424191748945,0.1646927917596446,0.2157075785840079,0.3157346066036597,0.3949625364402968,0.1666818910444012,0.5028723024047774,0.2316960974913856,0.1694718892986479,0.3184702801345985,0.5247491760590492,0.3391884138884239,0.8614579958447885,0.2444304358108559,0.2246632645577205,0.05975574176264468,0.272473656501284,0.5854005431107807,0.1224636190275065,0.23752488033985203,0.3849937856822147,0.0709945312983699,0.2767698430036888,0.196749363197335,0.1599135386222531,0.133811904101444,0.4291886153142417,0.4509303322993694,0.6852613534444825,0.14137510170363488,0.420211034760418,0.1844304096054745,0.24680780652558346,0.293890726161905,0.3199417072056384,0.1030111053593486,0.4539639238158601,0.6017320257255735,0.8292142527400328,0.3288173493719263,0.6383961385165893,0.0395984809957668,0.764662304124889,0.4808027579570586,0.38862602270837787,0.0594650377700249,0.6804552161862678,0.2246176573038293,0.4651100942837493,0.2207411260104446,0.3218395247232529,0.22648985570870078,0.2681412751829367,0.2897278333171545,0.126596534622909,0.5333585106403579,0.7264709335436987,0.3123811852253529,0.0471262861236237,0.2431981945544064,0.5627472784398566,0.0937285178459935,0.4587102168795079,0.2292313768727255,0.5058102642348086,0.31582018191576455,0.4615226656048197,0.3928376705386289,0.216373444443589,0.1962346153319205,0.7002485474577995,0.6912849088623378,0.5863432011587951,0.0324234564542341,0.0299549688461705,0.21531580679453594,0.2913035772157677,0.24428663586022337,0.3375925107316758,0.2370810169881459,0.3280205992729751,0.4517587710220623,0.5616950625739261,0.4920419251767352,0.487453999555158,0.4454839917747221,0.0575813263640584,0.2592046912987406,0.4156053811419259,0.2184663018787551,0.4940330422885638,0.7957356729823869,0.15552523975930727,0.3852803443953814,0.5299156109820279,0.390029140374007,0.6137955890459443,0.2302668770197774,0.1858249165543381,0.6078724268088603,0.25132513657196387,0.2106023786079126,0.14628830089339123,0.172559515172494,0.34595851110433407,0.6039372104788543,0.4977894951822308,0.1451807158061021,0.3213591001216374,0.2874320709024391,0.4230896720086325,0.0601635688467398,0.9999999999999998,0.6199907284075092,0.3928376705386289,0.1448654522505668,0.4898748707580251,0.3485322971107024,0.2495740984503384,0.4528455633413104,0.1642116463995916,0.15982716750669307,0.3690663955727303,0.2783237735408705,0.4319292608350816,0.2757257601709641,0.3434769631351393,0.3605989956572672,0.5776520639235144,0.3241415968464046,0.6831099398149928,0.14864870822081025,0.2694727062815463,0.6285753845828898,0.04734444221147133,0.5593456437976209,0.2875194435776095,0.7182484606816308,0.7259288936748703,0.3319309205424959,0.5808869378341769,0.1387677239913615,0.3129800714370449,0.4359580027213093,0.1873407523136152,0.3584316492224023,0.2257015599246433,0.5327836015794137,0.2486604094755964,0.2090319700288332,0.6062387111482699,0.6723718425247516,0.034836271974411866,0.284231223910958,0.16600144083487753,0.26701769194243546,0.3438775390399763,0.6276049489723801,0.2198389940514317,0.3298817271649754,0.19032363769314065,0.3534858582123243,0.38313083118105473,0.1102247190401669,0.3975200764951174,0.3447557964530443,0.0318733874317748,0.2833897264551087,0.17418953561803244,0.32530175226296
TARGET-50-PAJLPX-01A,0.1406680040000237,0.7575980827993549,0.3561508781472595,0.6614124739366221,0.5523234521847459,0.0905075576943987,0.3326650254968204,0.1773591553033955,0.41027811832607936,0.0652866736127557,0.3473063652483487,0.1090940187743863,0.3059270377830471,0.1672265092896605,0.5673467091912828,0.1205629061879436,0.7293225938092839,0.4359946491613586,0.1280100093371725,0.6294373546567924,0.1275028806793533,0.3946627064802469,0.22737413559679748,0.5572244614996136,0.1710208330781533,0.2406140983841194,0.2110108348342301,0.2933058042382824,0.27575580171389197,0.7344105533071004,0.3428618268506199,0.0548364160556885,0.2467698043284722,0.2255727985907556,0.2544585572407089,0.16634942533673672,0.6373289366104402,0.3038346249351946,0.1609685098973803,0.39523281144773814,0.4355741488583359,0.1686084121964901,0.3150178341923051,0.3179157888608443,0.3572600397663926,0.1203117994727707,0.3051827928657801,0.2870318932815444,0.2124621028254649,0.1147587501900289,0.575274987752756,0.13547942779659,0.0917646408222498,0.2751344192871557,0.0969868859383157,0.1528806600915642,0.373948958120661,0.4561003255192424,0.8187445477693249,0.306950492987609,0.5942523812667246,0.2856371225792339,0.21894103187128522,0.29205712252664623,0.3621595273757954,0.2941482372765552,0.34294492460083886,0.8086947617459485,0.6298592397811165,0.4241253568465561,0.3247889229026372,0.11663020390661641,0.4185214284150456,0.7215456452685169,0.3299825521824676,0.16771512206451913,0.6358593476533829,0.3434611847918777,0.2127301483529513,0.2586776240628788,0.4171415832277864,0.4463367523465056,0.20567472712480514,0.0562420622286658,0.1430077931888071,0.5072519646965313,0.3274407136665838,0.2388465593541396,0.0538419789974857,0.3277933949528999,0.3265137749950682,0.0939558430299009,0.4501748494907892,0.055197821658199,0.4459207420216611,0.1890618932281017,0.31766239350698106,0.2382543884217553,0.2611607922139871,0.2614006059030575,0.1321981778499756,0.6610005215100068,0.5853443561009993,0.10193137121067536,0.09059670700266297,0.21950881565614447,0.3215228774019042,0.24658554892109608,0.6490297157813837,0.2310947279512447,0.2328421469744986,0.1369492736255788,0.5413999200787165,0.5095187486588633,0.5506272446719259,0.7708515705123866,0.09030016249622409,0.2717362496367413,0.5815626685460683,0.3790171339231586,0.3182857197115169,0.7694721603127924,0.0926776777277154,0.6032632472436605,0.192988476127891,0.6773051001129741,0.3539285446653688,0.3315008555859712,0.2099142074866969,0.3095522378859646,0.3316052956432133,0.1277294533556224,0.0602687996258836,0.1971499677984665,0.33038711679735105,0.3860801078870963,0.7123123023612482,0.1509154219857942,0.2155883306522581,0.3637598010696191,0.2044211355003868,0.0364889504644403,0.3902301907006131,0.4933734249182466,0.4488186815968783,0.6347506694876179,0.5036473536513766,0.4189006843385104,0.0863139194417938,0.5439653028893483,0.2664679729456667,0.23212117187946293,0.2069660303997921,0.5686483263551216,0.2619632728720293,0.1672265092896605,0.6807159633884696,0.2562545550040738,0.5234648093462165,0.1544996042885047,0.3078549335415072,0.1420573660856047,0.3078736939708372,0.5087257632263871,0.09367003332055814,0.4282424340811354,0.404891893949857,0.6147661854892597,0.7769015353257839,0.4411851094907907,0.6279671994191274,0.0841620386530362,0.22284102383834767,0.8390789981896758,0.16220567561665,0.5082411249855074,0.2582029344766117,0.4287724314676921,0.6104917599190864,0.26596757634749,0.1132484765648375,0.3597228449951445,0.0160150287645514,0.2411426039305966,0.1996608173829931,0.1195572924648032,0.3781957082518817,0.4563100387122579,0.1378888712453547,0.3575559088014075,0.17872491399031587,0.7047402173739876,0.4041363208463285,0.1245136280526439,0.3074559483891568,0.4128942445024793,0.10051748620170073,0.2446018676470858,0.262385097796291,0.278243898942504
TARGET-50-PAJMUF-01A,0.4323228438812994,0.4273436567187064,0.3442193118599273,0.8771363783282771,0.6246288118786357,0.1740724808085063,0.2736012325654763,0.6132015239047174,0.5692924136623315,0.2257221381187151,0.4977153830172561,0.6356169063190936,0.1734282008287875,0.39953936094759995,0.9743155278664188,0.1682148408485439,0.41920866406987095,0.5627941464351515,0.31315537329596044,0.8171062019401711,0.0916541192946351,0.2483074097966109,0.3923024806171831,0.735810661717643,0.1742830756745755,0.5259760560479213,0.2776453490293497,0.3632599475882269,0.2992508559571847,0.6306188951305326,0.3482446025894299,0.1895914187982013,0.3386813498953098,0.3172473574268677,0.1829148866019092,0.3495149962968825,0.6111519533096572,0.3398413112437529,0.2731009439087998,0.35477713634767394,0.4655007893523626,0.5829467056559839,0.41419628848517237,0.0915765506178149,0.176244408959466,0.2012281960190827,0.1261878871604668,0.8084306649180986,0.10336532628913343,0.3074013022351106,0.3389348596420858,0.111895696624091,0.3280198800067804,0.2295019552719094,1.0,0.24920455786740925,0.7518881593399409,0.8511708283957237,0.4935725937517833,0.19544546111002087,0.8728263954740497,0.2123130141461558,0.18906586250835197,0.42943587535497624,0.512835906409034,0.206493335424053,0.4164616073826688,0.7296016135679735,0.5277660807218827,0.6742773325359336,0.6458845264499558,0.09300025648157012,0.6994114635449247,0.3224662522276482,0.4596244363222349,0.15386637399113617,0.6187825949796526,0.3877004883352462,0.0612775265688564,0.4094718582219488,0.2160031128784069,0.3208445309406333,0.2885512385456206,0.1944512997209881,0.19873923919163977,0.114473503668984,0.694119025253922,0.4695581268359624,0.0988190355699558,0.1557399714801164,0.82810913117833,0.0298748882276786,0.8655940650724854,0.4211838225104767,0.4547518778316002,0.3636212667641715,0.3320176970866158,0.5158630157570093,0.3562655085466507,0.0830705583464012,0.15325735810882016,0.6600491335768912,0.6961906173161915,0.1145728171023019,0.0349415307301914,0.2367568609023314,0.4509517231312908,0.2146317982171364,0.4478918400978056,0.1097968625801735,0.6878258809150104,0.2556523603390067,0.4115447706769967,0.702324609443602,0.4000382110109474,0.5254823565920078,0.061252421417923,0.3731181984630856,0.7819352732802266,0.6105868010502007,0.5631160286141117,1.0,0.2328837268896166,0.4831722730950816,0.5440961620965302,0.6385813933988522,0.2465562642021052,0.5552634181535812,0.6016371997749661,0.5251897306475228,0.2279310531816106,0.4416117978866168,0.3511454468002751,0.2644685778063167,0.2493072700884578,0.5274673133204915,0.7364277594985014,0.1171450019931848,0.1024295211075043,0.4411400637603924,0.9676533690187512,0.09169713552747104,0.9777942364587744,0.6156214179912842,0.33383198685988313,0.0927693622203687,0.3354206016657919,0.149632482290715,0.5028927072649875,0.5786592990455599,0.31120175734145034,0.1348310498837888,0.1886373837077789,0.6241199808337861,0.503831922451399,0.9743155278664188,0.9749922475533264,0.23517584544413955,0.4145679661847435,0.3221106476798736,0.3522216798673065,0.251330093910626,0.2919256405503457,0.5448205331365111,0.0829938190472757,0.7597167199569966,0.5454787531413485,0.7878757565045318,0.6752252936349573,0.4192914981417868,0.3627316523809036,0.30966323326408324,0.17092455975912943,0.5206427439339876,0.1656079961135944,0.5541922904192464,0.3543728481425849,0.764894008745125,0.5214156232118393,0.3523726818443677,0.4639486193092675,0.3340836818302815,0.07756684954682724,0.4295902336583091,0.1705285416801313,0.16412285807078816,0.3780263996253091,0.4124695176631011,0.17201500954684296,0.4187509033438504,0.1806983615015203,0.973201991326912,0.351553305318074,0.04943863559766155,0.2866217510809388,0.3985419053635952,0.08055145942723703,0.307352615621271,0.224100795901136,0.41247102778613526
TARGET-50-PAKSDG-01A,0.0703381690740871,0.1346791048507402,0.2960585797452791,0.7220837172241765,0.1916741383469311,0.2586093142679703,0.3561066887100157,0.2777328563011602,0.4151990610685547,0.3785830588415075,0.6838730468743573,0.3124548057087259,0.18569015633145972,0.2977767568643949,0.2618657942683647,0.1017786206002592,0.0300942165826023,0.2791887762808713,0.19111554742630388,0.4879341573260163,0.2354338661455091,0.0990572489591461,0.2681760047705522,0.4334930620703796,0.2002640248261725,0.3658283192779675,0.4573283335518416,0.0253271710533533,0.1720701686938055,0.627605492747942,0.0804117835133835,0.0858702469258636,0.3452951022922844,0.4407240781825465,0.272389302414909,0.21359654409143558,0.6620096309279495,0.457708776930726,0.427808073709981,0.3527829579475192,0.2962020844397192,0.3188277915322687,0.4789513399218275,0.28112482620857715,0.2945729775723736,0.1270883437250048,0.3241414828221576,0.6748064683705981,0.0638521036225682,0.3959963208675832,0.5490501100282642,0.2374128894290178,0.24614841342086838,0.3620147365247043,0.22351102926867286,0.17805174935400414,0.354467301048858,0.3688995678275157,0.4057243271834466,0.10541173286840906,0.4122035178302788,0.2359909020396658,0.16641345960412,0.36298709876432056,0.4531044615362273,0.0212487908487944,0.4262228785714489,0.4879577154437042,0.5840768778228891,0.2875230657032861,0.0635893207619829,0.09074801981911312,0.2714129775766665,0.3259246177241287,0.3837188865586775,0.1031714519284447,0.3483029357800447,0.4919867718860956,0.1847534633037376,0.3861182676938714,0.3086545012558874,0.4777884380551319,0.2628911984796463,0.0880713970491937,0.1674609796363919,0.6659939771147348,0.4964970977767331,0.2612688378698291,0.0818610414582001,0.1268026899974396,0.7621251681851948,0.06802182397818592,0.0917738144938992,0.14139579523484383,0.5319168178314433,0.2630614098948869,0.405116226381978,0.47935754456157914,0.3090637998751281,0.2933913222298967,0.1891655371840881,0.4011039164977741,0.7101897232107944,0.09683223517912615,0.05760877649177267,0.1906301163190784,0.4361956526978698,0.2689741228873472,0.1410596699405052,0.0893960451907668,0.2679711241437671,0.2307442186508228,0.5271996821724263,0.5526603224585845,0.4052836112264529,0.686956296078839,0.0654154860504221,0.4268860247226316,0.2208902111736581,0.421808728887081,0.4726081547658635,0.6939471171315595,0.0770404436032674,0.3958400826175233,0.2049773849707024,0.4878252865416935,0.5264615192909463,0.4226425906333934,0.0968884630529955,0.5424564631027714,0.24052754750628894,0.23431844549802303,0.1376926119659265,0.23724114755975537,0.3323424748445333,0.4799044690874289,0.5529806742256227,0.13428788725177626,0.211581264181697,0.3861156168207471,0.4371751396944318,0.08729373417653004,0.7759547413286876,0.6256516894080988,0.37965639385163363,0.16212034706375014,0.7211090742074253,0.6320886621300185,0.2663098354495812,0.4752977817176209,0.155957184362759,0.13294939718326326,0.4535133754547873,0.2386241985524362,0.4102173800742951,0.2447427907542241,0.3145072708212074,0.36531807750473205,0.3511543729373411,0.6137969270064596,0.1098928328864744,0.2623087002723512,0.2559270639794719,0.2635568098554876,0.0850283001978068,0.5378820017380198,0.3950479387604611,0.4148629709249098,0.5086859048797253,0.5160631038338346,0.424641290948078,0.2410474353297802,0.2158493919369286,0.5494651949128564,0.1348371852949154,0.5443202695683027,0.3816705111312803,0.6574881254173868,0.2361609433592597,0.3346090848882895,0.6134016593189462,0.4390463324703232,0.05963060922098897,0.2004553160367383,0.0772362381947595,0.1808424125359642,0.515822448433503,0.2849443234784822,0.2096454628119724,0.3794918023816956,0.17296653965878434,0.3082166435326399,0.3557914884986725,0.14256639544649183,0.2151504862326687,0.3046887129493811,0.07830652378093181,0.0357298014994734,0.3758637301071804,0.3089497393366927
TARGET-50-PAKMSV-01A,0.1379948784290671,0.4157771184210959,0.36945543582713375,0.80356834502279,0.4797450847259362,0.167019283790561,0.7010358876472464,1.0,0.4688127467343297,0.4836027690323429,0.803697123016709,0.4986793887485179,1.0,0.3343906198683062,0.3085935862578602,0.15142287862828338,0.6894279708836523,0.4271032867675901,0.2454051851240179,0.625129528917509,0.158669645162485,0.3836454550136429,0.30502954001505533,0.7675437703463095,0.1678389433278297,0.720174005887234,0.3605055478481881,0.207399330435492,0.7223836882299158,0.7225083689391906,0.12370478434547023,0.1825812590921368,0.2708491762113522,0.3103379588381363,0.8409117314249868,0.264409595106755,0.5985555393135,0.2396980584844568,0.1846387847359351,0.34878742213605823,0.8213092397168777,0.3827731652251721,0.4008049846053503,0.0878659844747274,0.4129019046855595,0.0513010065532214,0.974461946132973,0.6434767010927605,0.1357652725181429,0.0624200576153708,0.5714884085551546,0.17843926646095293,0.1693390582826294,0.3973088617002497,0.33490083095624473,0.4575819876733085,0.4651129979445683,0.7739752971693228,0.7081068178027667,0.1866355236365343,0.7090702544933655,0.3462369316928608,0.26299925336860536,0.32992671793634337,0.3382773943822538,0.2020883294161682,0.42501893036287064,0.6167855393595031,0.9019174284128306,0.2779360534427689,0.4262817517661152,0.109974775580417,0.9999999999999998,0.4480933173105108,0.5260871793765054,0.120081641350344,0.8319325304480576,0.2505469182830259,0.3958822212372663,0.2730907526311918,0.2080163784160396,0.3078443158673271,0.29081412088775543,0.3697406767884933,0.3215909272737733,0.5663053183602881,0.8455746410825047,0.3337026480313977,0.0527439642668344,0.2696669839274721,0.7305363618363091,0.09494241861889634,0.4444926784978799,0.36956237786869395,0.5198444109424676,0.3777197500891139,0.39020299667876635,0.5506280821194822,0.2927688973921278,0.2565479804540306,0.1209232434392085,0.8412468430199711,0.7752160306227996,0.11677348885766985,0.09446245986711352,0.1716865121532438,0.3968289228406118,0.2447289563686565,0.6140963714572596,0.260954707362611,0.3671222196770266,0.2862345639855118,0.6175019874761452,0.615741460725649,0.6305058828309608,0.6664349445456333,0.0353800063933868,0.3638882575433432,1.0,0.6431696765979739,0.6707339063076188,0.776972201578151,0.18327271000443604,0.5520414990192177,0.8828413051195185,0.6818334445750523,0.4426679762004578,0.246795877894924,0.4583135054254318,0.5427292476992656,0.176508818254859,0.22811860718437046,0.1112178032957226,0.23853879609307818,0.2971244193906675,0.6135172899195624,0.645334634074813,0.0892041739528688,0.4344942619198656,0.2764749621272006,0.6806328894069504,0.09037440927563789,0.816492685663454,0.6138913777052579,0.4396657950767174,0.2719604093643245,0.4851884334222707,0.2596607002988376,0.2873875650964463,0.6432535668793118,0.5615366739095733,0.20686101963036663,0.3767308348663754,0.3312034767013356,0.8722230159662393,0.3562321743480402,0.6738082381855476,0.39834623641463346,0.7580656810399374,0.31164061784989755,0.9657675417762648,0.21287522719630317,0.544163866414268,0.9183954312006944,0.11149943619387728,0.658973913109295,0.3868660521596646,0.5224772872753018,0.8944979901946101,0.3015662362467646,0.4745667219343463,0.23701801718847015,0.1390741238144714,0.5191552433615851,0.26186975682685093,0.397629565124898,0.283397931479719,0.6834922737239787,0.5021362338010628,0.2053193226071892,0.3742533697512615,0.4708045770277673,0.0732062568124177,0.2362249144950769,0.26418687927412243,0.2623047246140019,0.2977396229801853,0.6663817602329897,0.2437172866074061,0.3541087441681836,0.1733766921683177,0.6766439674888025,0.5282032089793272,0.0677259714320258,0.416547721271457,0.5347546129948197,0.12370590132291864,0.2160559335993472,0.2158146488830831,0.43063861548161236
TARGET-50-PALGAZ-01A,0.4127365469338084,0.1993882467154022,0.3127137653293771,0.3073235716321439,0.6111111354807957,0.20012918029213272,0.1315289016156479,0.26087365929504164,0.4163690211401297,0.2768280816810139,0.7262861046966381,0.3884281534137835,0.2537545611071725,0.26222987527946545,0.2962341240829035,0.1933464351342624,0.0203299693496641,0.3367269152568039,0.15123215093552136,0.6956618086428528,0.2318006527862334,0.164189977881414,0.2501876714881698,0.5835184224436032,0.1418551192873174,0.1351196103303529,0.2219376003204164,0.7654283095675614,0.20269288701454988,0.4816346338617416,0.2793906850928844,0.058009135518089,0.1709598910837609,0.335438857145851,0.1006076743131892,0.20925212444432204,0.6135684795233931,0.2986160726005254,0.2075569851252555,0.2544919379946068,0.4382195512254512,0.3349421926799824,0.1769018826786473,0.3084314995683235,0.275151413328642,0.1676205084548364,0.2782005584201091,0.6811410549009664,0.0431349095263985,0.1840383244836237,0.431416505406673,0.1531225260317725,0.20707429929286847,0.126231704806444,0.27543325647145983,0.13060029659276023,0.6210060565237532,0.29053202536460243,0.2913218283858244,0.0431917859448259,0.651675803497539,0.0649612439630899,0.18901737544132705,0.2784571110730843,0.3559553718417264,0.1361999060441903,0.41146368195470717,0.4507230717896759,0.8055100382007776,0.1677574662066545,0.5680791478404368,0.13330322643803108,0.61821460059612,0.374269057283858,0.2186239483541034,0.11322792501245754,0.6579267004045661,0.2711770025207191,0.1134398683260826,0.2799386951486888,0.11262352695344961,0.20475253336947008,0.25533914253809387,0.11900860517971498,0.0837349778116766,0.7572017061644222,0.705557920032458,0.1570398179445434,0.0302355816654652,0.085660804428224,0.3690347296600631,0.0308568533608424,0.4039768205813653,0.0583914512870799,0.5147342626985623,0.2000006159125663,0.32696791912184875,0.2520392852023981,0.2360308246000605,0.2915691195815278,0.1342061019929833,0.6822014818149809,0.6214879669773371,0.12528062107341217,0.09772364470852206,0.17409420983470364,0.232809365691256,0.2458200440549667,0.3541560860944375,0.3106064959532426,0.2104535373582339,0.2306220767364412,0.4215126807525385,0.4765605101403387,0.583125901499833,0.5692659050798765,0.10860758851342943,0.1457408610269059,0.3840661718531795,0.3957717627818674,0.3347674962023874,0.5340281010910243,0.15478865704259323,0.3932817672962986,0.2479817305496378,0.5469271419979868,0.637806875522964,0.296747000973022,0.336638896530228,0.6386908683870804,0.1900094743766124,0.1351196103303529,0.0637558253526264,0.21992425585850914,0.32784366271971954,0.6483542176301278,0.681156383558192,0.12523979732924975,0.2258215951787448,0.3293694689718119,0.5752613654693157,0.10192836894962719,0.6933448338423178,0.5879420031050633,0.29110777758537965,0.0958186214655247,0.5395402509924441,0.5968517991842616,0.24570621318406724,0.5875325636243576,0.1978437601344828,0.2881978379472329,0.5560699701198526,0.2849175938500041,0.3653118118586576,0.23404661637371454,0.6061304913554753,0.5768025589491939,0.3063037739199491,0.2784651502814664,0.2968745831395644,0.1054729510285556,0.3016728042776477,0.481721882624984,0.11778025499186115,0.494530611627154,0.2758689328786781,0.5819063308114292,0.6708487807198501,0.3551724287106827,0.4190917441375462,0.26600492488571115,0.0797245160957607,0.4799627076325894,0.17478163431314314,0.3957161842343603,0.1938684552493397,0.4654120154125729,0.4243984973451816,0.1925739431369457,0.6039609222173551,0.379780563366185,0.0318140048906973,0.2542930845135503,0.0521764821779934,0.1264746254336424,0.4024864238252329,0.7416745809331674,0.13530865916320514,0.3514836065357419,0.19799356599345985,0.642266998319896,0.3374814496690614,0.0388240468567434,0.3491039148018905,0.6112270152552757,0.12168372617367475,0.1958058195410735,0.1287610192015589,0.3663683667610596
TARGET-50-PAJMXF-01A,0.2718143326496233,0.3908041475520948,0.26683150292369795,0.6184882380992469,0.5189335638374856,0.13871248581635393,0.380506183506175,0.2438294293894418,0.7126536579194506,0.0897546695376496,0.1862065018658872,0.23273107778590318,0.1239672468907177,0.2581671333553486,0.30721457469397084,0.0255283583903762,0.0264205530270476,0.5876135581542318,0.091959483882592,0.1462515370902189,0.2495790067088512,0.1581939060833656,0.0815124668182542,0.5698462912784523,0.14539557291760513,0.0917579388362546,0.0566557600893654,0.7719102476849867,0.19841041673311527,0.39538580926351624,0.1016255917185756,0.09900439283937958,0.0726204508964464,0.1698593957955095,0.1307483719429937,0.2056996638602888,0.4835773809475203,0.1786071866989538,0.0386117466908692,0.28233344933081583,0.363573038951774,0.3027587218788577,0.1201317269281619,0.0654593244096813,0.1321137142218094,0.0398228170594009,0.5284034831139068,0.642668549323812,0.0968003655808439,0.066942115905996,0.3087957895041748,0.1572701304641713,0.21398547911413107,0.20554137464765412,0.1957372594231321,0.16323535121854374,0.513911567812374,0.2222394394583594,0.2574638296281151,0.0293309701179893,0.2902469307741318,0.1215301527037747,0.24325510939447273,0.2174043019354092,0.2436386537132194,0.5202293120684298,0.6712034025341546,0.449330056187198,0.3850857971829635,0.0575473355085939,0.3419993310995614,0.10999968439883015,0.3491671037097499,0.2105988978368938,0.148464629465483,0.06063222755887081,0.6073159242078918,0.1291406041316933,0.0228880371599136,0.1194059870452832,0.07853375490462809,0.1198400450852487,0.22966608113278394,0.0404030203717738,0.07189589455929613,0.670524054158261,0.5527371305223048,0.1281386507734598,0.0565650322056526,0.12153707092577198,0.2983656745603907,0.07407690819172492,0.2239474513721221,0.2450519593748032,0.5084045680555578,0.21490508526507243,0.2822672476241974,0.1711565424100388,0.1480174121036145,0.2485589270252938,0.0928782775320442,0.6309618715396372,0.4534959055307798,0.098618463393028,0.06808726661781071,0.0628829725937947,0.1552342103771509,0.1784981969998023,0.2989792903618316,0.1449390208158099,0.2735025689350002,0.1162440823215407,0.5098332361528857,0.6083847967068762,0.4151643042878546,0.4154577560913887,0.0137730058434055,0.1051873672862162,0.35445856413339594,0.2914706488944953,0.0854587367042701,0.5902385990794469,0.1539585269081678,0.4659998404075913,0.6293578183237655,0.1837887041806563,0.3348719820214739,0.2210056410265909,0.1224490610486859,0.6500628041125485,0.2450172179674359,0.0917579388362546,0.082856207775841,0.0751829373603122,0.2649754855829196,0.2886886175324065,0.5873743241550522,0.0347260991263888,0.0382588987619523,0.2562176217237216,0.4045599041835074,0.05237627890037956,0.6832085214880637,0.4608009052006723,0.2559854551070231,0.09925046469361973,0.80609619435218,0.5217662920280595,0.1186624603046692,0.5976694129108853,0.1369191667806163,0.0990104348603389,0.5448888684403566,0.1431787335419005,0.309375559175376,0.2298992925915535,0.008055569944485,0.187013986271127,0.1343140034698915,0.23966814262286565,0.5926179265970314,0.15342875084582933,0.2898388827449532,0.1451846821928262,0.07165939984165857,0.5285344427075859,0.1238712493989689,0.5426245114738337,0.2959457802500088,0.1528332989714866,0.2150634201500121,0.2159005581669244,0.17251287225781625,0.3480069155608016,0.25424194756364815,0.2066322638275943,0.1328690020214447,0.5564620411919754,0.27096407224995833,0.0983540291738639,0.391975758085455,0.4863177520457205,0.0220171060165243,0.091959483882592,0.0678078500974843,0.0858872440240559,0.1730293757483617,0.1743612387440986,0.1145830748660315,0.1953116444594901,0.1859370700047496,0.114857319540131,0.2073816479155405,0.0263648963177678,0.1437538390795603,0.271261287325199,0.08822541949232847,0.0163911547475092,0.12188667719853603,0.24381958528793002
TARGET-50-CAAAAC-01A,0.2542691661869576,0.4926922083544666,0.1398855702038356,0.6907580161259206,0.6756616780707368,0.0669659078287261,0.2528516189714904,0.1312267964044613,0.2076857829556855,0.5358922013616533,0.3331690855354271,0.4957808914043068,0.6907475192663448,0.1782142351310425,0.1237297226097181,0.0926223251823135,0.0698957115033781,0.171245850694043,0.18266056267326103,0.6489445834556742,0.2730853862983832,0.2775709690833857,0.31063043455822525,0.340021733692756,0.269955219674099,0.2597544099217358,0.058352623901693,0.3548208906645086,0.3996437932301156,0.0686435653446563,0.0379939949639524,0.0775501112746659,0.089789843677951,0.085499732172009,0.4322078223567214,0.23092528946431937,0.7201660372083822,0.1743640588723883,0.0571161352960021,0.1779982011366294,0.5297613515265136,0.2901439059608616,0.4358635093609367,0.6557100464995139,0.1846995918131228,0.1470922813669531,0.661001491709724,0.6899193758576505,0.0576653488061675,0.0478360990468187,0.430201673190059,0.0334297193171414,0.27240757219620537,0.14804541791706335,0.15333405367609518,0.060047018334754,0.6384754216313975,0.3592662148419688,0.267758086374795,0.030209444993186,0.4817162996150235,0.4875338364583429,0.14702821137933442,0.1318811053527759,0.174566001915877,0.1365241404238791,0.2509377634551974,0.3859875414304294,0.5952708373908271,0.2877941076665941,0.6240090215664611,0.0177695006311143,0.3890431502990714,0.2619866655513951,0.420283440432061,0.026684458585587,0.6200232222639128,0.1393325253768895,0.1000149434772393,0.1056470276077275,0.18779688232971864,0.1234293047730918,0.209960404222046,0.1765509978230022,0.153305390585205,0.5268278110313248,0.5920909778438848,0.0752296936539342,0.0581249875939666,0.1646746290436585,0.4027648255958712,0.0114929080240376,0.6312839421068697,0.0780612140546419,0.8291834347964189,0.23803479337847305,0.2880714964871687,0.6209924150140156,0.0688089245017073,0.2549391306260997,0.1373894920644539,0.6346910311999636,0.6277787839745851,0.1019806181609972,0.09259538465903927,0.0647663440363045,0.1256043839132512,0.107429847898109,0.1952244388266442,0.2076279396423642,0.3862868620649103,0.2972353120148555,0.3368954748632268,0.4353676586313342,0.8589811936698827,0.6335738746997636,0.0141855131536205,0.0698984596481253,0.0902194140597214,0.5775062502960164,0.2419222141082344,0.3457152302903037,0.1395940938483922,0.4280699640889562,0.3178254113056688,0.3079816637210594,0.4831112542193366,0.1156405619126222,0.1612663679151156,0.6685434812846441,0.12751892145767466,0.1806360450457124,0.10333721243367754,0.20945504995441336,0.25731354242296284,0.4641819877981791,0.3802205868582227,0.0357661603815538,0.2420297280629,0.2657865893687949,0.6417039848568968,0.05472369752474889,0.3469027248446565,1.0,0.1762827527477098,0.2054299494586868,0.780233663816978,0.4259632828558759,0.1220658558441529,0.8240161784554987,0.140846188690448,0.1224191169133983,0.2619061628319195,0.2421406680252709,0.1938247902445102,0.2364931068857086,0.3988784808942095,0.27752456483729243,0.3485627973137222,0.18484777029582497,0.3714095837826912,0.125801528620407,0.2311297917536178,0.3976351320889186,0.10133968872600312,0.9007126462658995,0.1267299725690777,0.5373452961973555,0.4986879895447597,0.2184787272569791,0.5178943067946319,0.0622709027476685,0.2365775343259465,0.5662014563891886,0.1298208915073756,0.2313115991857242,0.0780068641104153,0.4840742041171219,0.3066947218791004,0.1259663162448395,0.0860777612636281,0.3774136407076904,0.135618198251321,0.3018167904636284,0.13074633287773973,0.0884596030586023,0.2433663037499041,0.3319988651199962,0.130412012113797,0.1700058764295933,0.0695148926752201,0.4274813053960222,0.4155982934414949,0.0746354830167964,0.2528177559944735,0.2907751269859572,0.11248365623690122,0.4116833156642164,0.091665760871658,0.1459765512913793
TARGET-50-PAJNCZ-01A,0.1127932621972793,0.1107851567285869,0.28821564660502147,0.5440672371420253,0.4991350254429388,0.0598051474987979,0.3539070260795151,0.1171945273233047,0.3312639485827312,0.3659405865546549,0.5212337848245351,0.2570209733678009,0.1144062051685896,0.21656496986123888,0.2121681839036814,0.2106852755390651,0.0243828534237323,0.1529342868838279,0.14440511166491704,0.6909491361223008,0.0872915052482538,0.1116755515414341,0.0749764995542226,0.3039711130775819,0.1187608303266188,0.1620564004151462,0.1858057278945619,0.2793313305801448,0.2588806313651124,0.0223039445535288,0.0339312427257657,0.0695735553874977,0.2637555026065196,0.3147899834306407,0.3145257889139409,0.1282600294241425,0.6508612605158157,0.4408934331653834,0.2141769834268706,0.33550837614992884,0.1291193806771245,0.28412221976415625,0.2765525524162785,0.3630988453195735,0.3582357349507095,0.3303935210277458,0.2169825840742418,0.7077108424372007,0.1232912244926467,0.3119073775490738,0.5735722316022265,0.2826072186780783,0.116426141241197,0.0788487543955791,0.16094610074795782,0.0536261047570316,0.6486479269255445,0.5189725169572039,0.1158138693078691,0.0747892362748385,0.6744616068606893,0.2297645570266622,0.157960157605595,0.1177788700796788,0.3558472914235093,0.3093926474583856,0.35062260079791296,0.3192419034321151,0.6899442459742162,0.4470793921012076,0.2948046284728065,0.0304706306476656,0.3390881490175221,0.1838720224790799,0.1365601932984786,0.1327386250927029,0.5090707944175263,0.3965879627825493,0.17333720703512392,0.3130266563473614,0.1778302823778549,0.26421390314756144,0.2748165837797705,0.14563764243694546,0.0534800030975638,0.6074261635283987,0.4413998889160335,0.1886915205293501,0.11751607379642055,0.1027377268803847,0.3193254701518145,0.0818156046889957,0.4969110525147166,0.1300437733411605,0.6068558788356144,0.2398717685490683,0.27263375150154856,0.4364215380124061,0.1945119197520374,0.336204853212748,0.13427260070693556,0.5301370581368843,0.4640572460514923,0.0129939386489983,0.042802021158393,0.12533226399556407,0.2804029339815636,0.1842176256830973,0.429925801012808,0.104570678109391,0.2582273695942013,0.1172406115700332,0.4431007275781456,0.3756131891705405,0.520054599776055,0.5556554481281256,0.0545721994570005,0.2532459838416667,0.5100915082142371,0.1713746386418887,0.0786063431094351,0.5813777183544512,0.115907823140178,0.4264135970858276,0.1722904647457676,0.5238082933997922,0.4092944145822695,0.3645681465482253,0.3860346794161837,0.5692384744286638,0.17103203229758768,0.1620564004151462,0.11630624481999904,0.1327828017474563,0.3536060966466302,0.5955347735842405,0.5976752213460904,0.14404128109943118,0.2616771712272269,0.4078733295823036,0.2593587658731754,0.0241109927191996,0.4772063669925177,0.4430693015584503,0.29187526459771185,0.3553907625478502,0.4331964925124674,0.5422807474446751,0.1581051821298875,0.6317998439040384,0.0658090250735331,0.0494783760599889,0.2178523802382231,0.184087847689282,0.2847078462278101,0.2121681839036814,0.6608250587128348,0.0898866710994352,0.4206722418276946,0.102089503444327,0.1162222126364916,0.09616304978745138,0.1079931690177561,0.1954895596691341,0.023467688317762,0.6528305158506548,0.2458002446995187,0.5820869446870198,0.5774104649632433,0.4750704464334063,0.3348717812425336,0.1982822645846153,0.1733903206399131,0.6659659422889241,0.1092474135716566,0.482017860702003,0.2820475801252985,0.7462162280298361,0.2762483501069008,0.3148318045606029,0.5060378134112928,0.3045097435505144,0.059921649103776,0.3015862608261169,0.0903467909056747,0.16295949322001727,0.4964609629288147,0.4630824483086974,0.0483674197233549,0.3976297549607178,0.15423442217319938,0.6790908975112437,0.3662628411186042,0.0465638205125837,0.3222108126287129,0.4971883545963933,0.0949821444056159,0.4203881732206271,0.042829943867672,0.3035995562902995
TARGET-50-PAJNZS-01A,0.6683705160295452,0.40582710919031656,0.4702483791803939,0.0003520079183178,0.227244566963689,0.253528722442508,0.4441943671148936,0.2938942798375961,0.539544237419068,0.2332403721855795,0.6158652450914214,0.8541022912753595,0.24021512959858624,0.3416047620234889,0.3734985972491312,0.09246217634489666,0.3392141927582074,0.3337719786742522,0.2164317937945245,0.2433262263819083,0.2856652068399887,0.382695407249591,0.2872562899083567,0.5429601820188086,0.5314560304954501,1.0,0.281754368658367,0.228372516882225,0.2861261957938588,0.2642633299867313,0.541386950572063,0.4293169242885097,0.8650078993209934,0.422220049511224,0.3397683829903722,0.27436579720284576,0.6013699228450127,0.7384892696524886,0.6878806709856133,0.6074182282112065,0.8848453632980899,0.26035661643679414,0.3652104515819984,0.40057089851412797,0.1330149685482343,0.1302588720822525,0.3800731536378225,0.2115913579263024,0.5451976480265965,0.2027650159448527,0.4651429589602465,0.8251708752043726,0.23758522884912106,0.46689797444117676,0.3464911921772864,0.9419425969792428,0.6198832229713691,0.3127228760955537,0.6727102590554104,1.0,0.5548591160258842,0.3681100159033675,0.23468412381484952,0.2926664713790063,0.8790287367948895,0.6718101013443605,0.3751333985652205,0.3688874985297068,0.8687213501956137,0.3329390640462787,0.5049199676960607,0.08884725502725009,0.9982820717979456,0.5689795660190147,0.3633073231742652,0.14578151928375055,0.7188502651344337,0.5184339305452071,0.7744445977604012,0.5254466920286647,1.0,1.0,0.450843337728081,0.9304558095546877,1.0,0.5620258135186521,0.0711414260611198,0.3619314534690235,0.07415233156606021,0.9398460551790028,0.4460221928311174,0.06198457140969287,0.0825278685787957,0.19067214261362816,1.0,0.4354515538732373,1.0,0.4089936812826413,0.6650081390960091,0.5184467695049645,1.0,0.7600893955734795,0.1917090939610324,0.07485597103421697,0.061104801378476674,0.33487140888433387,0.7552010709463157,0.32916817172335366,0.8452072106758859,1.0,0.2739659773385765,0.4676719440238125,0.1085537926626177,0.4588090762427028,0.7921452153128768,0.0582039438107285,0.04117109392727936,0.5686306233017538,0.0308663006387559,0.4360432427112678,0.4203004884511524,0.2891010192445218,0.1974113246264343,0.3542551482852045,0.324827415032981,0.29351552884255,0.4746978635408626,0.8399150070398584,0.8736333843859544,0.4393843831169549,0.34765050826890775,1.0,0.15180873505064021,0.973964108557107,0.3646992336943422,0.697765975899292,0.0516134319885616,0.1484064027845717,1.0,0.5578581083110377,0.4830330493849243,0.1398422687032396,0.5468264435138168,0.1879979223960292,0.44391302928560206,0.4488854798888391,0.9399422338060855,0.6358788018414763,0.22264938910979906,0.772542075228277,0.2439767326319614,0.1393219314648159,0.5854616547878797,0.8701228108789429,0.2999035943019476,0.5974262603324778,0.6729723729849199,0.3014712579043263,0.7382241950995995,0.5519586649569322,0.3786629519632257,0.19617251189918145,0.979700202233976,0.9248151423468738,0.0660806583360941,0.928766343450585,0.5072924699595357,0.2347567871923328,0.6449394971947956,0.7603430535554295,0.41661388760294804,0.31351136136704466,0.7013597211087609,0.6691784952378332,0.26218894041566515,0.7950678078437734,0.8689593502284287,0.8093494008849818,0.35960478402353885,0.3913779815906705,0.27728850289790496,1.0,0.0572146054149238,0.3375555202462367,0.16027384433491373,0.7166823407230833,0.8635381876517672,0.3847089782065662,0.7717220993848879,0.777786938572124,0.19896358860882857,0.6924339951030104,0.36224137500892145,0.5432401117094349,0.434868046534521,0.9753314323135782,0.0843669893042372,0.1786347312874999,1.0,0.3776917723436805
TARGET-50-PAJNUP-01A,0.7766632659433338,1.0,0.39114788529149574,0.7338433413923865,0.537607737735519,0.5838477485146305,0.6561413492635519,0.5100614493441517,0.34470724313031176,0.1429926214937093,0.7088147231549827,0.2389406424098407,0.3506908647496789,0.32975916697196994,0.2954467516726053,0.2972310810581615,0.0420918951416377,0.5069209368997044,0.20012377987931945,0.7925473344095169,0.3985938966373471,0.6935581784001342,0.7319580719556104,0.5130833858705006,0.2660168499151347,0.2797564704492837,0.5087521276058922,0.1352810493378587,0.3669644588719921,0.0739293764662623,0.5419781510943478,0.961317512204266,0.6731414681274495,0.7865243703168658,0.940778922193678,1.0,0.7003604576594167,0.7850616341824157,0.7365794081901555,0.4642158885147569,0.4241666967186328,0.3692906611979306,0.3724035147260527,0.1042865005995164,0.8245296656863268,0.8679260474343318,0.6924814258921065,0.3764696873735328,0.0893080583399496,0.5561274201898498,0.8662289584164933,0.8927506966343725,0.27761624866385776,0.2487417230645397,0.3771924771287815,0.20997692199930282,0.4822092373622695,0.732157298890415,0.6958843084495128,0.2154653187156933,0.7000143874970989,0.2388234728761259,0.5883713680617536,0.3903936545840252,0.8072115651379095,0.4158292323719096,0.4454668673897466,0.7454160732900725,0.7249181666234339,0.5002433268761792,0.856859983530831,0.15904634967093587,0.7140541462295775,0.6710966689827543,0.45232642903168396,0.34210306717144096,0.6932423137504551,0.7575922430340359,0.9835498417447092,0.7854489282618909,0.1368357203184055,0.32099011829448515,0.29610314592478343,1.0,0.4943598029314103,0.7390578367495891,0.5018493779637418,0.70140554468884,0.6329595415430012,0.2945616802607537,0.7771564040337247,0.1212792797791991,0.8547228658960324,0.2146702915754052,0.5601930537562358,0.414088423276141,0.525770971438761,0.5218311440537375,0.7544144597937145,0.2985700873795516,0.26686391312294855,0.7106795652140376,0.626011443754178,0.1318686789706372,0.11944320010183605,0.461938342891776,0.7166586476084048,0.27543086151627016,0.7072363280596775,0.3012646686798212,0.4337748008372204,0.4074063549729551,0.8318277426217415,0.630138372098902,0.8835631954662889,0.6995795284654791,0.12104739164557723,0.7144069955251033,0.5007489327649873,0.7195529001743679,0.4911720359465568,0.6995627820374387,0.6028373669288659,0.8437485552729009,0.4631887677676286,0.8218500321894717,0.285376898653625,0.7606588718719536,0.3991289060873484,0.7132809913689971,0.4087338236058313,0.2797564704492837,0.1525644843186618,0.4070208910441627,0.37622981929838084,0.7029849538586272,0.7325210118120684,0.0843080081089513,0.4454549589603373,0.7542305084188299,0.43333606636799393,0.08516303634461661,0.4688535402212301,0.4760480733875571,0.4099284815043114,0.5656999746436995,0.2902523640731123,0.7277251316712269,0.1890470586016734,0.5240715383629411,0.5255757049992758,0.5632698539097971,0.5762416928794725,0.2691799191578177,0.5141087025812199,0.1944581014795351,0.770980740962304,0.2670528049272312,0.6347603686165127,0.31373641839226624,0.3182974526171425,0.5603846234274281,0.3579576531378717,0.4495100608412812,0.13480349144278808,0.3891884766084846,0.7418293531695695,0.739119572894561,0.687245539065039,0.8846021450581697,0.5991905267920555,0.3273152605388031,0.9604944374008194,0.8313061047783625,0.188592803173625,0.7721392737857211,0.6826112317238212,0.517949214402555,0.2508388613768496,0.7378762640486185,0.0927060706401259,0.2147726575507406,0.6823170456821599,0.6755344069421336,0.9116610493677296,1.0,0.7867389339227073,0.835620831772399,0.19434837929047127,0.7368626916890805,0.2057775670510352,0.783145396188567,0.39372256251911014,0.8956659709046864,0.6263086377070737,0.6896123630493871,0.15093157682308916,0.2091478559564258,0.3420560921268578,0.4321189088442413
TARGET-50-PAKWPM-01A,0.6434258397132566,0.3866258538839677,0.3409765918630389,0.9400013224243468,0.807269424708372,0.3044579793654012,0.4182504122550007,0.3115058789395084,0.46921831346858134,0.8162881010875278,0.4128668520191926,0.5034491934585155,0.5129848948959808,0.3132117003485275,0.3120848005004013,0.0663189720075159,0.353527280155433,0.4319352377354666,0.20958340001153872,0.93516375942288,0.3159543059394513,0.6451524655256815,0.2117575647645747,0.8208297322776714,0.3342128659483088,0.7266431520185491,0.2652980081927253,0.1207790276651389,0.2050687239198698,0.6409612186269189,0.23404332052989002,0.1844639812768762,0.4355410259539314,0.4504620480530318,0.3199236117737192,0.188661678478526,0.7668178970545025,0.409703803877707,0.4711528371837174,0.3535295457161688,0.4786480923529779,0.4187494676789643,0.3120848005004013,0.2197322066514843,0.5560712449120019,0.19086161504784135,0.4350007027789399,0.7648211377603931,0.1371652425466007,0.2525927542092785,0.6227831508088102,0.2638995483845864,0.1712548431803778,0.4014057893468002,0.16204880760395554,0.27532632619113406,0.7317139306612317,0.719709784149594,0.3973419584620928,0.0761976056768901,0.7006281137767704,0.2833881663590404,0.24899405557845616,0.3190393631103693,0.5509591062065935,0.5577511546664837,0.4165057057126008,0.6919430078201759,0.7971605132681625,0.2049085534528688,0.5207894475647645,0.07417463584661875,0.877839824677753,0.2739114154776839,0.3856895713803273,0.11989489846726495,0.9295817483916932,0.5357833282561597,0.1071762281608847,0.4656232425262687,0.2592658215385791,0.3113270533832756,0.2799917037174771,0.5010244019055842,0.2794691357440227,0.4827488065646791,0.9936108088831253,0.4476055735008366,0.0961465072771966,0.1511201274734258,0.73502005845178,0.05986219255851631,0.2057875451356035,0.1030123826265916,0.63749191531838,0.3528348673960417,0.5223821268364081,0.41728832779111674,0.564137152357309,0.1339028364750859,0.1260808521316602,0.937431462470387,0.7343796994759636,0.07800532835311429,0.05940238368804411,0.294457745374118,0.5127912928106194,0.24578742149626798,0.6789530337358259,0.1920379991515966,0.3712755863676057,0.346502158746737,0.6045228983267422,0.5060800290713163,0.7899366587419007,0.751305788974464,0.06704943120742561,0.5423383553940117,0.8186698490484036,0.1357520579009875,0.27378651204513016,0.5717935177807808,0.1654960531167988,0.5973630374509344,0.802024894306913,0.9213617562182412,0.4472223460558867,0.5282002175378434,0.5901367963822695,0.6753033222793297,0.7142711853928322,0.30725392645162436,0.11474907183990994,0.29519839085701743,0.3334967826645617,0.7563997381169798,0.8760364023357622,0.09772661962581114,0.1791522983926622,0.4072845478248229,0.3814988996762384,0.07632114790516718,0.8277823794546093,0.6364035561836072,0.4074842599535924,0.6746179770185686,0.5898666030477806,0.4798103809813772,0.2488750557814249,0.727215744614178,0.1858656908759002,0.4875949811329133,0.5629094020337067,0.4399502256334333,0.4980542778137736,0.24397790234878952,0.7734089346456201,0.7738765883535629,0.5655708824725779,0.27433266993495176,0.6385903826395252,0.1786047446389329,0.45290266395896084,0.5286567299190762,0.06623742928586794,0.748687329945218,0.5523285126425135,0.7019553134254262,0.8150416633038745,0.5008956840899405,1.0,0.2831123154830414,0.2535169937123185,0.7595090762624463,0.2276251213908975,0.5761367519596121,0.4641293278125465,0.5947181816664376,0.2814504318908096,0.4139755495254504,0.36811142316431655,0.5510875611930903,0.0298878872627537,0.2388973996751128,0.0920481273843293,0.2231226013491463,0.5071768632867425,0.8970970694031888,0.2462304248373746,0.6028731597416501,0.316046843026915,0.7891845243201395,0.3976013886448643,0.2266300979143822,0.2619307870946714,0.7028652531852313,0.08147508433727386,0.1512775621909502,0.2180400636341056,0.32181440458680977
TARGET-50-PAKVET-01A,0.3834587630546096,0.1476885020076235,0.2491045932513974,0.3149724873469797,0.4329703857245786,0.18302574436770458,0.0773160041463305,0.0562704202547128,0.0890562492421569,0.0597172702428446,0.318429977575402,0.0678385377742479,0.12581731009047648,0.1039873862449163,0.1529609351251602,0.4575338668655532,0.22424822207290865,0.2117027736422568,0.0406135054595318,0.4562076363857316,0.2063288803378966,0.4265789169881404,0.0359996258827389,0.5141536446649659,0.0313459285779154,0.1528540698396225,0.094379446828802,0.7220965866939277,0.18863374812281125,0.4243102905085485,0.2407317502349258,0.0173978511086018,0.0836137041793524,0.1142753582607048,0.0869919738031736,0.16878744379596672,0.494739111856308,0.110706433604366,0.10028721198127404,0.41562019281385704,0.4879730674948464,0.0534940877258153,0.1529609351251602,0.2314557541935106,0.1872877547649496,0.49709519682328,0.1135837993294175,0.4964501133527438,0.0253557872287276,0.0210338092874546,0.3746971666733851,0.0216219457516484,0.057062514725345,0.18277044338689621,0.2617932478020668,0.3050167317809422,0.4698923879876211,0.0800674271264622,0.2160420787144342,0.05475086730982392,0.6381221358925999,0.1369776277425375,0.0693303709386749,0.18025432313452938,0.1269818850968203,0.4017119561928299,0.34125734209311565,0.4575436791772083,0.651295013403046,0.5917446901593314,0.2452865170436057,0.2181854343216485,0.4681100086070513,0.287496914660035,0.0655687568564658,0.0529668202354635,0.535799857962524,0.1090087526194747,0.0198121447297532,0.1071274408568352,0.1240134413641786,0.21567887082208306,0.1372312677811972,0.222358968696154,0.0385559754237868,0.822658227716709,0.3924188846975582,0.0179481398260395,0.0342040041429607,0.0256910210430662,0.1789288021999054,0.0308332553286826,0.32363194976100124,0.0504890669163299,0.3392112989924234,0.11756540394712,0.0888070334339535,0.2179296464745264,0.0457028600340933,0.0596094259310705,0.0808476861724033,0.5706423403410918,0.5071927241170379,0.0966670240984878,0.07728952600019968,0.15459719322557305,0.1140112335091362,0.2513622421564124,0.4772841464635378,0.1792988029403127,0.2380755807295634,0.3128551667442695,0.6577356207125414,0.5145747263301245,0.4848079037961329,0.3792415003502433,0.051751335490803,0.0682266570762063,0.1287692297071878,0.3897270434439215,0.1747102131890948,0.3966821213943106,0.13796414441835614,0.2932799530457518,0.602939646971436,0.1160787955077918,0.2180816377357278,0.1172610128033502,0.3509252192880073,0.8100506649226977,0.3206413128567698,0.0405244939677947,0.0191213736747573,0.033204216770563,0.31015523746770807,0.3816572977211246,0.2247212941614885,0.0709933754648387,0.0637332143410776,0.2313875852823028,0.1869826032864489,0.1910397399423548,0.5645308697268974,0.1302021813682483,0.0755905413571006,0.0835032336261951,0.5684006912991495,1.0,0.1032920248531445,0.4044043901880758,0.15081333107239187,0.1616050911443295,0.9255096308135802,0.197647724750082,0.2087003728883555,0.1039873862449163,0.4566432303341772,0.0845896279382099,0.5519464734433795,0.184889958296135,0.6107064786506965,0.0330161185080647,0.23926502129855462,0.511732039035624,0.0115019298580709,0.4640183626489701,0.1285058174243342,0.650534744878674,0.6133244328764559,0.1458704622553049,0.1568952649009921,0.1921203848779579,0.0239106349086491,0.4229894421510582,0.126459205866179,0.2436733896306153,0.0594081181686478,0.6947058973542614,0.3143017186554323,0.0618284307488714,0.4682854062377102,0.0665962035511673,0.1172996009765587,0.0796011729282861,0.08585252550637325,0.12386005745936665,0.170687583284834,0.1543320439485718,0.0232233970018159,0.100111813161585,0.2095711902932355,0.4694087203106735,0.3161308546082362,0.0818645936155943,0.511251071989518,0.6263376307358959,0.0898409203173894,0.42314457312496,0.0403059649675196,0.0625951567329452
TARGET-50-PAJNNC-01A,0.357605058899668,0.2013137476762393,0.3553117400669477,0.8250321675857606,0.6788970021383878,0.21109231093020595,0.1330789052927008,0.2729343109677575,0.49710533455391037,0.4264896898388045,0.4642956331505498,0.3015188505360849,0.1811169561979233,0.27128345888157984,0.32105131266269954,0.1521352222311244,0.384303021973464,0.37973645222439106,0.14154631190614167,0.765187771830933,0.3338161045194035,0.408008274313017,0.2802485096530204,0.555776655548555,0.1433497759549666,0.5468277357617342,0.0844125133464222,0.3603573507170438,0.2041874531261206,0.5558939441022904,0.3825414125201017,0.138809006531998,0.2130839245159116,0.3530436341742107,0.1017932864730237,0.203049005051123,0.5254161001739515,0.327671483709157,0.2210284296531736,0.2574910008228258,0.4613301605112577,0.3715466807479775,0.1789865847118989,0.3110448415481266,0.2244746928437837,0.112182943153173,0.2808871532990336,0.4433576054723661,0.0436432333058415,0.1856936789056221,0.4315173460268475,0.1160511165272123,0.2111920653270594,0.1277192836138942,0.23479077299404497,0.2239023338278285,0.5557424571701788,0.1758187275883943,0.4228111395134486,0.1747967334568984,0.6152753177600068,0.1746298250267508,0.25306165522730906,0.2890176359300803,0.3956904335308184,0.6428626364179035,0.4187213271908031,0.6737118415152841,0.620196246718248,0.3982762399792013,0.2434654795565153,0.0257052401227098,0.6137853406245382,0.3585769624738996,0.31628028505432937,0.12027452976458802,0.5931140508584254,0.2865588122547894,0.2754784471854483,0.3163878675881133,0.2246819991998197,0.1785520022895824,0.284365405302067,0.1599383654509492,0.1515912633899049,0.5115004181335713,0.628014185747535,0.3137753132331298,0.0305918931847102,0.086670275048081,0.6496479553439807,0.05113340973458146,0.1392731822024946,0.0590795659378652,0.6637666836600866,0.289789933771246,0.2995961118486654,0.41253690986197333,0.2555561485998442,0.0891715773981541,0.0723097731271369,0.6025176974441526,0.7607921808431074,0.07724380873276869,0.05028254424700287,0.0936905577643598,0.2953032077606951,0.34065033377687776,0.6504629223330355,0.3729311433257649,0.2989146697439397,0.4018717817867414,0.6801003944813928,0.5334628474147296,0.5195269900865419,0.6343738661583344,0.0572813013973335,0.2407666325086441,0.2176994748219265,0.2615994411582247,0.5840282140123648,0.679496925905135,0.0988165736409067,0.4537676230683545,0.7733112225540101,0.5481746354614895,0.64332991623585,0.3869636520552286,0.5785690648353029,0.5398851518286604,0.1023764328159811,0.1367119287507258,0.15440442741974714,0.23935406595824407,0.44350301428838806,0.5589361001376896,0.630005372081564,0.0970930334663065,0.21263576710264662,0.3618895328312634,0.2187968943534289,0.0732902219797895,0.6748672891060779,0.6178506073230423,0.4171792598649452,0.5108253434739749,0.5265135630898521,0.2957084617417537,0.1733666283989068,0.6784011884533925,0.106597518275973,0.0783294302646946,0.4773328866595356,0.5166022066586757,0.39139799904375083,0.1914408058948928,0.5836501713950442,0.6678386235654675,0.4951675936787164,0.2983978403409132,0.8719550362698055,0.0568284530037481,0.6996841669099194,0.4610447067182057,0.05867889251468938,0.7373025703853656,0.4369094255147631,0.6709008921531459,0.6910584680377224,0.39594941429678,0.1930227648588535,0.19979016904654676,0.1513732817586555,0.6808220294887819,0.1866427559354216,0.4570552639694503,0.2991636711692281,0.6301812882985603,0.3373866304516388,0.2496525823099448,0.4482623102409529,0.352039382980841,0.0575951092471765,0.1370122146155175,0.2421460671416584,0.22092071814784234,0.3455221750586035,0.5603429719673163,0.178346553946454,0.4180004639291012,0.1887094317343277,0.6054257106910517,0.37832957954846047,0.1319870600397344,0.3619420124727872,0.5133286909854089,0.07181165922832893,0.0820568493691401,0.1843254071539427,0.3469990724815565
TARGET-50-PAECJB-01A,0.2963696656746371,0.3172152182990015,0.3670015979709148,0.837284968858089,0.626513783501036,0.25538055907330864,0.28459419678225917,0.4116033016419973,0.5105697936952958,0.2674702885189561,0.4898833443318472,0.4469427995421175,0.3694242925027121,0.2722841286310507,0.9257685179024931,0.1455865641798465,0.39407460095705943,0.9482047942930282,0.18884166897351087,0.9138829524912386,0.2638177421995604,0.4745244264723287,0.46819549281796513,0.8092322943552104,0.2065173798333109,0.7071122110233596,0.3231041074508673,0.5537480423778438,0.38845100898607854,0.6815994371042521,0.284278051102738,0.2246570580507392,0.4142942909867992,0.44008987750815,0.41542485054886785,0.23669860091710965,0.6493898590138605,0.3426646798877051,0.3407072065343,0.3718904203951043,0.6350954105368227,0.3837828958732659,0.3266600169354514,0.17371771997302676,0.3241962494426178,0.3956597375673724,0.2687963705665656,0.8416814295443742,0.1670523407552534,0.1872576968520785,0.4775244243228971,0.0548585855515307,0.2203351307595901,0.22852481171508385,0.9239244308714074,0.1883422568982415,0.7047797287975093,0.2031447979455371,0.4100262982601719,0.2754316811520312,0.9165906300787152,0.4142543366309783,0.25053505106256585,0.3381307511116598,0.5303871630240948,0.1782992809546525,0.43780430732672887,0.74169271475736,0.8311174260501377,0.9874619037222206,0.6984264712702717,0.1175007484763783,0.7689216346814016,0.3628985386534138,0.380683023155136,0.0836979302802164,0.7227149856300215,0.3527787627627545,0.2481832628755019,0.4082808760624963,0.3458658474848854,0.30835320635005264,0.3481792679711026,0.1305228279017989,0.0978231238114764,0.4970329064878028,0.6112901532784987,0.4875920658163697,0.1582298006245931,0.1879230515075892,0.3153877389382987,0.08193548292517218,1.0,0.3273868256137153,0.4802840438620466,0.3549883039456314,0.3449565683439439,0.5601843429299245,0.4459766352196962,0.1743604990836226,0.10958648005973422,0.7456406935570565,0.6310370581857473,0.0805634575135459,0.08144578534958609,0.19013224355088845,0.4947380249318842,0.24475796048066442,0.6198719684900618,0.3851099316622838,0.4616939007859102,0.2660188010778421,0.5301124788000116,0.5897414455131704,0.4320877865849667,0.6916449122746081,0.08997573406096995,0.5365682147942522,0.8266117619600163,0.6333818042426705,0.4785866235351636,0.9193361395074096,0.2015561854128193,0.4668507549061921,0.2798876855847275,0.8081205285646377,0.3040585469763294,0.5069015301847007,0.6768525670167433,0.6839564297396766,0.2219779693391757,0.523289545184026,1.0,0.2428800991593031,0.32791144436239844,0.497849944519032,0.6668613720741358,0.1121834114941807,0.24022047279927386,0.5179429316472126,0.7996913510886015,0.0846811232209753,0.8274770251561703,0.6999507465292474,0.5529248982796202,0.2537472616757907,0.4682753493132219,0.2070784660817451,0.3032320612066545,0.530596143018919,0.231130348974246,0.0905035345356508,0.2487185077731357,0.567146263239819,0.40400933750573725,0.39923548826148364,0.970734903770222,0.271786898548382,0.5603782572819574,0.3585523798799529,0.3054213862998096,0.1232184424821023,0.38226247811399605,0.7220687025537985,0.10098347492499658,0.6502004442318491,0.5982692402887554,0.8313683405164862,0.9705405598464342,0.4430576456081218,0.1245592219695068,0.3447999953925202,0.1748999959162755,0.5363890698565466,0.27680852828500235,0.5369902489741738,0.3789971177159862,0.8867971561552563,0.3499932463883782,0.4014729217450392,0.1734083843106832,0.4427500266565856,0.2657266921518953,0.3733928530290107,0.3327266027212114,0.2774605924893506,0.4275321336762261,0.427868219298569,0.19715069906741198,0.4604241729233194,0.21081623322846793,0.971643091091852,0.4319240927089615,0.2031752278342635,0.3751066189059265,0.6506192001546609,0.11068358844235915,0.3561936456231706,0.1504246546977593,0.4578670829443594
TARGET-50-PAJNDU-01A,0.0703696604109926,0.1183133518060897,0.28417918138752823,0.5650280637670926,0.4936665004225344,0.16146570932619808,0.16928092366406,0.2980370226374573,0.43940101986637564,0.6152099622532682,0.2425010386789333,0.3309571393234424,0.0641254117790439,0.2521270054216949,0.3278702791087329,0.1078055466029501,0.6732172455438703,0.39438184430018286,0.0910331666977268,0.6909726831335283,0.1199020258178342,0.1963261661205587,0.1544847440899533,0.5673947170891178,0.2425100240330547,0.2504309376545907,0.1546280932490534,0.2973001152653373,0.29078597223808966,0.6249157716257419,0.0699133645917029,0.1663565389966343,0.1486565728122901,0.3345431686178772,0.1294845454210304,0.0718905691303669,0.192521996563129,0.3059509281362785,0.123688168878074,0.3237316826680142,0.1841180441515775,0.2893753379943262,0.3257465221451843,0.1407946567573708,0.1129515371399145,0.0220040353676396,0.2607366454615267,0.4532932929765376,0.102593859045728,0.1026155571633413,0.5246633675962379,0.0594756466849678,0.1249365549339358,0.16507467891268204,0.2440241565447111,0.1104934895492128,0.6338112620901113,0.4211187324119221,0.2403414720035456,0.0892362586613302,0.7596215519878832,0.2160566142119298,0.1517966346043739,0.2672173568913857,0.2736149024548625,0.1602426801828182,0.2970625496613042,0.4855734882845192,0.5837983057669436,0.8332572190544326,0.1969564468234214,0.089954911212709,0.4720175754505902,0.2760658182948297,0.2813743858411684,0.1291443406505572,0.5829546617755144,0.2691989282255371,0.1266151377859719,0.2006834214999995,0.4105790783397484,0.2271242598755108,0.2042639975775761,0.2922988301114784,0.10185286589052578,0.5676653834684652,0.4525658026899688,0.215350962774394,0.0203257565005987,0.0575851548588589,0.5944308705656731,0.0110462975473294,0.3811750766523784,0.0751512305397819,0.7005600875735958,0.22099019377019788,0.30742191221773507,0.37672231584724114,0.1894460972234148,0.0644616822280004,0.0480438014189425,0.6049389123628592,0.3480494445862417,0.07448814255335713,0.04460878442719115,0.14945402747336126,0.2807860672693049,0.2358007179317065,0.2164279123042113,0.2087591328098007,0.3900549784334942,0.3665537246480109,0.3515194912401816,0.4397257907645429,0.2819248623525617,0.2037001449982709,0.0136342689621037,0.1912688558007399,0.294929585427427,0.2890737167917706,0.084597902203425,0.4817476425867942,0.0669821808024603,0.5546712182388263,0.2593427415399135,0.3630968820404311,0.3682652751369194,0.1531976166749004,0.2176902518019075,0.6466017055459876,0.1302263275340559,0.1739022538840148,0.3565188643768694,0.17796787988084795,0.273138132615371,0.4876953611719853,0.2646481914391517,0.11959629543259928,0.133998419043881,0.3574787606816987,0.2783171404176534,0.10269876329738166,0.9143909352109552,0.3604427323214104,0.1694324652421095,0.22604634603503673,0.5416474528239414,0.4535292640617848,0.2171704059376428,0.6055660328840684,0.1355956927535905,0.0277329471275591,0.2149974761623094,0.50152207988629,0.3365607950749027,0.28550027182752213,0.7053783306269128,0.0967380431433493,0.3265345680212327,0.21974725764384845,0.4223586760652976,0.0377577579486714,0.3204346643778708,0.2164100134704947,0.05320573651090865,0.8441785434248087,0.3385041337850304,0.5242691979149205,0.5091624250920345,0.232778381683251,0.3851562314957689,0.1145856952232257,0.0535945072669586,0.5256950312449897,0.1880227330864335,0.5165480536084655,0.1966861828465303,0.721261026640492,0.2956864016169685,0.1906997615451875,0.0576279598007413,0.3423728173279728,0.0113889436516816,0.3883423396713722,0.3083030578951958,0.17828244573045604,0.3210306435015611,0.548192777272085,0.09753818277589772,0.2881612016878375,0.0668135677110716,0.7180364382344853,0.3017704085827604,0.09267235954997238,0.4199442371806428,0.4662266448431202,0.060964085443068965,0.1569789858489733,0.0882486239971674,0.2608457207934345
TARGET-50-PAJNCJ-01A,0.0309181723884862,0.1155445441079498,0.37345102070680514,0.4566469368779478,0.5428970838892823,0.1653160183879595,0.3055127597290695,0.0991382944665087,0.43762029547479525,0.32162895682931286,0.5092027413228891,0.0609801898260556,0.0504036836620942,0.24514289617961565,0.2641071272379333,0.1963881861598134,0.6235677873250112,0.4002848289496636,0.0715536447984322,0.5007362455682484,0.1894423448255761,0.4427891195029745,0.20072117699948186,0.393390920214278,0.1640306815300068,0.2586682971945946,0.10071305403785996,0.0090406751845315,0.1970053268075337,0.5502642128306164,0.253843430005964,0.059206801362912,0.1498953841048387,0.1811986967741743,0.149036822645612,0.1926909608653111,0.6244926774529242,0.2254944233722933,0.0690116527247074,0.3234836169753547,0.354537418018489,0.5486542227598099,0.35789326151204126,0.4395184932086976,0.1480102106979135,0.0175871396547461,0.3040472293677553,0.6636333206760714,0.0638986032110037,0.1344660782952973,0.3373571931443486,0.0677482280398797,0.19911669758662706,0.2628225807253944,0.15472985595976113,0.1271781010768117,0.5493644668076318,0.1371735162985999,0.1241504432972808,0.0228224184043439,0.5894341212880687,0.1243595531284657,0.20933136963746163,0.1924492397173814,0.206961852512478,0.5213843275198418,0.3923099437196586,0.350484660763333,0.6982573966692707,0.1236290164870126,0.226386161594258,0.08502723883135431,0.2756623692201294,0.0865391450741672,0.27929949705003015,0.0201593865385815,0.4820638874166096,0.2073510642104938,0.0178091743442657,0.226681389014979,0.1265209798840897,0.1801158384204163,0.30166008577293635,0.12811321784305618,0.1527242640501194,0.6428896414009547,0.543849492804827,0.0709217424102589,0.0308598302969207,0.1268950326543433,0.401513149627875,0.0445184042873064,0.1070508448693773,0.4998854014401644,0.5528142704589287,0.2410963203574863,0.4868569689386166,0.1331768505374795,0.1138314214123263,0.2506996454930962,0.08695974723285435,0.518132867891895,0.6799140660479069,0.0308160447299972,0.0196154912932758,0.15163381955321822,0.1807798920423543,0.24687299162577717,0.2774367728790583,0.2068408955293637,0.1112030581555335,0.1810662441274219,0.6508955833152743,0.3534570091856382,0.3560610143830104,0.5270576093296174,0.010716771411897,0.1245338691189371,0.1462367860464281,0.3370913302884616,0.0664954155121964,0.7245365885508174,0.0531187274361434,0.2130950550614182,0.5468385675437445,0.3189017972851135,0.4573949868698641,0.1983160857723671,0.2459624230175171,0.7006139806024351,0.0534653565742424,0.2153436762378511,0.11720050311651269,0.20513736409851488,0.33566051464646857,0.7515067991555808,0.514475665847692,0.0270203665485681,0.1308625442797601,0.2532678984233092,0.5022978124672935,0.0738947395067609,0.449727838240985,0.4534085201375368,0.3506108702705675,0.075587346885955,0.6405540501282456,0.5324499033996909,0.0482468172987247,0.5960299256738388,0.0556697881317911,0.0217985764965003,0.3054213856964609,0.1317795794955649,0.1464293852830523,0.0934744580408324,0.5601844710617098,0.3543819067393328,0.413029579115627,0.22817106443278054,0.344772905031786,0.029678251330258,0.44927367742760116,0.2637361036860952,0.0199709034982873,0.5292339363511837,0.1262858287897632,0.5250964195778833,0.5964616096328318,0.2919838968780709,0.1086933062588575,0.19053525039976826,0.0813705211442785,0.5627381343509357,0.0481308864886602,0.3525490420821353,0.1386934933274567,0.3729049331087264,0.1628309520900913,0.1608225820562414,0.6136227340737337,0.016164132707202,0.0089519068515732,0.138212227210357,0.027569906663598,0.1635316204055398,0.3555188181621173,0.5435810479531169,0.0409154216381711,0.2086464606452196,0.052516620756349,0.5755272021757352,0.32085708926701223,0.512351429913734,0.2702108848397198,0.388754231421345,0.0208717343979182,0.2292642314447205,0.0699836068124562,0.1102813352428846
TARGET-50-PAJNTJ-01A,0.4852410159742465,0.1899200388515999,0.1371453200234618,0.589479423729336,0.5485503197798539,0.2812604602284166,0.5021699262857034,0.22336503652489803,0.35563117405090006,0.0473588918052673,0.2170449844325717,0.3902702021114041,0.4034261246168343,0.2645125279442517,0.3339338074470865,0.187486820635197,0.049216827778807,0.3211700614099499,0.0928583407105297,0.6733474762280969,0.1924702246541925,0.4835667065599217,0.0823092094082319,0.647126238890597,0.2659537105568889,0.5158790495918951,0.2821343255715479,0.8373167651224627,0.2194255524686774,0.6297979509806532,0.0712573977490621,0.0760944487568545,0.400757651427645,0.4241741529707624,0.2935060054185391,0.25889307003456,0.6038069597843101,0.4464356781797316,0.3167563032705237,0.35987219323264014,0.5626142137514567,0.33862181459186086,0.2432769958770642,0.2512114673311839,0.3928980045817791,0.1932315326538155,0.5142084872565407,0.9307427896185478,0.1044253130391585,0.3437362376731004,0.4904881543085384,0.3552250576582514,0.0665659843849212,0.1655865392079328,0.0703541960940874,0.0588707436655157,0.651650914333741,0.2701429761002912,0.2810914713957241,0.0566575439013516,0.6275091265436078,0.2196804730208317,0.2226400294814832,0.1292976564509038,0.509337655734077,0.8662846612468176,0.38209519611968873,0.4441983212568494,0.4546205284355085,0.5138138151806602,0.7066756505556726,0.09545341168266987,0.5708159894945541,0.184862034402237,0.1499157951339709,0.0261617306705792,0.658493617766597,0.5939181836005469,0.0231117559935855,0.4904762218422043,0.09537212682899673,0.2314905571907111,0.4630105452729898,0.0780450115101035,0.0305768877431308,0.4973454139301493,0.8874107591174276,0.4427088960010685,0.1542447793906677,0.0587397112912481,0.504404311081985,0.0479373727799132,0.4563867498477584,0.0400404480599291,0.1653739660741147,0.3171603912316557,0.2030475743178195,0.1728295098985023,0.4252946720854426,0.3094596730088655,0.0490070580099966,0.667472244106948,0.7692490670398474,0.0142647472695714,0.0131787325222912,0.1214686989911485,0.5209624735510721,0.2899421204978862,0.3607488965608354,0.1462005082665609,0.3972685307618009,0.1535444136772612,0.7027997656096122,0.5632704079652994,0.4985192555015499,0.5899682665156836,0.0266048030490378,0.421094705985336,0.3534747062116307,0.461166964256014,0.0862940520600155,0.8260231721237951,0.2778368990431647,0.4452911638934833,0.4606698076437688,0.5151541601052353,0.0008856481935631,0.5419675596222547,0.392263300625884,0.4782018256262392,0.2703377530005097,0.1772453971689164,0.0437189307215353,0.0759178120435695,0.29264614973477365,0.5139807088991888,0.5673271745473105,0.0350655289490621,0.4586600818178182,0.4385093585528882,0.6308687408051761,0.1160799303571118,0.8900480453499096,0.5764860468253734,0.3125069785705279,0.0349893832759138,0.1970382633739096,0.4588144424107256,0.2663753605463211,0.070293461850373,0.2550562451951968,0.2472404713943347,0.3359005585257907,0.4867214918262568,0.2982741059802848,0.2593861396786373,0.7352539763876387,0.1887667459349453,0.4104923630092528,0.26679453415085164,0.4411493577953974,0.2144407484646478,0.19659294393622112,0.5095276633667631,0.0369360493536081,0.2251995435962573,0.5404177310290372,0.596976292328036,0.5975996147068855,0.5478073904856712,0.4877790136324386,0.3399171559214498,0.17357255542233355,0.5810791093847878,0.1194868031042319,0.6297138483937228,0.4559934285776945,0.670186485014046,0.28709364385398806,0.3353227538151844,0.151420104009003,0.3347245917486121,0.031980333467691,0.2556225684006556,0.0357786915472681,0.15984726207449218,0.5737128508167841,0.3115319803534298,0.1461687269154209,0.4974604908389015,0.2447860334631109,0.750559029232094,0.4005914149393587,0.1641961782498052,0.302045821886634,0.5592622124674935,0.0386021299378378,0.3354862511247026,0.0899451390688737,0.30666042218108774
TARGET-50-PAJMFY-01A,0.1551065450612925,0.0184370114620498,0.074127708540437,0.6807808672839442,0.5400853916952615,0.1374941736521152,0.1815331864062271,0.1356733588265067,0.1100561778066039,0.2441241167577109,0.6685888864798332,0.1222318586975174,0.2160933256530426,0.0655664540812717,0.1873650570728813,0.0851603033760759,0.0280589594397282,0.1770484412128301,0.11498416301113433,0.2159062545287414,0.1897416270090346,0.2465008518573721,0.2379326756827874,0.470570102530456,0.1884914890027147,0.7260390561635791,0.1151472691079815,0.247248402566228,0.2633290929175092,0.013234408312866,0.1076784248262345,0.0907631943054276,0.1334475219095851,0.2389844431191692,0.0727519677465622,0.15199248634775694,0.6645176077192654,0.3830310117299083,0.1649353878346559,0.24259410523475064,0.3752892786000544,0.2503990179322783,0.3506612465322972,0.1141053258943398,0.2186493749811709,0.1678461687218874,0.1943572444073267,0.7454245187036914,0.0595338170963625,0.1790340470375291,0.4158045819809117,0.115364827666088,0.17953642577607473,0.133697902008373,0.0741914707186399,0.0318199215784365,0.616594513637954,0.3485269551038854,0.6431034953766077,0.1096116993913597,0.3109497295018947,0.2296218150624557,0.043714403705482,0.136349838746465,0.3463159283822398,0.5745604141477489,0.34112749094025646,0.4167345014536955,0.3982511131784836,0.0934741199731112,0.5104026895810203,0.034205682538874786,0.3823238942404494,0.6676328875245814,0.1580925366565074,0.0141405419137185,0.6334552600869201,0.2794331346656448,0.1811026828607753,0.3334220324532697,0.1677233297140595,0.24922689971394338,0.0588239579610843,0.1816726682987203,0.1470669343942495,0.7908893756065013,0.7221686833974614,0.1695004340355074,0.0599340526844537,0.1182270861153923,0.3845605001626951,0.0060902846165368,0.6214466210139058,0.0422243433188644,0.7708452676877817,0.074127708540437,0.2141222414700775,0.3378330018763207,0.1550337639577231,0.1972135996487911,0.1206013175981139,0.6544905718796681,0.6029908737695874,0.03442381472231797,0.016942049348162604,0.11708581596236683,0.2701917318951077,0.162682006863072,0.3894053286382637,0.2905453255491457,0.0780019521810629,0.1190496592661053,0.1832701887633045,0.6362356764092273,0.6227417823521454,0.5489309588471258,0.01978806594622579,0.2376505717813053,0.5418121944583157,0.2719975999331787,0.2494517302470384,0.5558291307815634,0.1457382207487308,0.299311932175251,0.174939582031827,0.1056285051790821,0.6267278591597519,0.29710422093965,0.1661045378724198,0.7523875012691611,0.18563523900337053,0.1864890005765742,0.05191599495146666,0.1868259090303443,0.21258540520923744,0.4947991343717525,0.6501515868978628,0.0541610256599841,0.2818857386171137,0.3385994376803402,0.2984612574051818,0.0532750099951952,0.5539945572063363,0.4458960266230714,0.0934151856931834,0.0540434136381243,0.7023281529124097,0.4382060441791093,0.066027036180435,0.7662941067151909,0.0761855666535766,0.0436941985541143,0.2371856206817679,0.1874659569761723,0.1027110054183589,0.0655664540812717,0.2071662408477251,0.0533357184581956,0.5048056410477996,0.0605764675300989,0.2300679639178685,0.0208174269617886,0.3916602286284724,0.3035181241534832,0.02676878884897347,0.6673751936045055,0.3095318853765098,0.4996005888427997,0.3220988016403968,0.4109922423352979,0.4124790343332634,0.0329983952076173,0.0844399634543464,0.5177182057008236,0.0964760479271979,0.370106024471202,0.206933387275019,0.8326100327392938,0.20039341891661944,0.1293176557974422,0.1253855312879113,0.3500448896096866,0.0233824433601149,0.0979230415282327,0.0720127891960744,0.0468762265012451,0.4223488287509407,0.370361320638395,0.0820129955398955,0.3175437997225314,0.0368371069005885,0.2293875875109096,0.2804660813049082,0.0280746555766724,0.2023504093878693,0.4331181171145415,0.029662415306627055,0.0478453353068209,0.0495832226606224,0.1509229026864969
TARGET-50-PAKRCC-01A,0.3627613890338493,0.5023526691827065,0.25466647542934745,0.4043819109551779,0.5510655298276116,0.18278564468862335,0.3210068131480362,0.1048453460159152,0.319905839914775,0.1963545368584487,0.2062655424046661,0.18765545705015985,0.0533052508363885,0.20880288454633586,0.0988554619552388,0.1068775995294168,0.252319289943256,0.26841774651409733,0.1611711795593913,0.238775870735264,0.101541388131107,0.3824249181212931,0.1293170401026014,0.1175080751839141,0.0832420067130018,0.384155850941162,0.2689976467022267,0.0672565329653064,0.2836954189042066,0.5757492972861546,0.0303557936158464,0.0905536587258524,0.09059396398310574,0.0138969393788668,0.2455410827035312,0.18610091877993087,0.6311626188720514,0.0201441573648249,0.1470282740246614,0.2830299077448226,0.1994565087127819,0.274170127341521,0.2761481026906141,0.3906573130894383,0.2724641960458271,0.1009913864094524,0.4142785054038438,0.524016725726675,0.0464714128100706,0.17635109885845823,0.4510756199939489,0.13113615877413795,0.0542463990797477,0.20901593695401452,0.0573335140089841,0.10502116222453745,0.5752037837093174,0.3640004401919756,0.2091057894608901,0.1054130110569648,0.2152692226701431,0.1846900082957933,0.1741252093872128,0.2031411836493921,0.0088661532754848,0.1288950626918604,0.32299209545173196,0.5417311092281771,0.3322555551310657,0.3419704753436798,0.4294471956818756,0.1528819689990891,0.1678490339980105,0.2923920489007381,0.2355346021512654,0.09917187658094408,0.426508710464778,0.012810582107577,0.2867047445550219,0.0351681577112964,0.3413539501664527,0.25375803605653635,0.1806999869410834,0.1691521940048126,0.069607050008897,0.5959897717188226,0.706826566830351,0.12298914734587313,0.062736930943304,0.11641903289784307,0.5727367923814534,0.0256506252361585,0.2979153400195026,0.0326300308612704,0.3480034008765242,0.22404238515567332,0.2916504282924437,0.3875862559880131,0.0435949638848825,0.2085383704548454,0.0769956087727339,0.4635904769024184,0.62547335756374,0.14647770081416892,0.12910876077758918,0.0517459081279629,0.16533166338961447,0.13819096311583912,0.3115234027544133,0.2572550554415885,0.1176046367661043,0.0583412847149882,0.3468807659948493,0.4184457721488275,0.4041364619293993,0.5812319222093123,0.1339748289847927,0.16325432406897103,0.457774260637823,0.3024825808472487,0.0703233284914287,0.594777750238728,0.11821632308103014,0.3845489853377734,0.0884056679957233,0.2795368842981328,0.453429798624569,0.21347409042780707,0.10777087473435916,0.6904004292866222,0.2316861508916386,0.0755068928389148,0.0356277246580834,0.1567118746789596,0.2176883222930088,0.2332873103281048,0.7366589293347536,0.07787833852094601,0.1601755662384436,0.0639626913826796,0.3375691387572547,0.05403487438938616,0.4685990029127187,0.5245366477643285,0.1408433850012306,0.1027769388696216,0.6130423703869503,0.4855184514444727,0.0983705621206871,0.3683784193794639,0.113505276788664,0.133013986177039,0.2785119955425099,0.1403681745296692,0.1548588227134147,0.16755323356621937,0.0764849517963218,0.2223443950403255,0.1912205258707191,0.19728592533925496,0.2016111779659981,0.11406875820997328,0.1862631231346897,0.1575344532491566,0.0109342933845684,0.8012805143379583,0.0291151513665419,0.613596378229001,0.3214445508002848,0.0383009553581263,0.1614236070300783,0.14992054563359053,0.21205800572883943,0.5846881672258017,0.1421912815889751,0.048430140920186,0.1584635334613633,0.2431344254614471,0.2578171371442158,0.1389648527596905,0.0698965961244118,0.3540905367089282,0.07069716040319,0.2420663625647049,0.081448746278734,0.1362574905814711,0.0418935467877297,0.1268655663792031,0.0432707821142748,0.0667475676176458,0.0555398224713873,0.1278736065260171,0.3345690283329012,0.0418271031108359,0.334052998968002,0.1921580779028986,0.14122511054688613,0.0589084155650169,0.0738717011551385,0.1166298534270575
TARGET-50-PAJMFU-01A,0.2333236123150172,0.4814879675911402,0.6138749164324154,0.6278033888105444,0.3908791439116109,0.33238768236913907,0.3666036248742245,0.3206271513622918,0.395829482028599,0.3509331030856923,1.0,0.8819958968448798,0.4570463673756277,0.3408143808958189,0.4125665762719917,0.1801175819985065,0.2005172677290188,0.47178641715083,0.20287121667838856,0.6049225516263985,0.2415419296195111,0.1749126074365839,0.353451944940778,0.6761008377403452,0.934163700496388,0.4969277269294541,0.6376129055381223,0.2043494720866662,0.7389707728050625,0.6556594641100508,0.1962766617953996,0.13968034087630973,0.5389215986034858,0.5665789802192619,0.6113461217572665,0.5123916175823816,0.7077894172584351,0.6491488263628413,0.5607715193982393,0.5506105940112163,0.751985144260467,0.36023520589378444,0.8475999844848029,0.14039185104324,0.3439530021456016,0.1036771811477456,0.3325509643638283,0.6295663627768544,0.2066747289046336,0.73789081974912,0.5717542196322349,0.7742125111498352,0.28663431098763453,0.6048210986527094,0.3161327022641618,0.3699888208285918,0.3393245886038223,0.5886752728784727,0.5059438472357517,0.4865548090441959,0.669028583498381,0.4964695607634609,0.2779321239389418,0.5255530436586602,0.6590559143139889,0.084835357426846,1.0,0.4815939071272861,0.6650436946471303,0.4618186264770215,0.6837534632071243,0.08148154438821704,0.6147493831954811,0.3469036543622875,0.5142417516666141,0.1063389512131015,0.5977384718317404,0.7664483114880197,0.2142650222310635,0.6495182884035438,0.4201513104551111,0.4084141427936682,0.4881764629638683,0.4547019962511847,0.7229413602741167,0.7047987688887128,0.5520943322479344,0.5523953541638172,0.18544869457900978,0.8291370146751678,0.7915653435156504,0.0457998344521373,0.7967119838045503,0.5103415406125684,0.671787644269104,0.4171779283882435,0.5661714514832795,0.5900864163487155,0.5052490362994352,0.8409145535471706,0.4543358097457112,0.6285036813182376,0.3940430708189412,0.08043337888088675,0.0535672739844552,0.1609100263711222,0.5789820955995072,0.3295326127956999,0.8911161103114615,0.7587280577992844,0.38620618018131453,0.5697203230727431,0.1822428505447968,0.6105698373057663,0.7165655856529881,0.6827760762384564,0.0565300055212823,0.6578120736550088,0.8638998338275216,0.3686928744564383,0.8000169692073378,0.6845301278598958,0.503751800689351,0.4545313757361511,0.4615410569293052,0.3866793725806213,0.9359754561315654,0.5787057190799362,0.8223182047761283,0.1592512515425266,0.27353886602259014,0.38870723351692704,0.1941336283771889,0.3085812866419137,0.33605061482333004,0.4990462675013689,0.5964015475647049,0.1425300038108436,0.358158444802029,0.5599158939852911,0.5698724409372012,0.1075881064288922,0.6179881426478142,0.2292713990496172,0.7024959110197196,0.1422204963427038,0.6003788745640113,0.7039289593900862,0.30845826659564135,0.4719615151035188,0.2769956297363296,0.11219587546298933,0.5056933009777933,0.7757752455705957,0.4163421960594159,0.2832109595366107,0.6382703296915818,0.4010924332072005,1.0,0.4555439292673647,0.5992814620784818,0.3570637839875116,0.481887274289774,0.8061859253175157,0.07191893557965953,0.4004954169103246,0.6837751874948281,0.559674211908251,0.6397817080135125,0.7455149829173829,0.4339265995955988,0.5659936686687839,0.1846612075605918,0.5871541838744172,0.22257691673119945,0.7696205344028033,0.7167210067529316,0.8856739614735485,0.414931688025969,0.6594451741502084,0.5625492815952651,0.523350001719497,0.19235381245760383,0.2766005205323571,0.1454287785017289,0.2751647001543568,0.7818098777641452,0.3304598501861871,0.5917861867187203,0.6466659173704146,0.21487214155109366,0.6343978181368498,0.8511784453566618,0.22386456624194545,0.3285583147168091,0.4777852173234727,0.07680317850028998,0.2107825853511839,0.5240339324238898,1.0
TARGET-50-PAJLWT-01A,0.269466360045052,0.5079116975356447,0.1305031849067104,0.6848954969660788,0.5201100747809504,0.062474379874089,0.1645104804301803,0.2531099474308569,0.3472407271733026,0.5449020258555847,0.4728323422083181,0.1443446355530795,0.2665937017440395,0.2212609802939721,0.2212609802939721,0.1050620163767831,0.0366562230806755,0.441458073691705,0.1693727882839599,0.8202709252016602,0.0908960555318769,0.6397841381111375,0.078322862005718,0.6191310159340577,0.2369512706394095,0.4953832249145273,0.1043496945995738,0.2489029129125747,0.5582785431385996,0.6109150838836045,0.0354456670755977,0.0725552379453987,0.2647374837810874,0.3809631867868822,0.4831953877221005,0.0697803765625506,0.6246965897816967,0.3323468278038592,0.1426940743939552,0.3107618970825379,0.3530194710609155,0.3403550488003703,0.1154309400509509,0.2047700690175184,0.2618205111448963,0.2300171208725553,0.2821628701747247,0.7177470095972898,0.0539512198637258,0.2279696987504565,0.4963695733620025,0.0916789456895057,0.1214157639892243,0.0823679439099646,0.0669468463106066,0.0560195531634768,0.6395135138007568,0.3764505500477733,0.2838949476838303,0.0540223583496837,0.7230000118617009,0.0812506249382278,0.21045676290040577,0.2334760995832788,0.4232050744689855,0.4991276939389986,0.2341069010659975,0.5807625811356175,0.6455287241274368,0.6063145806797862,0.5299945024091661,0.0165776671831347,0.5576805111874039,0.1916627668383356,0.1426551684698988,0.1098064184378297,0.5767064329222396,0.2938215562796059,0.0941957684139135,0.3256886280804291,0.0826627985126314,0.2207237549318868,0.18967627062231682,0.19153921989174266,0.0557719715264354,0.579726083817301,0.5887061680982641,0.340129943954047,0.0378173162306699,0.1071407114133943,0.3839567026830787,0.0668018491961229,0.4300697878063249,0.1631914413465257,0.3558732735407623,0.283605114062886,0.2192989263777409,0.454442803359452,0.3792651961863241,0.2138638606312135,0.0466335792728353,0.6041597639434728,0.5551984149034147,0.0260187722581107,0.0623397854039014,0.12768545059839675,0.3840715249014089,0.1921125575763713,0.3882275981446889,0.2455116618475837,0.1373238616032043,0.2438088124683405,0.8433891801421235,0.4800876989106116,0.5573258869281817,0.5938463386079151,0.054979729939991416,0.2950417935016364,0.7778272233619729,0.3419261912356596,0.2269040220876064,0.6333343402849015,0.0938390165168199,0.3915708383409522,0.2917602107111807,0.6156005448413241,0.3223782185034701,0.4411486600652093,0.3143528620374486,0.6364743748944549,0.27313852959433504,0.20726864448570784,0.0416015632097409,0.0722410087426967,0.1332513401604959,0.5612782753458414,0.788826496485841,0.0333672575010814,0.1574545839109351,0.4308978140913712,0.2704739878010422,0.0251871181876266,0.4989656452515589,0.4841106744075611,0.1644591407403613,0.2074372596086905,0.5517285764737512,0.4749322553087324,0.1646338595477851,0.4544376708933058,0.16863019322178396,0.1833132016287341,0.352770042104174,0.3465683370909009,0.180824601164546,0.19125175204615813,0.7973779409893132,0.1799870607020444,0.4435258555526725,0.19525003203987942,0.1965995317193862,0.1300812607451899,0.2587929569967224,0.4218338616877906,0.0244734324764672,0.5403843207779008,0.4553918388708415,0.6165073791739395,0.6503113597714892,0.3803097515065516,0.460721478035705,0.0580942775137213,0.1761236918133875,0.6205888226162153,0.1139293808180931,0.4996037760796656,0.3125517266249356,0.794848060332728,0.104100192892478,0.4100102681625241,0.0560039675341389,0.3865877425067199,0.047348166083018,0.4392508174109562,0.1458219507022612,0.14385873418169742,0.3720746864531354,0.4218044773302197,0.0505261617051795,0.3725059201204822,0.18104598454020307,0.8032294387657558,0.3819596028966696,0.1259337457061008,0.3589865299782793,0.4749601589100582,0.0255773597072368,0.1320680015777971,0.1236323449855883,0.1361856325671282
TARGET-50-PAJLNJ-01A,0.2184267043153429,0.1895679066271186,0.31972869921941527,0.8041645068405276,0.7072275226767276,0.19722134845961684,0.4340496670335387,0.3505010185701362,0.2352109727613677,0.3835887713080239,0.3216362566444923,0.4397965333926903,0.2055427672608816,0.2388698641548131,0.3811824330683369,0.1432587487715309,0.0306097959509723,0.1939415522327217,0.12797020250955352,0.8190591880885334,0.1663612903762235,0.2111826744100662,0.3736897279566665,0.6845415878416603,0.1466529273231032,0.3716004130052126,0.2753195424240414,0.1817165843149428,0.17501810484117,0.6518382347843263,0.1493933205384917,0.2746809964280063,0.3585508767367749,0.3609994331228134,0.2766871014123757,0.1610153356996943,0.6318342640268855,0.3871076816744935,0.3211636922673471,0.201588810958974,0.3329920713742063,0.3500283810209782,0.1401279760239327,0.3339776798426654,0.3864258112472337,0.1260918273206405,0.411656745762937,0.8270279410868244,0.0649460290007038,0.2489155318741871,0.4145527263858332,0.173951817352139,0.1982688689905649,0.0999909839100464,0.4858168419127089,0.0680052211226745,0.7610232976368607,0.5492161611390344,0.5926223372441128,0.0997588118778309,0.6150260509392435,0.1786537500145079,0.1773965796640829,0.2951027936659262,0.4944119673949561,0.1299966279482055,0.40091634533830695,0.5439325934257143,0.8977607090515911,0.5309233562116855,0.6771075082554714,0.0201245432857575,0.7926483179522126,0.3473201290549197,0.24883864223265975,0.1625620688238704,0.7102983845400588,0.3885893968775061,0.3079840470575166,0.3905935699472412,0.1424092337447759,0.265705417322525,0.1257179801211506,0.1636237610306592,0.1226313258079585,0.3422130992098674,0.6158792094690273,0.3938468869193383,0.0831526571670091,0.2355808326123942,0.3790350058760373,0.1290500162601492,0.4508939157197361,0.1258200033542491,0.4152323398587194,0.32356665130068923,0.34374612504485236,0.693148109632393,0.3263683531690899,0.4664139212770959,0.1076050573439242,0.7194569889070124,0.5658503477884874,0.0621364524570188,0.04174807723463874,0.1394220643327493,0.4374808426496067,0.1216678323769116,0.508632750973553,0.3581850854453074,0.4534784492021277,0.1673302177587584,0.4654915302736196,0.582568030374207,0.4804347880856588,0.6702821011896801,0.0437022592807079,0.3930386267917432,0.628466464359308,0.3299464070673553,0.0996835733085949,0.9318368585252264,0.1121431831881875,0.4002572414345338,0.3684661040373065,0.8031768665584459,0.5339349379760238,0.4597156676395676,0.4553108718766749,0.378842241248266,0.15234762117786,0.1070312945799996,0.0505024289799559,0.0876973395224283,0.27166372837133135,0.8038007384941932,0.8267173636968362,0.0405063517375158,0.1859197102672992,0.4379124615816117,0.1712953292863742,0.062321149699947676,0.6469841169445403,0.5724165396447642,0.3279930198729482,0.4148089926140078,0.1974543124713288,0.3703131757976071,0.1967472140645925,0.6265610523851979,0.2897456145828239,0.09060087800567933,0.2867218646487065,0.3467179982114645,0.41023788645458387,0.1401279760239327,0.6738206125048609,0.34000055325926215,0.5401716716330193,0.23575970192565518,0.3014526739740977,0.0444907986417208,0.358580455935943,0.3606143387651163,0.0538121459492995,0.7958996833863256,0.4968898687411301,0.6836394988238903,0.884280799608539,0.4159221846663901,0.3764688817341625,0.0705238432865329,0.1717877987527262,0.5150289526804603,0.1371472394754694,0.4988453589433253,0.3173056486383482,0.5769188491045046,0.26881982721815517,0.3611942217041571,0.7090744447121089,0.5370183441203664,0.0134198433984797,0.203889551480115,0.14732093774896948,0.1001834068244232,0.4428421304747901,0.7487446699132355,0.1668502850612095,0.4016470998873467,0.2141591799086722,0.6931638002417355,0.2419008810577593,0.0836567956107958,0.3670139427666916,0.4573679147901064,0.0562394594582118,0.0796530700103159,0.103239246569953,0.4497197263400507
TARGET-50-PAJPAR-01A,0.7757932260098338,0.5454964212335142,0.3463457889502336,0.5891460097130603,0.5200517220147035,0.10413531357472,0.5646333060255513,0.5379488664198779,0.6034634557351817,0.4151103107121866,0.6485348264594138,0.30272895742014694,0.1037498862090255,0.3595160194434095,0.5072154913787176,0.0763982507045881,0.7748989302533721,0.43015327297025735,0.2752054635434492,0.6276333173435173,0.0548302087086428,0.5043173867081107,0.2439408668705478,0.4161118196547539,0.0579987702290444,0.5800476652093847,0.1695526557946659,0.1523891099819625,0.3332877262931285,0.7891177513021981,0.3265013828079053,0.1663245847400676,0.2361530717419396,0.2789625684603116,0.3637238350031775,0.1163133016982062,0.6553661334024505,0.271604830650292,0.1459418318544473,0.5068009889676536,0.5929087183423742,0.3381358351177288,0.5072154913787176,0.2474183256403306,0.5530671117905687,0.5230805381845771,0.6844965246747394,0.5560635836810217,0.1236770010568665,0.1536084204999631,0.8366502224859447,0.1849505704984786,0.2831934907731098,0.2565394972195288,0.26578340674015377,0.093376096677573,0.5771036952670525,0.7226962328440533,0.4456779777446606,0.0877782571921149,0.620320239246179,0.3190948959887652,0.2396961774546572,0.374694647137231,0.3337127239078579,0.2855985678703248,0.42789215126935015,0.5170416898057735,0.7041711190275439,0.6791994903720525,0.5128440259621703,0.12315894208022124,0.5906901324372031,0.3413541519942696,0.2377845243379304,0.077535859042969,0.6081207533014896,0.2832914803034317,0.2630457427563876,0.2081542987723884,0.0718825672779922,0.3628574650784533,0.27829728490880196,0.1705880565864861,0.161207139352394,0.7770606489159081,0.7110964533050002,0.1103854642981666,0.19961789342255684,0.3096868753679787,0.2960331712014351,0.017872042951013,0.6765582988364816,0.3796995699314562,0.5774622559311373,0.4064593560585948,0.36847173362590757,0.340007311478609,0.2287505356204418,0.2547384161792363,0.0777311021009808,0.6313157786859198,0.498963381654311,0.07521838263135656,0.05742443235460347,0.1881887206300564,0.301294511293628,0.3121541895601529,0.6200179271847245,0.2592491176730491,0.2288980445770237,0.1919370630540207,0.5419893718316002,0.4655335498081062,0.7661531240089446,0.5572557916730715,0.06242914995126085,0.1993336167300114,0.5819203782077388,0.7354474579194107,0.1368727698368703,0.7690467847457328,0.0566054580754235,0.7893739347988171,0.532986586440214,0.3897213479378741,0.0391184680888265,0.2573331160563841,0.2366281455282524,0.8722686832993324,0.1100519695721015,0.2944120370391225,0.16495991888881742,0.120414802252321,0.3256299379472946,0.4044816719754754,0.623433342537507,0.0556181562747238,0.061276373211297,0.3639493672868357,0.235200900222176,0.0784466666222186,0.6538215727045584,0.5470229476729334,0.512217050419586,0.279733265564404,0.4963427275688157,0.7609484490031889,0.500570965025202,0.5571811627548415,0.3020780171828436,0.6239469606564528,0.6475919218260999,0.3478035368336445,0.4502387236611583,0.32036155288888585,0.5888685671939758,0.1565145655951362,0.6559745788647912,0.1777626658988865,0.5730234883228943,0.23342648940652663,0.351362725959715,0.652486188933877,0.06005462455024664,0.6504464451370663,0.316065246794439,0.628192768078369,0.6703295922885447,0.372000439680712,0.1627938648531998,0.0968343474233868,0.391613285388837,0.6118318479519806,0.4474338991220413,0.4496137909118177,0.0907767892033202,0.520714989029162,0.1735192290326853,0.1906706081655771,0.6772148275236177,0.2515522462570566,0.1322217943032417,0.2752054635434492,0.23857393621854317,0.23617369491538753,0.399025930597671,0.2849759385653901,0.1534077719770466,0.3174852475555828,0.16271252956685295,0.6090398340554037,0.42136323766266487,0.3587122245163138,0.3549487822202289,0.4286452551449656,0.07313630666100011,0.4745124565590307,0.163101042370587,0.3296255070816579
TARGET-50-PAJPEW-01A,0.3263785575743749,0.2958477027732678,0.2927519180637657,0.690397794745207,0.8196002719987576,0.3078924263759964,0.3629384388236893,0.1491870505994605,0.3829846498363929,0.679084779104628,0.2768280228272781,0.0917652932613018,0.3646558589272395,0.23773274491718616,0.1406638955868443,0.0568066556290056,0.4165782323414197,0.1946832818633931,0.1076766277306269,0.7148553037196366,0.2168148296727703,1.0,0.5700496144244062,0.6132042974690777,0.147144727759284,0.3728465745959615,0.1803980896315485,0.1078974171206378,0.3848405296155831,0.7688951651313592,0.996684569818418,0.3450033493605246,0.4827418617650406,0.482101143232293,0.4326991551325551,0.1616014041729299,0.5013957306554941,0.621054492162699,0.4148005238540353,0.35698376609529364,0.4928155997617017,0.3233275357547923,0.2707324071918367,0.280542961078565,0.4409783741417576,0.7667335464551115,0.4840645671919475,0.6174251109494806,0.1428073068197256,0.319153843419541,0.6545416231600909,0.4379305015364074,0.17339326635589278,0.3483214511011555,0.155039352059752,0.19030301555554588,0.8375141725835005,0.3982563741988998,0.3617903226861676,0.1191826219809103,0.8409235010700508,0.3085092698391631,0.0937832982525966,0.2849328965707169,0.6281257403154932,0.49466044594757,0.2852821667498486,0.5453159681472405,0.7771159389281639,0.5663288208285042,0.4958116851833281,0.08290226281573315,0.7830937342976945,0.1978351176560179,0.2652484487794693,0.2124955546182254,0.7938282307622968,0.5397571554131962,0.782562406495169,0.5353972621398618,0.1823683631737038,0.2914137074102732,0.126198788642535,0.1286476022723177,0.0964176958731145,0.5055142361706627,0.678044938651323,0.5347240692341506,0.1563515913867095,0.1852231550356672,0.4203184175114149,0.053806633030984694,0.6781185446104138,0.0882370273280015,0.5051755384570438,0.4324585244753605,0.2354498034762691,0.2004095556286144,0.5429765028845902,0.3341062683049385,0.1890200762220828,0.7965612520086074,0.5356460348947495,0.0165411084202471,0.05382722807453444,0.2463745409410647,0.5289533490810859,0.1903888643269331,0.4409578811459136,0.4014817642175923,0.297899801519845,0.2994407692261734,0.6472480167859866,0.4952889365408013,0.6436989438153345,0.5475748674263038,0.057321298208974754,0.3799211202549554,0.6516905730376462,0.3654434180418168,0.1000648132190885,0.666019984369164,0.3282034484273814,0.6356050630248933,0.4914051339830678,0.8223095940690883,0.4275631341745969,0.5146744181242018,0.2502114431820057,0.6964294759404531,0.29138212894485166,0.316095948404154,0.0506955755623363,0.0880327380716612,0.2736953309694481,0.6637699894381659,0.7296335322911256,0.0772738115097581,0.3745424402466471,0.6602110088544292,0.1719504484182188,0.0306929681185477,0.7396842012578235,0.5416414210653577,0.2004095556286144,0.6733863992807274,0.5352543925005244,0.5187298854885962,0.162745090550993,0.5558593248790844,0.0837740001840002,0.1138359421983897,0.335308213968384,0.3148877991157697,0.4187639977982447,0.1406638955868443,0.9120306511205556,0.2838238159691472,0.3751107879033478,0.21703715611685542,0.4988636536711814,0.1549849690195565,0.7435750920717432,0.4860805589136484,0.05777922174005193,0.9965373890359408,0.6536112046401836,0.590745932718314,0.6892798627419684,0.6275985702298422,0.3376796564228458,0.2456718243006258,0.3786219405367099,0.5262661765942849,0.0724291761989751,0.5401361603665675,0.4381596111215283,0.778533286854512,0.24471661293745536,0.5301448806095391,0.0676624963726075,0.7166635173708138,0.5884368848551591,0.2928089781119483,0.4107798178149516,0.4187211898093456,0.5782642120137067,0.4998028807615404,0.0615710721177899,0.5908389231991465,0.0790289948021741,0.921168061874638,0.3092910265390816,0.1669766485352233,0.4070995773062851,0.4791243046589384,0.07138812992748629,0.4759662549360651,0.0545219401357475,0.3153865102934629
TARGET-50-PAJMKJ-01A,0.5080268100719755,0.4290482243436904,0.2871698489137676,0.4986825240432651,0.8066144475601413,0.0879685874094331,0.1759387504160499,0.4625237448526718,0.3971965736563049,0.4412877339029246,0.1703112485929512,0.1543720177709112,0.383770390597291,0.28045227889915153,0.0838601887055109,0.1293100791626684,0.0271942467354336,0.2249541008808605,0.18002714299668782,0.6920753916941038,0.2553242083112683,0.2149496130466683,0.2644250193307187,0.2978722859800555,0.1124430620331426,0.2342232406340325,0.1115986946615065,0.2320537772232323,0.2451088529080614,0.7197308892401894,0.2478585856733992,0.09705858956678659,0.0278010403440776,0.0228489574974124,0.1345771787302874,0.17374273966196938,0.6189844070744199,0.0524466435679335,0.0140843772385954,0.400144896649298,0.3046878719799941,0.3206134295982261,0.1625353746622232,0.106210161705997,0.4202605278352175,0.2535937931255522,0.3166870592110596,0.6700808265617846,0.0909554282040858,0.0824151136388415,0.4168725463369898,0.0229753502147122,0.2738650703791618,0.0598400334999062,0.21027366431871072,0.1488200561704057,0.7062954466449609,0.3460814806418733,0.4590851929949615,0.0204750298019204,0.5991783278605269,0.2234544909170568,0.12889426544218444,0.3186075596168618,0.0634992684306299,0.2927451833626733,0.1700778741989912,0.7797300928180051,0.6942768339603127,0.2806873855580966,0.2517025395953349,0.06940940217902661,0.5444571063177868,0.4533571177352241,0.1036384988498031,0.0804482391254394,0.7261897961785726,0.0483393026231886,0.1355979027273767,0.0106798066449099,0.1629261584873021,0.30240566785248024,0.3346607128095314,0.1668837868719628,0.12508480704384395,0.2571859322546003,0.5386655834606251,0.0144742016034483,0.0277800977565278,0.1806266718215161,0.5457390070634726,0.06623884050171648,0.9793637482012424,0.0276804183741692,0.3923147826494748,0.2675294784177761,0.2720593074897134,0.1194790111797176,0.0132388448893023,0.0910388373911846,0.0338791380899021,0.7382393907572053,0.7654197040512839,0.0098613824658641,0.009110608085911,0.2282763338347385,0.0227961466787507,0.2054582980417667,0.6421836149071559,0.1488761327965337,0.0997653223887031,0.1058326383502886,0.2859680823840637,0.243925004927213,0.6943569053812196,0.5943792266213679,0.07137589680672245,0.0486366181736193,0.4137964870570388,0.5069776538365278,0.1156236420100329,0.5132174966953894,0.07321724857316823,0.5780188098724608,0.3584715261658965,0.7100172171613395,0.2911804590698522,0.0329862715577429,0.3153594251997544,0.6402611121610161,0.0479662036613769,0.5049971720998299,0.11731049657969912,0.18292829669584856,0.187627827406324,0.6499674784762111,0.6832574560799008,0.1078277310272346,0.1580275397283458,0.0742443158134627,0.374856225820383,0.15217196992053678,0.5356455413848666,0.7082046133233377,0.231570738703706,0.125788146990853,0.2957931173898462,0.2467327977749822,0.0432844146723371,0.5392377954413614,0.0967998109966542,0.3097351411112227,0.2359840044209467,0.4324763285819122,0.3871087454836948,0.2366316132987846,0.7400430181413754,0.2004460974238777,0.5277659364592787,0.077477943094049,0.3795824662801576,0.08806915713902924,0.1588493119016403,0.3229635353564325,0.07889275660643748,0.7194423038742194,0.0666216153650078,0.6282326429240148,0.6955382769815276,0.0440191983387224,0.4061952953235746,0.15561066712479407,0.0377933398051564,0.5386577705980937,0.11563655052374679,0.0401131169313573,0.0823493374735063,0.3406366546328448,0.1465808373969767,0.0269406678713904,0.8193188452291467,0.3207876413415391,0.0357235643875249,0.1244189986175741,0.1100207310224648,0.2023475764900091,0.0360536867892304,0.6509954405287307,0.07114460489857,0.0578761277910285,0.047115049598676,0.755247907922999,0.3497397532828545,0.1668674848484925,0.3140075065606369,0.5943341168572234,0.0096940825661525,0.371546100512692,0.0325045753162119,0.33654925747991715
TARGET-50-PAKECR-01A,0.7742578735418368,0.9118015593072638,0.35702729200994543,0.58808639067074,0.5573959595592941,0.7565967138648301,0.3478214681391196,0.28588270267244237,0.429864003912121,0.3711629315885402,0.4527573602473352,0.1665312607577256,0.2522533641333159,0.2552701031365717,0.36333099887728887,0.4991819178088703,0.0929905872742536,0.43421566156146807,0.21884991041079874,0.8125810550407151,0.2709235578939263,0.6422659301027692,0.6450769073379492,0.6477790607592324,0.2439131410697644,0.1949781220104894,0.5084342276913957,0.0782605024384769,0.3691445722747186,0.7902067805567337,0.2484709629225737,0.2131099069007685,0.6867966758802402,0.8652821820503924,0.3696054408482053,0.9000587773902942,0.6370177039490399,0.8202269837185414,0.6899966420212298,0.4814463205705438,0.5236944467558378,0.3264175804918418,0.38076190312266506,0.1850433936310473,0.7119163394171615,0.8623299311102565,0.3730031079424936,0.6099099066333942,0.15379295701345305,0.6012089584502561,0.7699629973297194,0.7795063700888831,0.1400780858638331,0.25566022254458287,0.2713160816134463,0.3926920683234642,0.6123180359500258,0.4235552455840302,0.3092440762927312,0.2632189404194144,0.762418070857568,0.2971369076999411,0.1701934395997719,0.39288414018548873,0.7966145771370514,0.5677342126948801,0.3737533015169572,0.4225652952132069,0.5753863727811646,0.6602851740007484,0.5446932758037402,0.12308987171062002,0.5975657383791342,0.4236148234245979,1.0,0.3211028436106413,0.8082250796677624,0.7911058870297665,0.0891288853190759,0.7935953586570704,0.2427979260221148,0.4666721554324984,0.2671508130358652,0.3197431809620972,0.2039604146834966,0.8207493862762288,0.6163563649135613,0.6888271284359896,0.7678778392213201,0.2265256258679062,0.6780389375806666,0.07011160631500907,0.8772679254673756,0.1544132130958948,0.7624633364316233,0.32582785305255507,0.3643883664800146,0.3636936665335434,0.8311394139497991,0.2726380594617922,0.13384554948770228,0.8159249688939698,0.7596632057781504,0.09324150445758184,0.06988485225202658,0.2448741765698911,0.7034835147414586,0.221641395248247,0.6197980032612216,0.3245523156486463,0.3707201864531275,0.3879476738127424,0.7915820837059465,0.6851995594300004,0.6623323732190202,0.5510333709457245,0.06712424876288965,0.6052236298140758,0.6775564635934875,0.4135413899989326,0.5756168119770146,0.545730571212285,0.5855341623259471,0.8174817657927169,0.6042381788342625,0.6972595867439513,0.4468807708648277,0.6093042887631172,0.1730856004151211,0.581031960880486,0.4628222542174353,0.1949781220104894,0.2916232454523311,0.1597575983033523,0.2946790811098136,0.6681946961419065,0.6374837705661842,0.0737901229941116,0.2069733579815397,0.8697547924791923,0.7944386648244066,0.1418064380517984,0.4906770977650152,0.4173446639020124,0.3636936665335434,0.5382231746664914,0.5355481863780289,0.7530903003522408,0.241458978552424,0.6693107416718678,0.2786084332838977,0.629281341433388,0.506669657517755,0.6038917236762593,0.38878148947974817,0.25890951521628547,0.7904454340007119,0.21399652914238781,0.6186194185532689,0.2358425711857193,0.6070939973739132,0.6678625095627787,0.2826343521808081,0.6614526909309146,0.07121216508385309,0.5640665513024091,0.8577163985794264,0.6099182097027109,0.5158718120469218,0.7964024302809549,0.5546894811262375,0.4784717503025873,0.1150427860807305,0.7401898331975751,0.6147258847628801,0.7055403319049844,0.6982995293321919,0.7295915556739625,0.3608598579291214,0.8497064738829387,0.3538332912905191,0.2091272543276915,0.7530831322128583,0.37872633607730444,0.4876474456061477,0.2766782123401218,0.7413522498130233,0.5078350322727763,0.2047678265412895,0.721678942345801,0.1805811799893314,0.8178707836537453,0.39297451857903865,0.5155395934780039,0.666220271759179,0.7195275534883387,0.09503601175388969,0.6952781253451337,0.0989438066078978,0.3011681309689176
TARGET-50-PAKZER-01A,0.5458450614838962,0.8862175348971081,0.2399948298015989,0.8200424174091386,0.9086690065237976,0.3760015794944879,0.157830795736341,0.2251393951685392,0.6616289345790884,0.2160099783003466,0.2256757435658106,0.3609526312816862,0.114464898907292,0.24470548286906268,0.6947202336247916,0.1476301686366755,0.8132658383088497,0.3972635064516976,0.1624956773637629,0.7018753055539368,0.2342456673066747,0.2906722810216754,0.2674533715570779,0.6656575461739414,0.0639887291793222,0.4226105408787813,0.3276395328022802,0.1676840479173439,0.1394857426024681,0.1116804688201204,0.473663607691482,0.3279278886687813,0.469108945722846,0.5142363997502709,0.3951014310586659,0.2382828781054268,0.5506861121354081,0.4520197023316378,0.3794964986667601,0.24212289262507214,0.5036450082194575,0.33201015612825574,0.2122770324047629,0.1575390708709516,0.4557494302392544,0.4139820864942931,0.1546496823645011,0.6588985022721525,0.0961121289755234,0.3843098845199019,0.5155571784331189,0.1325492032212656,0.2162977518890183,0.1901221731979264,0.1231149798953426,0.17053976509927726,0.8433775930193068,0.6451830090516149,0.5437792681993892,0.0518288669730256,0.8503860729982929,0.1447450226914211,0.3688903186759096,0.2262619610233274,0.5264634191957216,0.4971467045440235,0.3435302882886798,1.0,0.4845724284571551,0.7118740565615226,0.6013271873551616,0.12269995567204296,0.6886737885183463,0.432170320798149,0.2623422784794531,0.2841208072349453,0.9335624650851516,0.3840305657867469,0.4586500638899906,0.4407262617628837,0.3503225955539016,0.21594065736294107,0.1996708653255686,0.2764560430752575,0.099355731605469,0.4917735565835747,0.8655863495247036,0.6313687806120929,0.1404933759423693,0.1300155454728562,0.6973524394404179,0.0197178200806212,0.5483022866092981,0.1826296179421892,0.6953171157538423,0.3404057854974378,0.3553192192901382,0.3024396953952861,0.5389774688827053,0.2053473719844755,0.1592422401952514,0.9320436781185272,0.9650692678567122,0.11427188345228223,0.08996202392182405,0.1111164481884387,0.5237105963976665,0.1843121347280421,0.5120747215852421,0.4497365838700412,0.3256577092008848,0.1471000363294617,0.5864249733730073,0.6452030653559165,0.5096698512991312,0.7007782649897432,0.09109071048179178,0.6632811833979201,0.872594064129138,0.3021925490405259,0.3935982368333148,0.5945595129153368,0.1159636195495944,0.6304150317906358,0.3827081423259287,0.8737773633884729,0.3776705837710989,0.5857791386879414,0.0785409773300547,0.7422523887447895,0.27601103927792076,0.3010701438296876,0.19228922376242913,0.21085005588642508,0.455020657797488,0.6866199809737812,0.9988850837733296,0.1139410038109422,0.2781146786211433,0.5592563454155998,0.4818395370062108,0.0860078335568937,0.519324299759319,0.584587331715944,0.3024396953952861,0.6284327868070388,0.6676898367760926,0.3040626508172884,0.2034498970922047,0.8701484570021352,0.1264240271289545,0.3901807644583007,0.3517832755029197,0.5894342330243405,0.3325357109977763,0.2682573717905948,0.9233580025620484,0.3470168685110522,0.3474110962527345,0.1961215219129241,0.4009900339988159,0.0673982096435142,0.6789650025711854,0.5679607349585168,0.0888856875670895,0.7430460140700642,0.6849606516764193,0.5777065533723837,0.5587897641909984,0.442233153755842,0.5165782012228581,0.3496399667955705,0.3130901356673671,0.6393493347741017,0.2848953106501964,0.5706779038142333,0.3899302873521603,0.6582895422328,0.1914398341573289,0.4949013641862496,0.345581597342008,0.421133309976316,0.1180402653754764,0.1624956773637629,0.5113593239103859,0.25435392133460066,0.5110760221041373,0.8136881857004846,0.0929174072466572,0.5904536373012494,0.221455044844833,0.9379668014461569,0.31046621721541645,0.1524678567246941,0.4785916635750489,0.5635805769256661,0.11002031396862212,0.6234744331708668,0.0822795046638041,0.2504448280916278
TARGET-50-PAJMKI-01A,0.2249835272481473,0.447285102932594,0.33875369340666306,0.5748708413127079,0.6671481250492695,0.3126564733650217,0.3067992849328005,0.4376370601545845,0.4323642662986633,0.2825643442226579,0.6681121404397202,0.3768630161294032,0.2225025158799002,0.3444183414014957,0.2229612785691238,0.0876861036638206,0.0256232205719727,0.3085854636628939,0.2547862054636793,0.5890058353394565,0.1646225386973245,0.1882941717550001,0.20086534155120098,0.4263233228252379,0.1741358463026072,0.4412387368340449,0.1051515784450874,0.1143556205000287,0.1465062854916385,0.8322842756622552,0.1267087265340491,0.19211061840520258,0.0381366549500317,0.21814415073754442,0.4116201214551277,0.24955889295267125,0.6479479765363851,0.19418937144553955,0.2351157353067223,0.40395188641265384,0.2478633014901165,0.3619177394300373,0.3536633894790266,0.2772134962051096,0.4228771701198475,0.0485733688643424,0.3819862742426095,0.5662037672505253,0.0543658124681459,0.2958424254179117,0.6090059988909895,0.19804575975836802,0.1223487934543058,0.159098263248739,0.1293115558358525,0.1653124753966417,0.5829802298892217,0.5665058590989842,0.1828907273219022,0.1410445828352153,0.5011167143124823,0.18353171358578016,0.1486525309113084,0.3894878969753253,0.0130985011616882,0.4383029815899494,0.4191040016975972,0.6172066130743047,0.4131213775936593,0.2807522584631506,0.489576930000327,0.0320206858682225,0.4123652544825296,0.0990908690818105,0.2755463894039419,0.14090631291219635,0.4768734094688005,0.2879099365829957,0.3819050261493163,0.028394681447499,0.4043284813324811,0.2963738394228703,0.24215951411795697,0.194287032808521,0.10398340186666064,0.6779515378296871,0.6522647079282271,0.23367135922756674,0.07439842527826901,0.1761002658021315,0.6279640350068386,0.0383284711513072,0.0570009278403425,0.136201665801285,0.3296605695778458,0.2520741575118381,0.3732030099330453,0.823044823496504,0.2105194049786468,0.3489789875480675,0.17094232105331297,0.5134668472964692,0.5744190418492482,0.0697376961491982,0.04782890855784307,0.23800888732691453,0.2254252245162384,0.20296164034701988,0.2032256602533489,0.1408656610808425,0.2673929610330947,0.0147425507467834,0.4011104358582857,0.3911594563086701,0.2981291442042956,0.7581893928929738,0.06414784930412595,0.26798153927388607,0.4447144186072151,0.5923023867468856,0.27183478510498443,0.7293356674395718,0.17072172776013403,0.6150197018971872,0.2729831670358741,0.4202294689867132,0.395310636471273,0.2999389367175426,0.0824940716722807,0.5953429448763784,0.3315375517640006,0.28508573302332324,0.14848353895512154,0.21897293030663284,0.2617928120011381,0.3364367940374336,0.8138145958291324,0.0644507130540778,0.183976540629479,0.06657299650828,0.504413006595654,0.1260503195492693,0.4897109947235725,0.5821829976149784,0.3166994040849326,0.1190199540326403,0.1619781499310575,0.6856328641086373,0.2981696373479093,0.4421199455137481,0.2849738209025515,0.1347171484580802,0.3744410784942398,0.4348285696493636,0.6463993156263822,0.4126345650454235,0.4871015197007641,0.26730579664494825,0.1884434804812953,0.2059926351205524,0.0916434239707833,0.1960622475846085,0.2179048453607005,0.1669861522451576,0.07459587037314173,0.414753979442266,0.25392079962420294,0.7091037175369153,0.5078793239550662,0.0197794194984688,0.6095980320803298,0.22930279459587202,0.1004821416983204,0.7078181764935705,0.3726737869213239,0.0125247787560787,0.22728231706584293,0.2510575904164573,0.3165572989519609,0.20350243758214526,0.6809267058470769,0.2455942539426852,0.0213526629529811,0.316841936641045,0.2521200225643634,0.20261600487812803,0.0679193199360887,0.2860874043410361,0.1290251839311564,0.2649237316319693,0.18335828141762758,0.5043547526768437,0.3640126380431028,0.0905594866796132,0.0546328102811788,0.2180267918376396,0.06560568258625665,0.1739875960834063,0.0864207651296728,0.263050121107124
TARGET-50-PAKSCC-01A,0.1685351353486256,0.457731828072038,0.3117609056903494,0.8054113829795487,0.7041065159495749,0.1457673416594206,0.2002484903481448,0.6252967763914393,0.6466751932317273,0.7886319986422896,0.4028389450606692,0.499449098674233,0.2077412756512927,0.1417726467206614,0.1417726467206614,0.1955453008921006,0.2693578120960461,0.3965917789450433,0.17621189961492784,0.6386128265684086,0.1400666237720412,0.1931625136656931,0.8791821881701283,0.5295668710741983,0.2547888323388598,0.7569295338275033,0.4989918141973594,0.707365448063431,0.5030628290964211,0.7283960128043138,0.082703032400929,0.1933310639071662,0.4203004469720364,0.4717911763007217,0.6379661378268379,0.1628139408829093,0.7443348149928155,0.6129801350549794,0.4302343595582903,0.2039548424937189,0.4406206000149481,0.317044610997891,0.299662042725903,0.076685701725496,0.3431929243772084,0.1911228544255342,0.2670375334947595,0.833429832451027,0.2416384037793062,0.4691581186666468,0.5263351315329728,0.3757504439570472,0.2533927710875031,0.2749093211185434,0.2850630712275577,0.17094983134183617,0.7086175096047322,0.3086121680494162,0.2676157116793534,0.1869235949269772,0.6959482457195701,0.2165008372552088,0.2568599148784546,0.26045123580199553,0.5824706628629694,0.2966790777056159,0.405104144096712,0.7482769254894871,0.6502613674249478,0.877830516070598,0.7653520932831874,0.0984778302148905,0.4229579197446549,0.358031175706477,0.6074329515365264,0.12527380676120614,0.5532716271696478,0.4417294754800718,0.1458633713628626,0.5421777000275415,0.2542788908096928,0.1414284203624164,0.1271935218639491,0.2289080937337677,0.1715600646625186,0.6994881153174172,0.659998938385806,0.4996720965782014,0.0242313895869527,0.1304157987944363,0.6324733079519351,0.07752022937534163,0.8746432511585359,0.1271657881597284,0.9133953410827358,0.2743573893354384,0.2373056829503319,0.2019892383261822,0.4136857729156448,0.153211260943534,0.198568148649925,0.5831958499469645,0.6946516488992639,0.11098749986543857,0.07406229233913658,0.2139940353863729,0.5203721290821343,0.1230958378639147,0.3884168373205222,0.5106828063860486,0.1686616024160821,0.2710846286959171,0.578232817645611,0.5631941063490999,0.7352175754195801,0.578887014759993,0.07643022497156415,0.5223642950760597,0.6877271851377841,0.2137995925397745,0.4194077494305917,0.7282451113295195,0.2707211695340617,0.3602844835481879,0.1688665542843025,0.5817111383675668,0.5388621590936029,0.4980604872661792,0.2832622569050729,0.7793292966354958,0.1540494045509174,0.2942655365597439,0.2759197799246611,0.1685551713268833,0.1636597186619988,0.5915694748721674,0.7202415564144847,0.0409817715046771,0.5048925508837224,0.5191119033106744,0.7207063928332903,0.052065584133060804,0.7942994660186,0.5813569368681968,0.29627906917749774,0.0408927785628462,0.504590349706352,0.4941631466847036,0.29095686713350133,0.9052271843803832,0.1604010197008523,0.089843911391954,0.3307005506707876,0.5705191702885117,0.4219060912889965,0.3331317667300153,0.7511782932560416,0.2190871796954048,0.3904873205992681,0.28776807739345606,0.1927821579327969,0.2430752662365653,0.6651850466014295,0.5561612091203255,0.0858360037866266,0.8841053269585496,0.5966957877713972,0.662325834518277,0.4933695273135953,0.5895448065991116,0.5484160120485373,0.6242379916702433,0.17879873386935619,0.689801749717144,0.5448011002136114,0.6088654644566078,0.5235766810684989,0.6401826967609869,0.1278561871191866,0.3588356934043026,0.46350297050472994,0.4544427220251401,0.0257930744025842,0.2756801762962572,0.1136307341796568,0.1013592513501048,0.6431455518250113,0.7220461416343584,0.19308655841557426,0.5503285371810357,0.13825397841950618,0.7652616175542626,0.3362809171832644,0.0591083531966755,0.4508934635143883,0.6611896316303265,0.09569864058724688,0.0928660271638697,0.1493283043272425,0.3241507813525847
TARGET-50-PAKYLT-01A,0.9999999999999998,0.6623268067932472,0.3417695170290112,0.5463435593724615,0.7378137921671349,0.585810935317281,1.0,0.48172060005953166,0.9171773492671952,0.7152041249868195,0.5512243120622619,0.4900417807541367,0.1630060666251035,0.3022974240791092,0.5464124572887141,0.371522958346538,1.0,0.46811196422035556,0.19740651421134253,0.7676339866082398,1.0,0.6690493701414135,0.2051165781061924,0.6833807669864014,0.1647104180493104,0.7084437266310949,1.0,0.8500023990737777,0.1986375078208492,1.0,0.4798156826556521,0.1791779363999895,0.7981319249435761,0.9204497095455016,0.5274946807784884,0.4540967247449584,0.8178528098890478,0.805929423052886,0.8098936609239117,0.41061449360440894,0.5284674339978512,0.3477616926548221,0.3022974240791092,0.497799403698113,0.8088679262337645,0.9131440954268384,0.5276895976684685,0.5790294171183183,0.297583400630524,0.8246298469371597,0.9437309850640696,0.7225208996513961,0.6697034104016513,0.3899030070602982,0.7078156433145134,0.1467073439054284,0.645500375881882,1.0,0.2506051062793651,0.2642691453110238,0.679168768802899,0.3974656765153554,0.25478872914050477,0.4536492892836857,0.9161067348923024,0.9999999999999998,0.4338319132267257,0.749982830359057,0.3638290804672406,0.8493374347710402,1.0,0.1931578867903396,0.6140393415131715,0.2065145005757534,0.9283303983327404,0.1178433142791538,0.7035529489939534,0.8792762521994689,0.2778608081281934,0.8315513714428076,0.4043738144593299,0.3015634408756876,0.17541412905946743,0.2526349348704284,0.2337925104940166,0.9899713812561908,0.476695881080611,0.7977070635003423,0.4854526743835683,0.146380807999858,0.1029856807868077,0.0507547255611025,0.3098874344554827,0.0997817832407707,0.8418876597134304,0.31269530970765186,0.4954833519359747,0.4967065459572708,0.9176992350102674,0.4707098805778745,0.25650643484423385,0.7297909810784295,0.7067122301370842,0.09485634486110614,0.04505496509832541,1.0,0.8346286712690479,0.16627879875377422,0.4963316379004352,0.4166312090207436,0.3596319115907848,0.103736248163907,0.880484572317637,0.8652077951621202,1.0,0.7764159856666537,0.0346581564650093,0.8895523023721686,0.7514290450978248,0.8935284540675563,0.9567754206687984,0.7452071776743766,0.6768267066897774,0.9373517693546356,0.1355686268558087,0.7367193784458212,0.7198858480001672,0.8834958046528956,0.4004709761783618,0.2426119178691808,1.0,0.5737506921125316,0.5631459102871886,0.2509654521783953,0.63076842466996,0.6219066667704702,0.6299421871133462,0.0873841622246942,0.5567948801784165,0.8825667834456097,0.6679458624412116,0.1639055052176889,0.3860827390128634,0.6330638434950568,0.29155606914732135,0.2166663498327114,0.8293422042417433,0.8951771221630852,0.3877153602215321,0.6852816491639246,0.8010098823815599,0.9725638315867694,0.7047417482036868,0.5966474921775555,0.4444560857169909,0.5464124572887141,0.8197962089769103,0.2459070042332294,0.4891205148534107,1.0,0.1652978382115813,0.7805482782398998,0.5340206280335984,0.5312921761723367,0.0334367839561253,0.8407017497864694,0.8780337395615029,0.9118929170121082,0.3264591701755088,0.8583319950696365,0.5015093584396957,0.7864020548458828,0.27269969987827125,0.8079360100619954,0.3867837307731762,0.8668959558840537,0.842797087438742,0.5563709111115234,0.8364668448615848,0.9270163333846068,0.9701274990335632,0.5727831036285771,0.7757653443956222,0.2314052732628712,0.739415503601954,0.33759739580463666,0.8743075626170642,0.7888248435108689,0.2391743856760406,0.8159408965096134,0.13106911517184366,0.8498081749611186,0.40249580612191327,0.3640551995141227,0.6342073052192134,0.8679841450967039,0.06475549599949006,0.4902415131888902,0.2911561406795979,0.2998826969467636
TARGET-50-PAKRZW-01A,0.3384400927034255,0.3222086638808283,0.3011752119834071,0.5865808153359092,0.6972408855477535,0.5417547865995035,0.3299546505512422,0.1339136104692277,0.2119380629624112,0.2414903477889026,0.3565574326100715,0.1573043392286811,0.0680840768591201,0.2411264690847111,0.2411264690847111,0.6826589473580292,0.0145104372975202,0.3337266620528172,0.0966529328424927,0.9232713754604308,0.2591274497530645,0.7377837768030362,0.37220897959294996,0.5570928340086556,0.2539950666385137,0.1841750582284373,0.2092916325251624,0.0516634081800041,0.3509958274496371,0.7042246551286786,0.106394275055807,0.0414037969827283,0.807231924178771,0.9525671694953348,0.303790226254964,0.6245096966465573,0.5992324963147533,0.9470303020945088,0.7483824711160167,0.37492063824334887,0.3160902534680327,0.2916454977566385,0.1262630372073923,0.1761222574730735,0.7401881862100379,0.9116407523354478,0.2095764183182341,0.5985440847967121,0.237176320808569,0.6128061402737288,0.7336557238706068,0.7384514129325663,0.17269565319636204,0.0900973929694216,0.0732291718572386,0.2153688669891055,0.7379758027078418,0.6274630238932613,0.4600102415676542,0.1304198960378365,0.8634582825669052,0.4940002627545533,0.1607636093997239,0.305048178787801,0.910501921533348,0.4215020459753366,0.2560756097694089,0.556981913073124,0.8129886861268423,0.7361222775379858,0.290588751082298,0.08414829903829704,0.7364295468513757,0.5145178711167012,0.1560420008395597,0.0272308117741344,0.7767816676792614,0.807621593787244,0.1329295535859538,0.9012189146999356,0.0471716973792685,0.2405410099834711,0.2163303396453652,0.1492525045859048,0.1559163015417019,0.7831048692669557,0.5886556317657878,0.8201169406892643,0.8201244367740651,0.0611400691330319,0.2107282484592596,0.0412212737316614,0.4632372843556486,0.1464813487221899,0.5267522260471358,0.2758817776345826,0.32517244042691484,0.32475568938483784,0.9353145671309828,0.232160835226109,0.07331686588406823,0.7904840238024304,0.5448085901874985,0.0407435912045161,0.0376416686769682,0.2591258488105925,0.8070737771580678,0.22808157917870178,0.7033465013289345,0.3320583644121113,0.1502104014696131,0.268176184216891,0.4546550858833992,0.9999519779422126,0.85088523104833,0.518402597013757,0.0144759556341304,0.7308215538907994,0.6970762312736042,0.3665207850289118,0.4400267795491164,0.6020493502498688,0.6841898141884553,0.776299775435944,0.4992617739429384,0.6596457112887714,0.3108338805799689,0.7665696616332374,0.3822270364792389,0.6410050189107651,0.303220085587584,0.1841750582284373,0.1248719102802801,0.1509059819971613,0.1457557125775221,0.8352032287892226,0.627966430390711,0.11949755010617732,0.3473625410143856,0.9845650901326712,0.2947579712024953,0.11892940152543569,0.6133979146156883,0.4128389608144882,0.26395142970552954,0.3744680271935686,0.6285446966672428,0.6820582196595456,0.1375476431582205,0.6167823681270734,0.2642969358292992,0.16270687155253,0.4463078497763464,0.385481057794272,0.29650182103238504,0.12402757375340445,0.941077265009889,0.2418785139471515,0.54763667413748,0.24879378810313665,0.4261607148674929,0.4944433142290487,0.2356580761263715,0.3500423664661896,0.0139658149903486,0.5868425060100498,0.9989146237209876,0.6209040421063421,0.6753968358529857,0.849100652245881,0.1714433589661154,0.9244110202697136,0.0569030662066289,0.5645379863373077,0.3185013405106804,0.7856344802343014,0.871561597695432,0.5678163025035444,0.1138690070675845,0.9708344806301094,0.2462004567084933,0.2149844290677254,0.7642797859164233,0.4734991073163614,0.7219533761314777,0.25880179792799174,0.8611199999170542,0.8601654436049184,0.1516601263141667,0.8812263312919352,0.1354717384476053,0.9514834376839914,0.26084189309335726,0.604957202806579,0.8438885693607341,0.7476018251931926,0.0145957733536701,0.3919813118707694,0.0489401045467913,0.3482679227008947
TARGET-50-PAKZHF-01A,0.3659819898698791,0.23718352103801896,0.34354947177849515,0.0303073384113833,0.2945688088623042,0.251809310563664,0.170180570905896,0.4296949231342809,0.30726218531496025,0.1650759513648178,0.6144137872474403,0.482558510095283,0.1234214257987383,0.29169828570756684,0.2288870584242638,0.0898523747104718,0.085007732471883,0.3167869304642053,0.1752104651978138,0.7581100623341277,0.248710075294881,0.0755611687445118,0.32723337382696893,0.547181899565093,0.4177108387939904,0.29894119195544167,0.1079462570066965,0.2715868347008078,0.2198074298226854,0.1193109954915742,0.2271407651277556,0.5064039793452882,0.3645282991829772,0.3868050115346474,0.130172693923691,0.1383669328179234,0.2221162118024751,0.4846371462057177,0.4894105094346503,0.46632299034417424,0.6689602137003681,0.26693886382319226,0.2288870584242638,0.0651711105400854,0.1646911910908833,0.0283768820809083,0.0898025169923225,0.1521691763376384,0.103100513446146,0.0855266893393041,0.2545706975309618,0.2474232407731025,0.2075068532540755,0.21454234079157355,0.22772035318616748,0.3589810890151664,0.4841850546886599,0.2213297200706802,1.0,0.2693660722578285,0.5357499343463807,0.3204893966082762,0.21267446944297008,0.29716889705580596,0.5019151585473531,0.141492489959678,0.3352435999049442,0.2983996930864984,0.8119475033371137,0.1265353477482493,0.0405980147948031,0.0328717194489564,0.5648618369729246,0.9363109962286666,0.3276153070389322,0.0493634601490603,0.6067104577402032,0.1560940465925987,0.6296790288502542,0.3266879411104106,0.27720184314534363,0.2283313168168857,0.29968622641867554,0.4051112066130569,0.7078022974833461,0.1646192837358743,0.2965220951046545,0.0729798848198,0.1274504069789441,0.2862248460544755,0.36440783802680426,0.0922566182368558,0.166392775279503,0.2441580104860842,0.3459828472332926,0.2587736883638821,0.38127010613772305,0.5981968142140409,0.2660563101486976,0.6220477006613355,0.25125114452900704,0.6126375641354556,0.1986045891302467,0.0269155466908687,0.0642168748273697,0.1932968669997794,0.3116290396150318,0.5132258923059022,1.0,0.2525187878794728,0.2722983518971976,0.4136393549607227,0.17159007415589703,0.1749363745538019,0.6851090465812825,0.1332925777764259,0.0262417171031133,0.2561732725312251,0.1017044164532566,0.33648882375167544,0.7848251917186566,0.2045953724121727,0.3245743440372715,0.20870487074329,0.2464224348464671,0.3593969939874651,0.0587356352952749,0.3480146800546386,0.4456679863084211,0.2389070691852896,0.18655139028874307,0.1748264612883075,0.15489663617414565,0.4005605404648329,0.3911560970018396,0.7775800395989529,0.0495381450343383,0.0661636595330193,0.3836126234752789,0.2419481452518674,0.42766721697825555,0.08386478599561276,0.6918379862478987,0.6738012876321882,0.32255641080567876,0.1219603227982906,0.700659392360101,0.1356778680736822,0.18681249766133323,0.3508257237003129,0.2518204549447698,0.0533772771374694,0.3640339989396466,0.5233362466923777,0.45597516818292055,0.2288870584242638,0.5998247822411461,0.24658008610475518,0.7546922229801883,0.33171774503080015,0.2433742242016057,0.16368549630837115,0.4132395051072702,0.7169664974773299,0.07383056876888228,0.4142494904238182,0.0645942714765546,0.3117315185316894,0.4181536788401753,0.4932233514209463,0.2374103713414346,0.2974875256053378,0.497202866091339,0.48007003985476077,0.11333157165347188,0.1235022900693049,0.2480033660104643,0.7382939466275492,0.2965921847586267,0.2559726899715888,0.2209051041309709,0.252563239918776,0.16736122551258784,0.2534363400034364,0.2574151643381213,0.9282422197293868,0.3129520725035392,0.3815123681929031,0.3237786724173154,0.2948752324485088,0.19958631210296238,0.6143228072715866,0.3951243903365296,0.3698687611925118,0.2555838456287836,0.2781311695614904,0.0264589202211368,0.1190813138977998,0.2867099887589602,0.8726964769694139
TARGET-50-PALJIP-01A,0.2565394544024466,0.1457086043478386,0.2635376512122181,0.5632812517184841,0.693218135069304,0.18990494511525402,0.1733135552615708,0.1292624703151604,0.33529275971139544,0.0910045717071395,0.5586059245425611,0.3380431857788909,0.3238510238082046,0.2155998151458857,0.2331008154321432,0.1101137461267469,0.8023960472344049,0.1686824817677297,0.0932959451892071,0.4982469393366209,0.2523187535195177,0.2788567998091654,0.16896327118397167,0.4378423893483472,0.1296362106047308,0.3957877050934019,0.0574791469545306,0.1356587223199983,0.0800849253816382,0.5768875972015773,0.0374252651192153,0.08623899892333797,0.1912348869760704,0.2616944214992497,0.3855847474119651,0.1550684965430702,0.6257661970721256,0.3849777703377618,0.1965194944988207,0.1753337566792363,0.4353202368923717,0.26873106106875483,0.1218776197709417,0.2521052112150576,0.2368380865115966,0.0156438656194681,0.6274205527411405,0.6318367057231671,0.0297180562609519,0.1790957206392576,0.4039055543808438,0.3139143919437516,0.184039908032651,0.0869680949036872,0.20517671690332054,0.1131256794477016,0.6255197611968251,0.271238736702264,0.3604514104928052,0.1655350249123501,0.4315230324347111,0.1231582872760575,0.1272559829247127,0.24303864386632673,0.3348261742245373,0.3505345667148419,0.2471814910394127,0.778700995925489,0.5311851724785903,0.1271042723380958,0.6051202218481222,0.06924550527116133,0.3064689567785774,0.2984295971914115,0.1506222887335026,0.0262850205164218,0.4776931924599705,0.3838530590294212,0.2130123589521813,0.3041276045568481,0.0870861446676971,0.2325348427522494,0.22424350765136472,0.0783970832302599,0.1084019301173093,0.2314751471063932,0.617047587852857,0.129613416959803,0.0885650236133815,0.1128738883975853,0.6027852481724644,0.021652083069322,0.225867117041344,0.2478722976677513,0.4363843134427663,0.3791758255729167,0.44057284322005585,0.4778345486956197,0.2214287817512439,0.2516677557299125,0.0492380088099774,0.5170363950603563,0.8830527168714578,0.05938802254667182,0.0132408386543943,0.1875115000929964,0.2984625726001719,0.105821736911802,0.2759284637552238,0.3022647287409455,0.2773113006258846,0.1404146819977051,0.5142958047981161,0.419932567300903,0.3892761636143141,0.5769242525732787,0.03717735641685851,0.2702075440067181,0.2482310118848949,0.3566690831802902,0.0867007216534601,0.5778950214094126,0.0358561755600701,0.2586082665268871,0.454423549459613,0.527015618904988,0.4771689346672845,0.3382784869431129,0.1591179385626955,0.8190616169438942,0.1773984173263562,0.0930914710577487,0.09425733494013568,0.2691456836595428,0.1406932678784465,0.3755623153915686,0.5973150109017545,0.13361739984871418,0.2819828425426747,0.3564930277565808,0.284947246576599,0.0265937885652006,0.4663571591060529,0.562234777063398,0.33360739919090043,0.1240452171779795,0.4346934644279367,0.3156940861071231,0.0629071018665165,0.5474260798046697,0.2561252898218746,0.120840231316782,0.0553999420367501,0.4354929273275143,0.26393175549326764,0.1218776197709417,0.344455022048176,0.41667467996517793,0.3494941008088014,0.1126020276702599,0.3914703325642301,0.0740097854609786,0.5064234540439062,0.4512606371520546,0.04452379683604671,0.5435996449801691,0.2328387466235451,0.5957638102067964,0.5413296876420012,0.4497896071253801,0.5878516599176713,0.20086549690717387,0.1050517350661186,0.6374589875877394,0.1726921783388821,0.475246153794934,0.2094142029451711,0.193049171315605,0.2102195463293389,0.2179050655193577,0.7770012968188994,0.3699588969504686,0.0321191735134396,0.0932959451892071,0.0687521260820306,0.1842042560869689,0.4513151358360374,0.3285278740047142,0.1020323449582497,0.3642625518848824,0.2911254595542863,0.3711237738621269,0.3432561542168393,0.0736054734222563,0.2004010036342032,0.3185709185655032,0.0140888272166266,0.3530144918585721,0.0472402975995793,0.2750127651003073
TARGET-50-PAJMMY-01A,0.210056772668795,0.4076845665522031,0.26258160955732274,0.6297432235676361,0.7199792589233734,0.1917886490038704,0.1670403571358603,0.616778461564723,0.3424188902941821,0.4040533519231222,0.2777362723728253,0.2111663584647285,0.0632406520078848,0.2148197213443095,0.224663578100859,0.0249225333286756,0.3119378564052732,0.35221382474124985,0.0897771516250611,0.487171034419349,0.0922423812635316,0.3361129873345393,0.2819725721461526,0.3112772105509087,0.0975729402146189,0.556325196040177,0.1526564872401899,0.344748079618873,0.1476248545220514,0.4994344721456148,0.0360137162917622,0.14880599795315697,0.177024121516575,0.2433501529159044,0.4142299108070932,0.2325285369932765,0.6787145936040566,0.3288752020157727,0.1827824943697833,0.1687207865943176,0.1610325467985036,0.27666003677588846,0.2770828299656226,0.1183244334170884,0.2304281346931654,0.1505636794398971,0.3122529835203259,0.5471082366583948,0.1775984769329837,0.2201354855585569,0.4656904216214682,0.2104181763691421,1.0,0.1603129714741596,0.06801973071959,0.1570891979711793,0.6734011105573712,0.4165955900841788,0.3478619717723532,0.0790310262980602,0.4783147532603792,0.4707181927114218,0.1497874864308746,0.23356254270417803,0.3893040596983773,0.6235259788678502,0.313489101327335,0.6561269287418293,0.5859425243177814,0.3282398746625791,0.6815168812905217,0.04477100308455358,0.321233646832505,0.371849247553396,0.1449413479473032,0.0484525934357126,0.4715028024076608,0.3063638206529547,0.1516317526541955,0.2745943309562195,0.3212854923629906,0.1169960665732836,0.19341912183178278,0.0755594492388563,0.1263489756521383,0.3841426238418511,0.5237359914432307,0.1257134029454783,0.1205735426665214,0.1087883437668221,0.2711325901373774,0.0208683716814666,0.6470059270422468,0.18828620593684922,0.5487277932474992,0.25500494483939123,0.32651297331819396,0.3200873092934492,0.1453982432504236,0.2434290502826089,0.0473809250089554,0.4863021603952178,0.4823210564303349,0.04424914141316856,0.024976102240318508,0.15756540206482014,0.3024109819035998,0.1018305147205606,0.2837985556166751,0.2486464903890945,0.1395246020146631,0.0992416375358541,0.3357065781812354,0.119954263601393,0.3962962706696765,0.5275720618893235,0.0320277273163089,0.1893021322690319,0.304208665599999,0.4006256070655694,0.0834306766290778,0.3769642328070225,0.0660956188140012,0.2601287664737485,0.3597112723430397,0.416249271414183,0.3636187084496459,0.3127378173053747,0.1197628736139925,0.3839440283616627,0.1525307456622945,0.0895803895357108,0.0422682662886281,0.1406028877750266,0.22536356384154937,0.5791178512793034,0.5139398473820059,0.0649427914066781,0.1030869426421123,0.315553333847102,0.4713308034597789,0.0255907647804079,0.4014785345861629,0.6318501582479883,0.25316902716100964,0.1198656440883064,0.3130927978260927,0.2234920762403588,0.06053446814982,0.6239582103353039,0.0698479444914642,0.1356175486794806,0.0644215264616943,0.0681914734671449,0.3044085464343201,0.224663578100859,0.4733905123312252,0.0954033159807573,0.2755235592886325,0.20796068610841922,0.3277550845041129,0.1027718719290342,0.2195685392478225,0.3064266575508902,0.04234071064643537,0.6768341274084123,0.238727662333377,0.6672143312836523,0.5201814909982762,0.4666439997622176,0.677273868463057,0.19766688871573734,0.1458775132895139,0.4666380665555742,0.1666709149066451,0.3826672482805091,0.3208297462877168,0.4942638364326541,0.3747743430093205,0.2590201757279351,0.3125472448053501,0.1257738491784137,0.0397981741850045,0.2477808391555304,0.034591497020161,0.18703700521257388,0.3973724685778113,0.6060415692387591,0.09820782328586533,0.3522851104136398,0.0658917185527058,0.50171476419928,0.202460179886818,0.0710390691427283,0.3412986552755184,0.3217815431244449,0.04379593229959827,0.3327350978202966,0.0870805838612326,0.2650584971841598
TARGET-50-PAKMUB-01A,0.3111905305010481,0.4509082634229271,0.32683624715295667,0.5884259665586808,0.8372388837011773,0.26070231132739163,0.4092062842956586,0.4157096430654449,0.4536314308676985,0.5432196087226019,0.5066804973586557,0.4990822907951834,0.5032964360638478,0.2560883865805793,0.5503684833267375,0.1983442896895023,0.7890674631503451,0.761727393665674,0.15054143218390448,0.9378575564781002,0.2659843749235481,0.3495691110390967,0.3734391728324253,0.8620044050677904,0.0636052145159882,0.79368439665066,0.2595612795173911,0.3542928706952791,0.1386497386952148,0.5047569579982384,0.1690030248414362,0.1285303084946643,0.3489885393407409,0.5149594071353731,0.4652410025006758,0.3327090639454881,0.5440425364315267,0.3633399331820099,0.2799838013021186,0.2891116463006188,0.6667875828105971,0.3748227912822204,0.2110047559326342,0.1567066548523727,0.4437886244289302,0.1921111326008983,0.5752228117756414,0.6484833874734361,0.08282894984272055,0.2482713037501656,0.5266948449861512,0.1319376599250249,0.3793088598024424,0.1505664589903149,0.39729324600086646,0.1024022860551699,0.7547041857375554,0.3618245956308522,0.5050935051695615,0.19557298837380924,0.9220067701566816,0.0774843728057542,0.4608563796566916,0.224905866271641,0.5146419006811807,0.4957543131407603,0.40066764021408807,0.7946377610340037,0.5609576955432791,0.6069427938652133,0.7902135205258194,0.08610761764712724,0.8481090183794315,0.2997183186961444,0.3659697480518669,0.385034745902916,0.8446475740969097,0.4048901654036147,0.2927754519652006,0.4168472393019845,0.2722356934467122,0.2104924328548957,0.3516528624373078,0.3494765385244844,0.0987990517106833,0.5126676385482959,0.6329655291574101,0.5022815150671299,0.0940674625490144,0.20568192983835862,0.2786902182856079,0.0364080570688552,0.5112978425711527,0.6579255811995989,0.3683094085368861,0.4431395267793471,0.3531896234611557,0.42837468806104056,0.4359906323609979,0.2535801789600052,0.0852449699221583,0.840975338832969,0.7177490681506379,0.08181664869999226,0.05035492423028464,0.20681299162344796,0.5208739578107281,0.183207465090042,0.6081558064082533,0.1338077119597924,0.4662999687697848,0.2304916581548993,0.6395774659716901,0.6871011030874539,0.5478728823086542,0.4301166131398488,0.05354344215051498,0.4709267688654908,0.9997695546689528,0.6684326184443632,0.2788305527830317,0.89111180153478,0.0620772180072895,0.6664483225193572,0.8120971384379264,0.9999999999999998,0.2316070350612039,0.5711033800047356,0.5148127741031122,0.5384258841691656,0.2913997120589848,0.2721382392350059,0.2575392834609104,0.22657070205049676,0.2435799838054792,0.6417338528979635,0.830065150784837,0.0609944787944143,0.0671996466041365,0.4611198514266032,1.0,0.0460413969034708,0.3557499293063726,0.4856946300903599,0.40240183667413415,0.4228857030879226,0.2722865808453159,0.3598429263740004,0.21992963639035215,0.5412119019161952,0.2334362102791058,0.0914064388888219,0.4861020468364971,0.515404863788111,0.4028827916132576,0.31172570237080416,1.0000000000000002,0.36208148881234964,0.5902894789262109,0.27761438834205737,0.8530671195177567,0.2194664277709088,0.206219479036663,0.7201532903539226,0.05215397580205675,0.5623532135833916,0.6407296313515042,0.6125986563018546,0.6606742055521667,0.4646906795344955,0.554471126029881,0.2928121629602644,0.1766448776879395,0.4968346317421045,0.3559210280136644,0.5299922936886154,0.3294079716796099,0.8598261402373624,0.4963440932817903,0.4197654367530516,0.6923243921518247,0.5549299080695207,0.0202076049429755,0.5291289787646606,1.0,0.18464498453296188,0.3827576750335301,0.489857027907655,0.0923605093583086,0.5632671166558195,0.21158057907095437,1.0,0.4045397936293196,0.19709692092165396,0.3669471117195263,0.9074221746381474,0.07947494028980134,0.5722647907964723,0.18595829764419652,0.32925332296704624
TARGET-50-PAJPCM-01A,0.1166526492176588,0.1602458165584224,0.6442831154668284,0.8222955331241569,0.3742443962092668,0.2927217420319853,0.2353649188966877,0.32574122755756846,0.5313561630032484,0.7350112327281126,0.4496436935964593,0.3562143975222517,0.25941038191377336,0.3165577812776149,0.37093872721858523,0.2044579679041109,0.7952776726410491,0.3913194807166219,0.1758520935191509,0.4385924003313973,0.18685195836879231,0.406288471883685,0.2147925972785028,0.4395667098121842,0.0954230889056179,0.48766736531503235,0.5949835481040803,0.1454495200370678,0.2080078880785553,0.1150272413253142,0.1749922412207107,0.103804679494546,0.3075412173113709,0.3969242900611516,0.4442016955941664,0.1913656873244493,0.9999999999999998,0.4461581096652862,0.3651660339335084,0.455401615996126,0.4405322753958356,0.3291166222720493,0.4331987699090829,0.0901336331463843,0.4982347994048208,0.2182096117904769,0.4396804447863143,0.517463890454368,0.1904486917298246,0.255185431362565,0.6216640498889904,0.3755161825616832,0.2503708736616337,0.6865542575243437,0.2704775644340381,0.1536280086583902,0.2629674392237248,0.5036330419563525,0.4414592754542343,0.1391382635705193,0.5460417597666976,0.2092665187763083,0.2294354619435328,0.3374127834635193,0.4644282369962506,0.2559220901101396,0.42704262680584104,0.7905190583657499,0.4224817869481299,0.4183821150813436,0.1008363033253919,0.0818425317938204,0.3699432397432041,0.4632796050599732,0.3912174985206101,0.0682711706312705,0.3130884508388083,0.4863733883441002,0.2645382494843523,0.446262826382527,0.4713286928532995,0.33443468104707774,0.29757720860694736,0.2627485515981377,0.282475667563284,0.6659298118352882,0.5883840714213449,0.1660648257345765,0.0541051825041605,0.2759481999522344,0.8026576617691094,0.1306524438979411,0.0437289766210398,0.1044888159760046,0.3960758550227501,0.3159631344205054,0.9538796055679292,0.8119207790901142,0.332686462922392,0.4034348274517282,0.3155426545700129,0.3417326512185215,0.8420528810741531,0.16773044772225476,0.1280923972420449,0.2496494155387316,0.416708085619018,0.3226630245596486,0.6109614514611023,0.5133858747515943,0.3142009303227404,0.2815978600109363,0.7404634298415119,0.5428503855915188,0.1522300198919289,0.5913208051484479,0.0362930949450123,0.4186356616450331,0.2795958470477294,0.4185165881957814,0.5556231156554188,0.6300903685899159,0.1676555263636168,0.5202896231306307,0.1413892781111657,0.5382712311219658,0.6140553975191803,0.4281734208257254,0.2889847003511185,0.8123387646178097,0.2871237006898514,0.32568486177864886,0.1140881165963228,0.27378909955320696,0.4699278442016498,0.2915193111036996,0.674802682438058,0.1647313100653317,0.6486648441986198,0.4285099453848203,0.9547776167762022,0.0690731466514335,0.5738038848361751,0.666702006209839,0.8119207790901142,0.4924515854533231,0.5496212838908614,0.6294254022404997,0.1633912167869334,0.4849075519495276,0.30117177213605406,0.0738224019199788,0.4559342906064136,0.5288450852447872,0.38325300770925164,0.23775237681010433,0.3855995766826502,0.7826639394758491,0.4765141142584791,0.36918192131724414,0.0366659483949911,0.1809352664884803,0.7633417185634944,0.5035790124338754,0.13092696315828897,0.7216162348499496,0.3842306038218724,0.5953093685114157,0.5110344494784228,0.5354094888809656,0.5479676131364251,0.24224185888349278,0.269382271752488,0.7503757073868111,0.17107032767941832,0.5650835643220975,0.3511515086470122,0.1508495315849303,0.5139337913125122,0.3603869218580366,0.3456005587738824,0.5715820373043874,0.0303162578369806,0.2001543024792644,0.13955365339866255,0.2263205241739566,0.5304441659476444,0.407995991986234,0.2392783921154258,0.5078203651825932,0.24528281806778202,0.4332062031262828,0.47664843384764716,0.2111578442570564,0.5342664026257211,0.4789865094303462,0.14634832394261613,0.3362360500234589,0.2208851567664479,0.3494431879344192
TARGET-50-PAJNUS-01A,0.1920732738084243,0.0420006223657259,0.30502224019130614,0.6369131626644032,0.7028233465430519,0.17358849503665488,0.1110543656419043,0.28464012609481093,0.2507146004972131,0.3735636991038017,0.4465451121759113,0.2635513880657281,0.0805408518477556,0.24352953056489576,0.1493643307319957,0.1309189736020893,0.3417377264943308,0.3917243606113006,0.12333947630253438,0.5940153991114343,0.1755654342945637,0.1625402322049863,0.1920440598847625,0.4879528077900186,0.0853168946805858,0.3085712223909256,0.1905266984850255,0.2227424623466499,0.098146249523345,0.4801164428297465,0.0869111474760011,0.1324748481208179,0.2475147495759601,0.2635795499488019,0.20139801529673002,0.0902938089119907,0.5695999526590272,0.2378151812435494,0.1953923782866314,0.373435523155458,0.4118197126298156,0.3260474133515654,0.403988955029898,0.14647854129849,0.0630159909378107,0.2776335858397301,0.3451940956220219,0.5128260397551128,0.0364202844822146,0.0572495176606005,0.3592531233112159,0.0211135441456075,0.11802111495627643,0.22131964286236663,0.0866273019121892,0.0724876975139841,0.6507682599555056,0.2692870481832703,0.1573404079239465,0.0364683071942639,0.7815119819766815,0.1039337124222428,0.1887024000848484,0.28098342415625616,0.362344535957202,0.162512874831315,0.3449383749177707,0.3552090078866289,0.4568082067637733,0.3337316332414491,0.4601879769950543,0.11246516496469736,0.5085224444271208,0.0452620165596303,0.1845917026627472,0.09990497269683829,0.4212538925661799,0.2880277871826626,0.2555036207021748,0.2477834151338265,0.1550377668230421,0.2800824005993391,0.26032135044379323,0.1358706346559495,0.07134207342106,0.328185874901755,0.458314401705612,0.1776884532087145,0.0879277571894475,0.17757522508154275,0.2718034327505653,0.07847665805784557,0.7068443650148809,0.5941819224252233,0.4795420751315884,0.27909723736647896,0.324509882621748,0.43268859094094514,0.2716291762639025,0.3491144143592034,0.1143433942679392,0.4468345858892208,0.4384794552364935,0.09510711123774335,0.0748729915858143,0.13262234234850082,0.3155683615275311,0.23547154864133382,0.2810558083945397,0.0966215712160252,0.3367118006924631,0.062312387638876,0.4848548753538081,0.1951472164957697,0.1673192744772739,0.4589555750288119,0.08873646320680625,0.2115977424298035,0.4555744767604008,0.2237762165349401,0.1062540874041395,0.8368819367916255,0.0832673155981636,0.3270697432007767,0.5648826108002266,0.7975105194183609,0.0878508529834538,0.3059343333231701,0.325528772610061,0.198981298908406,0.1815438735403377,0.25321653259791943,0.17004527085029494,0.1902599085980085,0.2828546136008993,0.4226251434411432,0.638702966697473,0.11370852245443124,0.0901382884331999,0.3064908183113996,0.3459833778162674,0.0782845134791521,0.4570311157496038,0.6086725287052075,0.3444151926787676,0.3705126020489164,0.0911297135063091,0.36128839818201025,0.17058429497195057,0.4965546288396776,0.0889556443607805,0.0942116629990365,0.117908390361235,0.3251138282782335,0.2339818554791365,0.20177975985821783,0.7972865148766325,0.2761984838555066,0.2683837923737168,0.1870783262149672,0.495411170668404,0.05756559248988995,0.30140973984890695,0.4277819549473091,0.08926101245303084,0.4697770618077613,0.3074612690842206,0.5275512920746481,0.5918200011618603,0.3091252514875608,0.165114664748471,0.13783129060856297,0.16961687034160985,0.6210836777213267,0.0769091129127061,0.4035571701375823,0.2298958431474893,0.4101998841300601,0.24323991425732727,0.2560750644801857,0.0716388367550786,0.4690664983593052,0.0680145594221414,0.2166573202734365,0.1517338448026695,0.17809745714235417,0.2707701162240567,0.3774566328611537,0.0653794062858674,0.3090504705337897,0.1804310085435715,0.8108136304806044,0.32683202172137854,0.0327804751835186,0.0224605144952453,0.4564851237377569,0.0915396455438583,0.0551215373948583,0.0578942667882966,0.1762203084781601
TARGET-50-PAJMEP-01A,0.0981563624650304,0.0975133390272237,0.3484086348771702,0.5878074417087386,0.3960937432367052,0.1002141092299504,0.257836227115753,0.27592214434386425,0.38009261947695316,0.2416798983265305,0.4180022064477636,0.4801843121257562,0.25869412017958776,0.27127937173974265,0.2581586503882684,0.2001894180371285,0.0212791079617018,0.2562684647017808,0.1417385396870154,0.7391461814574252,0.2163107990006318,0.1225282350711706,0.24413142834937482,0.5107303816299924,0.1045335444997017,0.5622093712086137,0.2311734982862846,0.364603146369953,0.1216678854747285,0.5039031309249529,0.17720882504244267,0.14504145026280937,0.0593155211363944,0.2605368496693845,0.2787727696183354,0.24578725375073032,0.6001452761343418,0.2930692051843879,0.1236214873899797,0.3875816916958449,0.2590721335699121,0.1866909489923543,0.3467809237305272,0.4024672298519284,0.2097452607862369,0.12320311166656585,0.4706076097142814,0.7414219906345894,0.0451487349018377,0.1905518715631912,0.4808147814288245,0.169553171360591,0.1902941527949921,0.24780738765076385,0.1073883179359796,0.1545652146103057,0.4913391856790987,0.181522532644834,0.4490239853169747,0.0452082666909603,0.5857483485022679,0.127343586439533,0.18912089993414202,0.28239042882715765,0.3174782933869225,0.6123630183699285,0.41656837627817384,0.5960667141499766,0.648650763813694,0.2369618933783406,0.5661062515366795,0.0850422630785887,0.3195823836207152,0.4892893617630457,0.2790934088006376,0.06768505772524909,0.6071518629911026,0.174437254185877,0.1794844293937285,0.2474531465761182,0.0691758367228341,0.3203537711501816,0.27160603062678257,0.116630278147966,0.1235557211122092,0.7507430735740109,0.7937754404363471,0.0598541105116288,0.0316471803512539,0.0896600223130448,0.5033610006696162,0.060558869256854136,0.1859462258152542,0.2429567479643118,0.7004636496465784,0.2093379790796715,0.3676529655886521,0.8819762622791876,0.1893589917288543,0.3192701575264704,0.0748041455785578,0.620219179999971,0.5767201728584571,0.08026178378510766,0.05324865896836495,0.15826218127549546,0.2157795045987165,0.24526337075676402,0.3277259591196118,0.2113297529791002,0.38989318182542754,0.2732051200736807,0.4919282257242361,0.4922012944389422,0.4453917555416823,0.6219922217852576,0.06369794284260219,0.1512873989668303,0.1875806632804728,0.4868850555428027,0.13171883999942,0.326203316256787,0.1020223212886348,0.3296433945698541,0.2564846454884948,0.4416071820694993,0.3890820314139265,0.2377615259378466,0.31198456160124,0.5674031869901628,0.22075290408609805,0.1414278952668543,0.12950697966659816,0.25351408811401116,0.32191202659808393,0.6435704351527933,0.5945077944473586,0.1416935154381675,0.4060192027004654,0.2243502588415175,0.5992007757698237,0.1606084529271357,0.6149666608690485,0.6349509385781211,0.3173635782368759,0.0534076320137706,0.7326133481541273,0.5599344569795099,0.3195191012271362,0.6092148778185587,0.2109756659581961,0.043180167950541,0.3632327911707214,0.2888311015107607,0.345168011397523,0.1851608428622363,0.4622697551418779,0.32292272286020707,0.3873945382173004,0.2770837467256426,0.2384352340462175,0.12221161484767308,0.28562874265499993,0.1465260195080665,0.07748043656096253,0.5926034700670847,0.1288158854442767,0.5049787163576618,0.5690449193847235,0.3552617195823531,0.4091827846315749,0.20030615880566924,0.19884106545261843,0.6572011676559582,0.1785607921814928,0.4210151236062434,0.2281676856779777,0.539673704976004,0.3127407698130601,0.1397655929698314,0.3739823700463113,0.3371550836292211,0.0177325726471445,0.3752239058519024,0.14457527763162,0.2567930195271117,0.338716378487667,0.4855229534537327,0.14740452533589188,0.2578691252125517,0.1948314292353219,0.5126698353272063,0.3196404622166413,0.0406366124004245,0.2774479235219469,0.4903331002369784,0.07506188364274019,0.0668811181415038,0.189994205460614,0.2184530984563227
TARGET-50-PAKKNS-01A,0.2930712062616312,0.0937206148301025,0.34018469604309576,0.5880029087265548,0.5968627193370827,0.24303207682055866,0.2478078381052677,0.1882787126774079,0.2979788650465494,0.1842991881204355,0.5695332486456749,0.5321205825690415,0.3220199694476261,0.26114062611763617,0.3363694614948225,0.1938642981970659,0.824567677527298,0.6533562091242316,0.12256634849836917,0.4760210149187807,0.1701825686593201,0.3317778612400769,0.3203098698159332,0.3966387836405904,0.15824787921556527,0.1355934347321804,0.0837219013996,0.0171696184066715,0.116648603565738,0.4824494045392687,0.1833810286858335,0.15377781708666988,0.382357492661433,0.422139966127291,0.268474263470543,0.2853744457247441,0.6093487113203142,0.4914633952566305,0.3964789213545112,0.328901103872238,0.3664211775845807,0.29256546364460073,0.35235130078133614,0.1700385398172957,0.3202320086292793,0.195260631342532,0.30231115415015947,0.3818704791910753,0.12207152223857752,0.4007542305829731,0.5024623020398853,0.1535089503984314,0.16891200700489456,0.2378276217940052,0.2101967912522427,0.2898216942490955,0.5950904525828273,0.3125998938744556,0.3503274721651566,0.0813757506328894,0.7472794035441791,0.1223906322441838,0.19652185038622225,0.3100687126202994,0.4980133153432907,0.4059899144038716,0.3384588335658675,0.6850082866079072,0.520773993857599,0.3811012574531229,0.112027675013369,0.0254949354507967,0.5481308379960832,0.3968137555332416,0.35161788138972766,0.0382857438316396,0.4476272257182789,0.4284203704291605,0.3169172311826888,0.436532459518745,0.2656699693895323,0.1770911981857625,0.1592668088255021,0.1587669555420104,0.0447469972855733,0.3827273911167131,0.4747479355805326,0.4494965879959245,0.13116903429602106,0.1613897667734415,0.530029248397078,0.045897447210753395,0.4752790681296729,0.0585962127899461,0.5340115266662133,0.2659377862777594,0.4133402631997899,0.4569639338456446,0.3630312626629177,0.1454452484643545,0.12458560680425997,0.4962900571942144,0.5006846353808644,0.0793482697171449,0.04431394900994289,0.18538666469822787,0.4309939271087022,0.2849294741655342,0.2953662233837099,0.3114384307712253,0.3965062847308507,0.2542903107201115,0.4655512010650289,0.3958667288337451,0.5410163699211171,0.4318055965026781,0.045905788585939473,0.472650773256224,0.2665587610319688,0.3093221342712713,0.3358170583821516,0.6112739862271822,0.2399685036030126,0.440443088388757,0.4489316796005088,0.4840232463115677,0.4262241586014562,0.4933159430118924,0.1233160468084383,0.5372418810509267,0.190636392997508,0.22892178465851032,0.16136721485890226,0.18917757608630845,0.36025514245288337,0.5558790436388827,0.5762802917170318,0.1262284136154833,0.0565363123670578,0.4785091886279354,0.217006830970907,0.09848929317482093,0.5134470542627527,0.4050842460438413,0.3862984628199081,0.4148610912595471,0.6099340206676249,0.4594829031613263,0.091628050499242,0.6022312919327399,0.1632649126783188,0.0413988150900416,0.2843657788127319,0.2006340908480965,0.343070976133457,0.21061752892900482,0.6484565512231023,0.3788612333330635,0.4559351717882786,0.27021117064989125,0.3871562129030599,0.1896089510183152,0.4024198400355527,0.3672787871119042,0.05490029785680034,0.3740100474922198,0.5236469768532902,0.5349886942168689,0.4972320454362745,0.5026919297210174,0.1515128715389067,0.1677403029026905,0.0800040863302936,0.5152653858524296,0.1716157747723895,0.5601314722550652,0.4429056279425424,0.5885241016030291,0.3005769007780233,0.386287040771425,0.1511567153296463,0.3756053020296944,0.031918972246334,0.2348750074561104,0.098303422971247,0.2382852978995437,0.5274979028958394,0.3845902878582082,0.0777046141064152,0.4712165013992254,0.2652209473799506,0.6699225205450235,0.3306983142373283,0.0389601912752585,0.4171297775600374,0.3903664912819675,0.06382036169447111,0.326122507212839,0.0688083896034228,0.3285146156972573
TARGET-50-PALDTE-01A,0.144683614786517,0.2638538682129888,0.4459996604383724,0.4939632105767642,0.335591308843246,0.19958008458141882,0.2906635573715746,0.36077910169488886,0.38206118822370094,0.2714229043231378,0.5759612025268398,0.6121395684902494,0.2265450825555398,0.3028836891916402,0.38109300219142167,0.199397544084679,0.6185828094649616,0.42932540578928774,0.19662643385525413,0.3692374148428373,0.2673968139323802,0.1482723001233999,0.4717298867968629,0.3532084017005927,0.6442645428876549,0.3013155737092717,0.1860467123801275,0.4527023011354437,0.6165686632411463,0.4789765874660908,0.213485310531557,0.1293598753450923,0.2092955935829345,0.1319086057778892,0.3953900452321641,0.2857471680604291,0.539625851091267,0.2259037390093359,0.0662548176947473,0.5675148419518762,0.3107809572469418,0.3015753217102112,0.3930220949565478,0.1123232170745169,0.3585423778834898,0.02647499786893,0.2727685829131822,0.5830545753463778,0.11002074228114975,0.2978741933474276,0.6040634287223335,0.1614806835977497,0.286802467268399,0.2814956205177043,0.24539027240435352,0.26073557100047784,0.4178937134259781,0.3639170632544027,0.523955968126587,0.476549178335035,0.44109956236464,0.591352128873217,0.2630137851661158,0.3224309266576161,0.2742648708733532,0.1258020589278167,0.452589003903881,0.2753062949855359,0.7062793975585286,0.3334749867174732,0.5779956310389658,0.11508818595067986,0.4864907582479068,0.6257752653466021,0.4875295322703052,0.08835400781862138,0.4276794917800137,0.2529340000585392,0.1787744565794772,0.2050840292767016,0.3505580212096705,0.38151997302685453,0.350155375465872,0.19735284439083076,0.5387346608588628,0.6524422097545496,0.2644904411211408,0.19522865740458506,0.14949216826296793,0.3366485665105861,0.590950660982246,0.1367891029385945,0.8746464906875913,0.229479497694179,0.6418288633912441,0.282070488045059,0.41224094207479794,0.49925216102688663,0.1481320030537137,0.6655802911925038,0.152131419176204,0.4568431579019649,0.1585206361338343,0.1103409209611336,0.075529847091993,0.15754833013833158,0.160221163754972,0.2700123337758076,0.3594730735136525,0.4500024448788857,0.8270863452852163,0.4424153484522115,0.3663483732433057,0.159476679563734,0.4531987620128158,0.6581889429975352,0.0452279247991037,0.1928613675686143,0.6410487189663107,0.3024132950209819,0.48767461937393053,0.3045580827060768,0.18361453320225313,0.4107532843592709,0.3995424165308521,0.250094554624498,0.8016028239589948,0.3095766819188473,0.1459583493888622,0.3689616039572388,0.16670509393585956,0.3013155737092717,0.1710595167219296,0.2468864295687508,0.2613774854131352,0.6661597863398141,0.4311016090275502,0.12226174447498528,0.2988335691570968,0.2618326911738704,0.43644117186138565,0.07609775306297302,0.5286714902406449,0.2193010507098075,0.4355420558206288,0.2005308753480524,0.2931495565910154,0.6625832847336054,0.203615747757799,0.3346307422514438,0.2349428661333173,0.14144067787856882,0.3963292888529505,0.6308979174087832,0.40046202334780673,0.3944896831721617,0.3943601008868311,0.22801548591247398,0.5060281833598211,0.24019893160859077,0.536143988597649,0.20131148716199376,0.6794609737513609,0.281096705614581,0.0768983689963282,0.5703891536673992,0.2460106450045669,0.4191338135428728,0.6425317909749221,0.4498442525548382,0.472651601859993,0.22903775758063838,0.3133188421301454,0.5175729500188262,0.17050420140865108,0.3555275537163719,0.2635590405531975,0.6819433224458139,0.3039271422987294,0.218492131445272,0.3336485971231849,0.0957984898527293,0.14811650810970772,0.25518604392658506,0.18851548183010403,0.27680541220924154,0.3225783589923893,0.7372211196427646,0.5769914999630639,0.2302092373111652,0.2216355731572661,0.451148827286461,0.45029701414735274,0.0865772919545448,0.4995592434654958,0.2503323312120427,0.0961703096418069,0.0538254265422946,0.1529059237294021,0.4585576884180197
TARGET-50-PAJNSL-01A,0.1052926660466601,0.2332685149956978,0.24605852368465192,0.6279246967390769,0.6464299299787974,0.116214608603944,0.1596503007080552,0.1186620910281682,0.5201385575105136,0.4305442660652185,0.178414732753471,0.5411817119791552,0.1670919939153095,0.1808897395581716,0.3098748432536026,0.0237754462823289,0.40101227784262117,0.4288765869865334,0.085645059340184,0.6521010189911849,0.1998814130330911,0.1126530349299382,0.2102580519268281,0.4263601630907534,0.0934085859398645,0.3043078283461683,0.0527654759460374,0.5630806980310886,0.3672496943135713,0.5396268280326982,0.2153831583689568,0.070411717998985,0.188630338323973,0.2828987308968985,0.2265822319229096,0.10748383432062267,0.6282725843092474,0.3736470885713082,0.1288342458049526,0.3089033203313927,0.2378868694511268,0.25497276046694484,0.1118828471736221,0.0611385150479717,0.3046273840659532,0.0144105742139736,0.1215776071759984,0.8731325024484327,0.0755584006560968,0.1798409311033387,0.418746822512153,0.0680177842180787,0.0613951061268304,0.0798361347175751,0.5156549173679323,0.1034853628162075,0.6519930502534883,0.3671522236023001,0.3987983546366733,0.0756580297328379,0.7334925122865753,0.1766973818177044,0.0745944251156857,0.1192537511929576,0.3746875639561833,0.0418467337438316,0.3500331202135285,0.6933339943788376,0.4784156739211624,0.8319042112732299,0.4112653044096987,0.0160681062038232,0.3350000848754557,0.4849315812340811,0.4923710095481023,0.0241294746231621,0.4902967490419621,0.2785142865549945,0.1336354404146539,0.2623017676962855,0.2620451291061108,0.22959195150898742,0.1003774260927657,0.1042179274769132,0.1593416857429136,0.7168033911970696,0.5520864315736984,0.1210624898512165,0.0191227075227229,0.1039754230277316,0.3028960922981191,0.0929272591378286,0.5860879605616741,0.1022829239630148,0.6618489126379625,0.242761538186819,0.27461625896343705,0.159404028951313,0.2095923280628147,0.2905587012111322,0.0452001657496564,0.5142952272559547,0.6573332497323804,0.0131566547175728,0.0233277327867751,0.20105191846145817,0.2406057871516675,0.2690526300070297,0.1928139909031015,0.3415283573196876,0.255449335557431,0.1942441190235829,0.5323588373545542,0.4457425582170066,0.487891812746401,0.6798890872519879,0.042340311387562474,0.1705053070378122,0.231215480713063,0.4114877285914415,0.3423000676486223,0.6215017809984155,0.0631714730504185,0.3173426156848892,0.1903216136512064,0.2340485960699026,0.3128261657980038,0.2665677099212839,0.206789234350331,0.9073068072108385,0.1228175738937782,0.24998530094100546,0.0773870728365158,0.3497809885886849,0.2478736463477199,0.4977900068493576,0.5734732413650124,0.14999342993871365,0.4094752298909435,0.3674241881823689,0.2624832981657344,0.13094012817202932,0.8514005963722864,0.5913163972894018,0.3059262806769994,0.061934862252798,0.5099268768083474,0.5119538519946748,0.1108298425074088,0.6824495806353632,0.1845495254304064,0.13482254701344729,0.2665371098024838,0.3426100394191924,0.1752664511646018,0.3984072157747703,0.7239826675728597,0.20124280347852055,0.2355239821468104,0.1033679151016318,0.1916439480850459,0.152775456169258,0.38177027553714615,0.2869773601239993,0.012375238064753,0.8195013079119305,0.2476184113312271,0.6710679535168131,0.358861325303637,0.3944862629794574,0.2662519643033448,0.2120910332209545,0.0967699327839451,0.5746504106300747,0.110563532849268,0.3570364192575957,0.2223552293623358,0.5615431686091388,0.3592994044196647,0.1744788672258555,0.7269346089672485,0.392180752109329,0.0296762430143254,0.2372057022941226,0.0899921907558967,0.1150795850639645,0.3615850768960533,0.2612579554194808,0.1356376932535403,0.2763935617609965,0.0628589796326071,0.7334097373122658,0.28636107644053,0.0471247815441751,0.3270195514616331,0.650052265314953,0.035820958216811,0.5386824998029711,0.2450230285328986,0.2845362010897813
TARGET-50-PAKPDF-01A,0.4926785999351624,0.3445016008776757,0.0781307080994901,0.5183471062229795,0.369957472244137,0.1387825411543077,0.1906530916764739,0.0732944971362532,0.3782865026025456,0.1222760979447368,0.2278305208891975,0.2397818196535117,0.22284056769286592,0.20538837370139326,0.069107133969317,0.2877361993557721,0.5160595793106567,0.3548960223496841,0.1030773028737012,0.5817706095965174,0.1859222128899324,0.3497671092418015,0.10567851325717596,0.3131186217213886,0.2092805899876662,0.2807413375457237,0.0635053905883955,0.865972543910924,0.0454098109043573,0.0139490848040708,0.0787401133004486,0.0226614043841192,0.1452394889065546,0.2535705084508926,0.1120343936695357,0.0417766833520459,0.6071418215087825,0.2284848584117509,0.1023079892698798,0.364941430290606,0.3114606726668766,0.1357682923470002,0.1346555447954073,0.5638725187033431,0.2048388662469367,0.0493129412988097,0.424395815055978,0.5726816304503526,0.0328337644236891,0.0848899722505551,0.3978036846350636,0.0861076980468996,0.056645194740971544,0.2062014381764859,0.0780966009486715,0.0335382416851224,0.2980518703843319,0.219681995645642,0.1693521172428783,0.1264583609251054,0.3589732352445831,0.1725026557647282,0.2099543720019934,0.1910043038073774,0.2388697816457526,0.3073544531407089,0.2730965570365441,0.3875164842577393,0.5097491845649316,0.0444708143247863,0.2000842906848249,0.9405820339421072,0.2051376448495041,0.1673347760724424,0.30362461201487,0.0424851415495193,0.4660994022442679,0.226913313620192,0.0700279261670985,0.2183594057463074,0.0258183303874962,0.0689393406918036,0.2263588759563183,0.0662534999406336,0.0496551019604971,0.6195207274936009,0.5069563657611118,0.1268234038486549,0.0336696487843576,0.0334635934785067,0.5648248440053012,0.9269444818497852,0.427628445742145,0.0444468570113487,0.2570589396329934,0.0781307080994901,0.2253927450736251,0.0984597358958204,0.1282111300318467,0.238418646577907,0.12026095240487321,0.498635874843766,0.9324286293215236,0.9065693266911348,0.8969773941226438,0.0361741408581177,0.2798444790741432,0.19703127142533355,0.4248773178053425,0.1069206738038123,0.0822141662955157,0.1105936971741796,0.4152007675867807,0.2721955710961755,0.3464770413695616,0.5629638426625686,0.8930337107791966,0.1669252650724855,0.2470637223033372,0.4001934350121834,0.1824121919905653,0.4135283394447582,0.0203311939691154,0.2906593482266825,0.1285042367462051,0.4208842002879915,0.2864855328412489,0.1921365766510648,0.1738069751157286,0.6538948060450641,0.08732189547039144,0.32670350085205474,0.0249063622006333,0.0432498346375462,0.21760737003481676,0.3863781975279918,0.6360009473015158,0.177391291500746,0.2077803308364555,0.3230859346010448,0.2408093720616832,0.122365855571815,0.7022781785386669,0.4526980927781567,0.27273939076845044,0.0568207401844135,0.3433212810422388,0.5387935065506896,0.1323520972421698,0.192307474281435,0.2189006484899915,0.2919653360632209,0.1740108246861251,0.2744831422413694,0.293707366272351,0.069107133969317,0.3473469294519483,0.2085890789138481,0.3447558233947667,0.0638476811907734,0.0583777492955781,0.12636491021684723,0.1925263398365236,0.3460702613304875,0.8639307604450694,0.7861876135966063,0.1952771309084496,0.374581230516757,0.4557787802757967,0.3007155104389423,0.3754155616587142,0.22730460483087084,0.11820436056036596,0.5495903813038219,0.1612698042153534,0.4192692472048033,0.2143546034949649,0.1974957607584207,0.2887660659098366,0.2075183833385327,0.0930324372062578,0.1854080634406261,0.1392539732455915,0.1791198828174495,0.1571410033900384,0.24892791950314272,0.3548835541328495,0.2040077774661323,0.11303818307370284,0.2743560358084395,0.1106767838528135,0.3763691231649685,0.4735021600609286,0.0687369885663955,0.4551427173918985,0.3802599431270133,0.9505246420228524,0.2702084183944832,0.0521930771336344,0.0815327220791803
TARGET-50-PAJLLF-01A,0.4747584870155876,0.6241857155286714,0.3314789115697377,0.5814811934080247,0.2413502481567889,0.2782654138855773,0.4387700398644805,0.2423022708454623,0.3834791232529819,0.3402275097055127,0.8536100075123642,0.1490406764707072,0.326804584572565,0.2284593816266827,0.2644828925201784,0.1569448255748168,0.32188149727757787,0.2677886219419294,0.2226066300931943,0.4799049539175193,0.1681705011068279,0.4820315470579338,0.1550155669975499,0.5522136074348258,0.0688667319953415,0.6656346759063435,0.3483117969851984,0.1065587337268582,0.2773556266313123,0.6167900947018812,0.1296137545176871,0.2485287013557485,0.2507026316223979,0.3555366468422169,0.564059009711179,0.1381083934005964,0.6139520522221364,0.3490695198217302,0.3234110295531595,0.3286628152445423,0.3378200192966217,1.0,0.3086329698227969,0.3692057051616876,0.5391852502903437,0.4849087627490711,0.6859802799600074,0.8356699924334285,0.241836763622037,0.2228529617885734,0.6404291906801987,0.2180387755569287,0.2340020977368332,0.1630215393136859,0.1325003080043076,0.110873154711223,0.1977071145924978,0.8811768471251922,0.4248311626560562,0.1803227578802473,0.4643714525918766,0.21944879503257048,0.3934513941383683,0.2435104123863292,0.4527770685924293,0.4369121019750748,0.4633412655954211,0.6266395024927546,0.4307262481135638,0.2563694572600413,0.6562380419410063,0.10537858088062355,0.3445082840922457,0.344070254765946,0.2823412125041846,0.1879465531464889,0.7358632447979074,0.415393070108273,0.2938801959623289,0.3740148075158091,0.0853521113692784,0.4210701092192822,0.22780338615478296,0.198474327540538,0.2196651563167145,0.6925298808231005,1.0,0.3905556570777587,0.1883072381278978,0.285757686045512,0.7410447284140069,0.08017105900632746,0.60212483038014,0.1393243366811357,0.46086483954823,0.3499783200412608,0.3824059918282488,0.3254953444874852,0.3125180254101645,0.5954425989628862,0.17800969813941142,0.7568402384574684,0.650949963626814,0.09202983457811603,0.07142822251289817,0.24900374910524992,0.3547148946294042,0.1983626577460933,0.2671472917861738,0.2521281672244713,0.26479745831520113,0.4040155678408861,0.3643058171003085,0.3989234476453042,0.4048278270674962,0.7323284388284463,0.08229064296136746,0.3593643277231573,0.7136734294255173,0.1836047758327635,0.5253885236487463,0.6779267039797555,0.1736153933046214,0.6475369617898248,0.36698616245270693,0.5323230106761738,0.9408171503561766,0.4162097313886387,0.1561721045977896,0.6393749997005341,0.337541937311947,0.21522777754639955,0.0823372607154166,0.20959987279430822,0.26091840182955145,0.6009699255521304,0.8297914143061172,0.0660400323510365,0.315864363554137,0.4103003762999808,0.2792734621216557,0.08586687703917138,0.743624995239794,0.6252239414229224,0.3596115317605224,0.6646840949542516,0.1639846000259548,0.6566243548925644,0.3812040862678492,0.4573400489230106,0.3514591380243999,0.3023915824332734,0.4446096664165176,0.4043783064743422,0.3578856461422658,0.4220949628511827,0.6743663029821121,0.1858426756229712,0.2531512774749641,0.2110723007210517,0.1534976261057706,0.1873672054564078,0.2927206240630092,0.2707595664269157,0.08831833766472509,0.5078498606772349,0.4199911589076396,0.7187910477331887,0.5434331896441814,0.4792004374327275,0.9425985479643012,0.1149794215569532,0.2659546964646113,0.7010696671040137,0.2173407064371637,0.5228145576470526,0.3345422864224301,0.2706842804018291,0.30805594170443457,0.2556701064605481,0.0578259744419959,0.4577126018729645,0.2454520781702055,0.33140790235240397,0.1244951719741297,0.23253046015659545,0.445960140853899,0.7814815419693719,0.16538810470938037,0.4171750987425953,0.21393790085362405,0.6807011938496814,0.39172810885663895,0.2176678227828216,0.247054814078572,0.3562522845060913,0.08735377779452137,0.3144220126880809,0.0885518538821475,0.497988403229791
