index,hsa-mir-1296,hsa-mir-597,hsa-mir-145,hsa-mir-31,hsa-mir-378f,hsa-mir-1291,hsa-mir-132,hsa-mir-3662,hsa-mir-1260b,hsa-mir-4518,hsa-mir-1294,hsa-mir-338,hsa-mir-107,hsa-mir-3177,hsa-mir-34c,hsa-mir-3200,hsa-mir-4437,hsa-mir-3934,hsa-mir-4799,hsa-mir-1304,hsa-mir-4458,hsa-mir-5680,hsa-mir-3619,hsa-mir-340,hsa-mir-187,hsa-mir-4424,hsa-mir-1909,hsa-mir-26b,hsa-mir-362,hsa-mir-100,hsa-mir-579,hsa-mir-3181,hsa-mir-1295a,hsa-mir-4651,hsa-mir-466,hsa-mir-20b,hsa-mir-4454,hsa-mir-4632,hsa-let-7f-1,hsa-mir-3194,hsa-mir-301b,hsa-mir-410,hsa-mir-34b,hsa-mir-202,hsa-mir-1255a,hsa-mir-196b,hsa-mir-330,hsa-mir-639,hsa-let-7f-2,hsa-mir-23b,hsa-mir-3653,hsa-mir-4449,hsa-mir-378c,hsa-mir-548b,hsa-mir-874,hsa-mir-215,hsa-mir-4420,hsa-mir-449a,hsa-mir-1226,hsa-mir-3916,hsa-mir-582,hsa-mir-2277,hsa-mir-378a,hsa-mir-3679,hsa-mir-4443,hsa-mir-1248,hsa-mir-509-3,hsa-mir-491,hsa-mir-4484,hsa-mir-363,hsa-mir-147b,hsa-mir-7-1,hsa-mir-138-1,hsa-mir-151a,hsa-mir-190b,hsa-mir-95,hsa-mir-618,hsa-mir-508,hsa-mir-106a,hsa-mir-3174,hsa-mir-214,hsa-mir-374c,hsa-mir-2114,hsa-mir-421,hsa-mir-500a,hsa-mir-3138,hsa-mir-2115,hsa-mir-378i,hsa-mir-375,hsa-mir-135b,hsa-mir-148b,hsa-mir-4791,hsa-mir-188,hsa-mir-548q,hsa-mir-584,hsa-mir-642a,hsa-mir-1287,hsa-mir-429,hsa-mir-3064,hsa-mir-381
TARGET-20-PASFIT-09A,0.2257269309463659,0.342573732335677,0.3761686894974175,0.1871127507878895,0.2959039430543964,0.3848011293180361,0.4307926406835987,0.0893265019089057,0.1358099764393424,0.3503357192166469,0.1796819134948904,0.7530626410557044,0.5306275044449564,0.2246062863071228,0.4125754908925831,0.2736086896818962,0.2507901927628666,0.3187604189502064,0.15090522265043696,0.3151854545606383,0.1015373314762877,0.34935464434953173,0.23081914092985603,0.7286846068411541,0.2020238868766523,0.1607583808666028,0.4886958627683141,0.5007002025825116,0.5012653809775566,0.6969382545998069,0.280610011007507,0.25026525060219174,0.23660110824239677,0.2634133149998649,0.075343238978824,0.5205414855642005,0.17807596156151798,0.100179540366502,0.7307677553930159,0.1357062230408501,0.4547532854828137,0.0826474114892995,0.2950097151151399,0.1155753150189385,0.1275008292144975,0.2402393582991445,0.3792171896553369,0.24500903454993186,0.7340437540353864,0.4674908877076575,0.5576528849030802,0.1719997184358944,0.8177902706439367,0.474151285621203,0.3613320272181781,0.5118078980734582,0.18180657234470807,0.1597323347732799,0.2529385673686591,0.2334915510378531,0.2292280200264979,0.3828455586847941,0.6058444352552175,0.17970557345163043,0.1538973837881725,0.7363281158255056,0.1757979680843965,0.1223444193450006,0.20260522076166684,0.3460979574896971,0.2531974424558824,0.0760575671211529,0.2903666843096138,0.7865736109147319,0.1644145434454853,0.22566874327117686,0.19560262900883768,0.1133886048819053,0.3722592782388036,0.2193510445734232,0.242317979146046,0.3626872225825543,0.2187435110322968,0.554541338846783,0.4624835227506557,0.15263338257534392,0.3868309844999426,0.2717875080547863,0.103604271478167,0.22104780906701968,0.7552712335184628,0.4888656156607588,0.1635415521848192,0.2554974412532817,0.1722669303261969,0.3436683231648181,0.6743365548517033,0.28910255408753766,0.2374319213473041,0.0963595246425761
TARGET-20-PASHBI-09A,0.1598010908329478,0.2836454513641425,0.2796956449291238,0.3779780785112315,0.4522258859903483,0.21321058531768,0.6268156168026233,0.2602042868149747,0.0728859756969776,0.27622001901414395,0.2965950429240943,0.278268707615489,0.7639267586900598,0.4276415540100892,0.0608287491073647,0.2593189459860855,0.0767864287843677,0.0715424749234317,0.1503222803855701,0.4298922757037959,0.4350681022511086,0.3897447696568769,0.1111273185537853,0.9595327220983548,0.12438057682069364,0.2066977774466435,0.22648286856268954,0.5401170179503718,0.2533753478539575,0.4476570089895253,0.2454626039923942,0.2584741010834841,0.0940944714337396,0.26121452405505935,0.21909940474515252,0.5355539360167895,0.2838494252236688,0.1000460674370852,0.9058661864592872,0.0728302937222121,0.4544003862130645,0.24478103320425626,0.2045904803012633,0.5501905281051936,0.3392897110814806,0.1578204168236797,0.8452667422844777,0.240547939762281,0.904461408382808,0.5895987301789976,0.4236118820128087,0.1142313635937286,0.7448073311157845,0.3059640135772148,0.1555625639779112,0.7381113056477241,0.1873125125513996,0.22189051879787364,0.344704468819028,0.1319039227271752,0.3744448576363757,0.20060927783859026,0.6964588042543034,0.2263009654802615,0.1803696869507449,0.2990514359048032,0.16635716828984443,0.22372533058802,0.1652640905537402,0.500811742581468,0.1103787739546869,0.2541021255312508,0.2666054173340954,0.82979231488155,0.4854565789671415,0.18998035048424,0.0666576565237615,0.1341621066007032,0.3654092061470683,0.3080215535333812,0.15558776812327427,0.35641932152662176,0.16443903705366464,0.8012726481179184,0.3867506101773786,0.2055945782287218,0.4971453865098874,0.23221085774045772,0.4542157784505139,0.1362687577886103,0.7108706833514182,0.6270136429986297,0.1299077524702879,0.19352135049966604,0.3513007706041857,0.0712468022820156,0.7716518711535163,0.2705968179779474,0.2809309345977336,0.2839473419001813
TARGET-20-PARWDZ-09A,0.5259630029416864,0.0771348240418629,0.411247145568597,0.4499040557604937,0.21275239085616746,0.3603001140674224,0.2910955361848333,0.2409381458282179,0.14689941687878424,0.3217086050884164,0.0922532077676937,0.6254801154617088,0.6025543366129531,0.036142555949286,0.129274325087717,0.2314500557678447,0.15617763145688116,0.1902181412014917,0.0428187287128404,0.1323853155453118,0.12779409153206456,0.209855428360545,0.390862358759685,0.5888572451144445,0.5237479935815325,0.0457304025621222,0.0412625227599228,0.5866810132818303,0.8293090981647439,0.7535550715135548,0.4988171822825495,0.0843362068683518,0.18746924244735955,0.0710392810857104,0.0411759086341876,0.6906744975947315,0.2882074994044705,0.3999815662880877,0.4767505498329363,0.5038752706140732,0.660394593746828,0.0667106360318308,0.0287797278437384,0.1865465242278756,0.4856307269085006,0.7430734081108021,0.4060667598836112,0.1601198156776125,0.4756593682875172,0.5576861991929942,0.2792184119476993,0.1071242768900805,0.5958487464515758,0.6168514759828863,0.4814575700486349,0.4008653167748546,0.20241012978471595,0.2349229214537583,0.3644372409306409,0.1042646469111941,0.6809829297783283,0.5796681377540012,0.6649402978387622,0.15931323266998276,0.10234507064680198,0.1606615690929435,0.0543473421683436,0.3497944902492427,0.2308681634115219,0.5539876863251649,0.4034597525502589,0.535830946973805,0.2371582054235656,0.8354603437553425,0.1564733235554511,0.049875034607445,0.3475310395822408,0.2617510127420259,0.5864548697124954,0.4302953540429967,0.1895746374793435,0.1249302710377713,0.0936120772387694,0.6471264566883266,0.8640599583097224,0.233582780568679,0.1817233633519767,0.15808496875645842,0.211819277692095,0.1387659470777726,0.5232198684947333,0.156919201108214,0.5070792810743451,0.1603519571018676,0.4976626890397274,0.2156626552571475,0.5765658492286072,0.6997679258549006,0.3622679366186729,0.0650766160904462
TARGET-20-PASCFW-09A,0.5527333758548397,0.2077572694937887,0.600372387485422,0.3641447432809161,0.3928214563470708,0.3440062876943734,0.4246565460630578,0.5533591021498766,0.2597397561516903,0.3486554723505383,0.2076530170884588,0.5112132635798917,0.992291700215206,0.1764143313568089,0.1899832752887633,0.3255644590852157,0.1096249247917834,0.5335682180312992,0.1153292597873433,0.401144227352472,0.3790724699426714,0.2587210674575503,0.263178704384686,0.3771811764119199,0.1726800707930768,0.2334267030529334,0.27000214483576834,0.5433742267689394,0.6546578933850769,0.2018561706708906,0.5261273152650401,0.2991928644409447,0.4845051722641761,0.3526891569765636,0.21972773220887556,0.8822399510804602,0.29779234099210133,0.2768379620170126,0.4067593313026563,0.1039769083972089,0.3462202301514036,0.5636686653496661,0.1404758548705895,0.0500919313048979,0.3864655153352338,0.8557917482429098,0.6121265423996622,0.25018758823652854,0.4049697480230219,0.7006581673725922,0.4788694313696552,0.1627330405751321,0.3605573385964855,0.0880947049523679,0.6672574087826938,0.0578933383459394,0.2863750664464036,0.2706813619804598,0.6760137906540353,0.1569316379122932,0.2252191907323613,0.598995262643063,0.4622897585341969,0.2237646141465487,0.18135358020477269,0.2932702493589462,0.1901893347837469,0.4068954401513018,0.15505936163504142,0.89526682806426,0.23013599882611346,0.4484869261422255,0.2613616674230137,0.8949155239232385,0.1900089738339045,0.4146700851220405,0.4190228094822943,0.0890597286594661,0.7509428893594023,0.3045692886415426,0.1416903315254334,0.3267312619558412,0.20323394976115175,0.4279740522289117,0.7545466754587473,0.4864135556772991,0.5359292366088808,0.20576774734622377,0.4866124309653678,0.25589345047734197,0.5614307790226698,0.34762808301136083,0.2556467510617526,0.33477417672789705,0.566299391743145,0.4416042465763763,0.8608819754144361,0.2788634572024591,0.102906260664487,0.5141174417666309
TARGET-20-PASPTW-09A,0.3764025684389841,0.30941334411450727,0.3604727742955124,0.1495723182106841,0.2869920818589393,0.6978393127572317,0.7135049154427098,0.2524549061715209,0.360889983289853,0.438178908583465,0.3306331687140256,0.2843685063287804,0.3768958508686997,0.6921292723816312,0.28094760516760303,0.5382938881504064,0.25270076165038324,0.2456616555235348,0.23318814757349662,0.9206539646529592,0.2735487936690344,0.223873635739776,0.24072559622844894,0.4073915269814644,0.2464417907888635,0.14112108659066366,0.6393159621295444,0.2166584093811443,0.2047645898786474,0.3689297687206138,0.3386714657872299,0.28155631499161454,0.5059877266211376,0.7207013412676999,0.2684152356661013,0.2814630069114961,0.4639399774255723,0.4415401560269276,0.569377812969468,0.3240707138429248,0.32646888660080564,0.4684339476047934,0.2872959486881377,0.2881521149968655,0.3737718135411547,0.3212015629015349,0.6802937005232805,0.36073557839555725,0.5670149827491695,0.5114116808530398,0.6359093122553063,0.4524870553829224,0.6835096113355403,0.20968273557244382,0.3854644521193321,0.4116150191045065,0.22780618014652546,0.3405910889273244,0.8375862303256422,0.3811754287534091,0.23302348679063287,0.42217489003145553,0.8072440853525742,0.22197022780923797,0.2488609884749913,0.7782535408107457,0.9731360883149788,0.306108367006464,0.24977520980725412,0.3269200942174026,0.23393937879665408,0.5212312580397505,0.3744256711101257,0.3573653031715372,0.3745650573850003,0.19740145019887884,0.1369925074079168,0.761696012041812,0.0573376236141762,0.31712469447455005,0.23516828113980107,0.3053321224101264,0.20929498440550282,0.4310039010660693,0.6028548758407362,0.22306285227204373,0.1776995628319829,0.353555205738449,0.4851928480442988,0.24969350367299184,0.8679513717028382,0.5344648285876463,0.38103447521876477,0.4095333925676571,0.4857301677570885,0.3489317755710899,0.8292918525411548,0.2308171432280585,0.7316517523359759,0.6022193307641844
TARGET-20-PAKTCX-04A,0.531932966756001,0.3124238270066606,0.5209645254618583,0.3700275144545519,0.22997608077297715,0.4587383803100439,0.2993441774106633,0.4192976592663666,0.23888758278948904,0.3860359513231455,0.0675130357443,0.9137537131058456,0.571172912072353,0.1141519831004779,0.432184451646262,0.1588565484378024,0.1285488427873519,0.2916219516228119,0.14506412389124465,0.214320392624907,0.14177004073762417,0.1489747781444972,0.16117163583291402,0.6283822221554194,0.4191160279116509,0.1879679190698086,0.5070951502607777,0.4346786973909544,0.6787428140486806,0.4526934017006767,0.1883618197654648,0.2663659226177302,0.1575243907938749,0.23812793072052862,0.1654659465300702,0.6485904637226997,0.1444340612704386,0.0900067405092017,0.5877987036495238,0.2404906258599199,0.4648475066036641,0.1939540478195472,0.2213216155775441,0.20741784871208938,0.4457363890776549,0.8102336445852144,0.4989292589937411,0.14630416443506736,0.5906708023822809,0.3194690707975902,0.488133335946702,0.3290477060942232,0.5315252093395951,0.34477151632835124,0.5317983645379296,0.4210886186006058,0.22229162761883514,0.23166156536256677,0.2014383356377869,0.1186677542574735,0.9734871813990942,0.4582818378892137,0.4028591532889671,0.2586708263695186,0.1384111547420162,0.4861103359863069,0.4125565083527732,0.3787571209976258,0.1057384884387727,0.656575473894292,0.31222230292832387,0.5508647141245462,0.3288687579658106,0.5795713422334314,0.3047709607901717,0.1575243907938749,0.4203930852549906,0.6279968064902796,0.613327430727058,0.29399273516565294,0.2232350400274531,0.7049182020358056,0.21670094275997923,0.6215722790714351,0.7884570116143552,0.2091277253658512,0.6889724669996808,0.1968041963368106,0.3149485193832727,0.4075552037423662,0.5850856872095775,0.2950646440294368,0.3234139512682784,0.34529227400100193,0.6458131198870166,0.0814378727168186,0.6465143465712866,0.7193668165015739,0.5155137693523956,0.2321400799822727
TARGET-20-PARPWL-09A,0.3166267998872671,0.30343620874432187,0.2275113201001131,0.10817850279984452,0.27928147946360515,0.3985133417195259,0.6536195575319339,0.2576047585718869,0.3916564003366899,0.32592209413064654,0.3205218670543223,0.3403844497650418,0.5991631409618039,1.0,0.2063503521665979,0.2094161283712415,0.2098629107426165,0.3844370323885378,0.2372256220117991,0.8899730728621857,0.41934865001736826,0.17843060000886127,0.1645064324059047,0.5019771076963413,0.4295495382411373,0.22772925187582627,0.322029576003391,0.3809125590343463,0.4424300863109693,0.3355030069757795,0.4341849881738467,0.2744892431274202,0.4337292086129895,0.40736201085733437,0.15929777857711694,0.327924966555396,0.7081152524320372,0.7884816195438036,0.5958478481949561,0.3725088142154765,0.2494524098968625,0.2545440988475166,0.2757125954683419,0.3559580860475282,0.4254412864824757,0.297695935249795,0.593631204147619,0.3236073403771559,0.5911122397653363,0.4063923116625692,0.6108013407693242,0.4355211891651636,0.6833059412294923,0.2170757173873911,0.3733600241693537,0.3328294766936225,0.26690231013631244,1.0,0.6483907411033584,0.37615218885103097,0.3677837357841013,0.408930661485332,0.948692849878524,0.19408260709619382,0.7136189713385601,0.7253607807490906,0.3613329452319471,0.4576026500286747,0.21312789579844474,0.307765563986678,0.1859130226840612,0.5775153309754022,0.3032789333946913,0.6463107425150756,0.5411778873274845,0.1953714694966687,0.1368933007621464,0.2825304694736525,0.1348150944110701,0.35636352401166493,0.25154701851702843,0.3762140827184102,0.20161431720613016,0.6191501933369026,0.7153540126937139,0.375735927803753,0.2946159533038861,0.6317015010047762,0.3654442938510363,0.23175484176457947,0.6076040942545216,0.3171387945323319,0.7655814606731526,0.8947552132129165,0.7596989453172586,0.3993342093566186,0.7343520266333936,0.3117001905238662,0.38732739488053,0.21583492278987562
TARGET-20-PAPVZK-09A,0.3233588640549689,0.6213663889899863,0.3557501667413557,0.17181103148828455,0.4313282152180326,0.1235458695218297,0.381075617278434,0.0848523299505781,0.1812519182804457,0.26714343745524627,0.1921192572507817,0.5977827549744589,0.7040204941094208,0.2545409591320939,0.0578590559398804,0.0369440808800023,0.21524673975786046,0.1266295626613989,0.0765791712790981,0.4183359626113767,0.0516575779562152,0.0947968020361613,0.0566119535939007,0.7316843562158861,0.0317909791093814,0.1676847340889038,0.21028036626760063,0.6117895605975865,0.2579453012900221,0.3628583246867284,0.4676440931108055,0.2077208890163558,0.0891990241786212,0.21349528731869044,0.22153625384907333,0.1448476006492055,0.2713483664844989,0.2007008676967066,0.8356783894750319,0.3802842396531827,0.397030424911806,0.1699635324698919,0.1347060621954971,0.0875637776805476,0.255436658640888,0.0613322446642594,0.4657656360868094,0.2248096892399414,0.8379516396634688,0.425702107835505,0.2557176729855225,0.2311481340870947,0.8054922075476318,0.1842213987979774,0.2752266520285858,0.4989044951889332,0.1118777702805954,0.15201618487522953,0.3113282915927889,0.1254643002816127,0.6995386847699339,0.2813817945475434,0.7693296961063409,0.0819885679910036,0.1455533603271768,0.1336051834833411,0.14920165952410597,0.3157419157374468,0.329796210906276,0.1778270535916247,0.1046361042978376,0.4228858400027557,0.1187826782463567,0.7022852710208782,0.3424823847288687,0.15994849608882816,0.0241499888982845,0.0859070519319775,0.2934871947103248,0.2937876646386283,0.16661140751852319,0.33056933532423033,0.1627108156547567,0.6884323218495727,0.4315836120852561,0.3331105841974467,0.1866271531798114,0.1714337912645403,0.2607223615425931,0.19374733190269514,0.6172565226214786,0.7091139646932458,0.2119933972825273,0.1033432716135654,0.5987505925314588,0.025812630894631,0.6477306472650626,0.20258948801793622,0.2257727341598212,0.0923444050151644
TARGET-20-PANZXI-09A,0.2852082566736165,0.6705108350454485,0.565070401788957,0.33258104193992477,0.3195383592610893,0.4943511484684791,0.5855493624354571,0.3461684624179086,0.335829143602283,0.7552980426786511,0.1858139625726897,0.6140808311369327,0.1567692852828137,0.3141768412809271,0.2959484520586753,0.2814127330786637,0.23870015012116216,0.5166052721083826,0.24249313675318485,0.4274195101906078,0.2053658278819306,0.40876452314779577,0.2927962388224021,0.758297011029613,0.154519152484674,0.3975212336292065,0.2918650097708309,0.3394468014431362,0.4792118926405892,0.744778748408798,0.6591478295370613,0.23629908529126634,0.6794523123633341,0.617524033709556,0.3660770145744431,0.423400576370802,0.30136205352340245,0.2617000569402388,0.561971665285868,0.29850277655718455,0.5842181631500376,0.1811765484725333,0.24421089190456727,0.22701541503791833,0.3152823924007519,0.3421700406507098,0.3289429941377072,0.38947704956035434,0.5593260331174723,0.4976649202661913,0.8547545522133178,0.2262701459759868,0.6634194349168283,0.23582976474560574,0.5122714047790105,0.1868435734281976,0.21296438542844578,0.2175075904662729,0.5705656192315988,0.20613624667478297,0.2077447576241747,0.5214488836572503,0.6539573620835109,0.2597879241328866,0.2132334611251145,0.2000558436691699,0.2459042942406256,0.1303373437178384,0.185433180839952,0.230952678676157,0.19716318617457088,0.4147679294980613,0.3825012329632522,0.7139142393204272,0.3862067823856764,0.4335493276604737,0.1839567859804128,0.2802472406578954,0.3805203588898491,0.542408410476826,0.2523367600372104,0.33544061880503745,0.22217403902712676,0.5917484776589279,0.5441280025429129,0.27030793151381405,0.16847141678336763,0.36260110641637566,0.4453977776631632,0.30011836139635495,0.8374789867763879,0.2719333826264455,0.25445466061307287,0.31981483659818133,0.1935568558733011,0.3654954728505963,0.8869124069841481,0.27063160104389544,0.2648163318950386,0.0996480099593717
TARGET-20-PAPWIU-09A,0.1091084725400618,0.23283482914547018,0.238724796832721,0.2792682476358433,0.1509421941245597,0.2994383006825505,0.7724316531841491,0.307589343265278,0.0636543832054439,0.1431621762402092,0.2148127615867098,0.2628839739313203,0.6918021034997714,0.4141580629073492,0.0958898664463562,0.0340355844390236,0.20512196393691862,0.2098632902752324,0.0705503233063524,0.3690489185204974,0.2902646757859629,0.087333734752558,0.13121618852385986,0.8629567737591488,0.0777960088378459,0.1859993486478866,0.1243821104734304,0.5101194513679674,0.2795922081160747,0.4951901744182495,0.3096300168959912,0.200453081694416,0.267075594077758,0.3109058288992096,0.18697273848920748,0.1850609814842408,0.24737612904283943,0.1247213325823483,0.8656342752340067,0.1193450612080846,0.2978551458501299,0.0411149245759416,0.16103509374972222,0.1029237153877051,0.2389257557306572,0.0801751302297829,0.4805575289569999,0.5055714138045672,0.8679587447605899,0.552432035344572,0.1905608010830951,0.2733732349492033,0.7490369001591607,0.0538901396525685,0.33859269868943,0.6495296971372782,0.20284156062271122,0.0681834533020565,0.2715893115441058,0.061906088504706,0.2452511088515088,0.2230514642718594,0.5917656175152155,0.0755338544747214,0.2810912378090938,0.0771565901499188,0.0466096718395425,0.4315666292407979,0.1035003423036926,0.2651537160975978,0.0963984183221967,0.5140914116564961,0.1094312750255919,0.3685829070658374,0.1288479350807873,0.1541901024789789,0.14599812331350345,0.1201945911945831,0.2688082161019882,0.2730872439865504,0.19880069462756272,0.3178473703301163,0.0802841137438079,0.6432516222582744,0.4361443346303923,0.1622074801408164,0.2195305667781149,0.1969060363679107,0.3440721134142447,0.2232999814755843,0.5487475167537863,0.8766426807170795,0.2222692572521509,0.178639954723044,0.2986476970206192,0.0446199074434397,0.7063020709062866,0.2871826830608003,0.1181161679743498,0.115199438780704
TARGET-20-PACDZR-09A,0.1801575801112773,0.22287448264928425,0.2035160876103825,0.2221680461747363,0.1465393753058808,0.3144527736813668,0.6399911997817662,0.1083002609339421,0.2084578117267214,0.3081346628633575,0.1153395194076613,0.3720214742574889,0.5606181965276389,0.23236936907565,0.0277158508596815,0.1080544828518429,0.19574507965003163,0.1140080962794238,0.0684924474889334,0.3814942803350852,0.1942309575309688,0.0847863051679797,0.050633758422958,0.7914953004284799,0.0783902615279849,0.0731499343929533,0.1255331054820783,0.5762063333498701,0.0860232523417239,0.4296041304151482,0.396158287335599,0.1349034264675445,0.16616270310404302,0.19329748179623601,0.0342834566916103,0.2196084021176434,0.186832991750726,0.0455847263814302,0.8790971979511117,0.116060328463996,0.259685126430679,0.1308247020578098,0.125621416258446,0.0792646991423061,0.3567861225290527,0.0671289509709247,0.4324796674558102,0.1722389267116153,0.8812137522859751,0.4946656927750974,0.280209804998326,0.2580302443595003,0.7665875659731751,0.15377164890252504,0.4147076469000824,0.6478311683930299,0.1000635313510392,0.124413178265173,0.2100853228410462,0.0601003555680667,0.2172329447143411,0.1424970422800815,0.6195541024335589,0.0733306145002566,0.1577103029791903,0.0187354179019093,0.19903847455635856,0.2658212261913744,0.0535522121587628,0.2423765948539942,0.249357504918418,0.348517892283005,0.1996773713884847,0.3695661373561703,0.1257531642359808,0.0797796499697283,0.0215997616433537,0.0777649937675471,0.3121506328659831,0.2659431955329496,0.17036663503000454,0.1998373208653149,0.0779423138986268,0.4788760485298162,0.3378665115291226,0.1114277091531469,0.02801808853582,0.1963561287262815,0.3177683405063121,0.2342591330408904,0.5331580485862699,0.6886073467240637,0.16847383252301168,0.092430271653497,0.2008094580514089,0.092793038278521,0.5166085059034708,0.0697346470454584,0.0611146006472364,0.1731261652377325
TARGET-20-PASJTM-09A,0.2439906306452949,0.330056254015254,0.4362371528763007,0.2740988596047454,0.3610274353001365,0.2204237974168788,0.3896390431781202,0.2105219083136059,0.19508364294305594,0.32842659192245477,0.1379306597514714,0.7989664082726429,0.6740398176781666,0.1546522828739958,0.170989561036999,0.2326594579840747,0.0653930702089795,0.2807924882892242,0.12934078396967197,0.1655173781003961,0.15140163392962477,0.289771168161867,0.2712838110959203,0.6480812374521754,0.1147003613257091,0.1956782238340492,0.6439017982876014,0.4168386590529984,0.685135098506116,0.4205714394288102,0.3534062873086951,0.25013055648708826,0.2701350806927112,0.21165952657248202,0.18550124722870448,0.7564585803959744,0.28263030516210846,0.1838858075873417,0.4198482199058337,0.4594797135188141,0.3839807140573088,0.7813090832472436,0.2131027750290539,0.4003181719287114,0.5135452726927694,0.8900638550527855,0.4685925382857598,0.0512866540178547,0.4205672051145523,0.8022502226580983,0.5462899286045808,0.2564262438690385,0.4510860483522296,0.0987429160218998,0.447547496965782,0.5509055663362252,0.1965270262590401,0.1770725440935553,0.3607482358430157,0.1607702170473443,0.7189919171549124,0.3303415120308454,0.1271738564228386,0.196161548429931,0.09739478461057127,0.7967118085786562,0.1210453969738227,0.4220466903523969,0.1010718878879878,0.6476679539796537,0.2949011660161806,0.4676086323135906,0.1067098170362793,0.7672684427814369,0.1620482983390834,0.213412907799989,0.279182399797507,0.1661013862467083,0.5906105816756231,0.1883792166918813,0.0876369176440118,0.3280507193381113,0.18383745059649095,0.4798270168678003,0.7398928677275598,0.0595482120674079,0.6074011960233339,0.22216444969480173,0.3128242574672423,0.24858213409665106,0.6887467029024594,0.2018575480270595,0.3291830553919025,0.220832567027586,0.4226930109276169,0.3832600347982728,0.7851599590688183,0.2813050095217006,0.5601505079853836,0.7760680044083871
TARGET-20-PASTPU-09A,0.115620121212877,0.3596856614385737,0.2439662882204614,0.1407387095919151,0.37511751399969273,0.7844083871654364,0.7260636086882117,0.17942396892726833,0.21204521505463414,0.3738307103014039,0.5716162617509142,0.2790825684687912,0.7545985111551707,0.168939843853456,0.24776363790029124,0.09655642987172,0.28374584679122755,0.3035396163088943,0.14994065678467017,0.2359899667677789,0.2348127741349111,0.2908400782142529,0.2037775739209171,0.8434622164988035,0.18696483790521817,0.2503539661407335,0.4371090872721438,0.5144340713738391,0.5276509751486348,0.5786914442097416,0.26660359526527727,0.27185825654713813,0.28506113230462354,0.2688222693583263,0.2352847226498734,0.597613999120177,0.290566321800317,0.1811709738762625,0.7936662962485359,0.126299362206611,0.2593773382581145,0.1690550765632122,0.2337425915188379,0.1970135511121427,0.1695343231689706,0.1194198982174372,0.598913141031514,0.4629939272638829,0.7930881130368364,0.370993002458331,0.8585993564522654,0.4219154232225855,0.658395068458759,0.2618040662062141,0.1841019294234656,0.6406170865513293,0.2356584992643928,0.22171155872734039,0.3429531915020057,0.2808724657090626,0.5358395194225278,0.1234422920414206,0.600064081319605,0.15035321446260252,0.1963506607465724,1.0,0.16704666662570763,0.210878249032849,0.22290450434626644,0.6085821325929742,0.3356183751122531,0.2186027131068122,0.32065029262351197,0.7095310504135275,0.1926416812725611,0.2331290728467125,0.1430454672427385,0.0852863627214641,0.405763150898695,0.3250230081761088,0.3075100216955244,1.0,0.23170904384573107,0.6539526005263995,0.5358131518528169,0.2251575161855441,0.3462515750973096,0.2912614331857935,0.5042252979019257,0.3376203583183182,0.5476987279035317,0.3976575421186129,0.1230093989973022,0.38425623256606467,0.450496337301057,0.1155281172788926,0.5149648175828628,0.19464811143248634,0.3058217573304342,0.0917583595668569
TARGET-20-PARMME-09A,0.383214452620058,0.3175096799312316,0.4401627005083354,0.22314310008443508,0.6335000945109853,0.2687804038277089,0.4112520342409644,0.140554216174716,0.1530480137583382,0.2598321076634197,0.1981766646061673,0.5763255424486843,0.8313781397372626,0.1999175917114298,0.0372139614443018,0.2114614667324131,0.21655352175951212,0.1502268931942278,0.15058885341005726,0.2304216325639602,0.0620359947600497,0.3399298909133169,0.1253995192547179,0.6189833538367762,0.0381780387597353,0.1811630598259393,0.2001395078775128,0.516285502597583,0.4081376752923404,0.4439999097348696,0.2721474790994106,0.30294392597256403,0.10711981504895,0.20102971550617707,0.1482098105643202,0.5084535866337013,0.0982181226163466,0.1128950911729547,0.6301694173977728,0.580832782968117,0.3176414059144474,0.4180675006422957,0.13934097413905572,0.1840663806938855,0.35188075578556954,0.9754220240331022,0.5007910114819325,0.0685587380739205,0.631070790060904,0.3882274166830155,0.1784585475493252,0.1411021089400358,0.7895744335127636,0.10927278276017585,0.383803776679509,0.7079629347971004,0.20688858623110087,0.163937525957705,0.1476839955657493,0.0806965056285689,0.4640053437748624,0.3195488785457004,0.7435136185005464,0.1752338247334886,0.1356851123928261,0.0647868131571153,0.10520771306229036,0.0981139322572955,0.1851828009092013,0.4881896669799361,0.22481734614739377,0.5875643130830082,0.14264705967286,0.5186760935416296,0.17417078528899288,0.2758769141627795,0.0290019130594756,0.0391879883935708,0.4431538876449539,0.3451463281139516,0.3747285428096187,0.28699767562195155,0.1046528312981584,0.5609079098202452,0.3790084282022701,0.0796025857424507,0.2746388531248448,0.1338308880688978,0.4579130374737218,0.24280195434871873,0.4797554183717312,0.6454337278665073,0.2439801797882816,0.2289127252437205,0.2733860476391947,0.10148745441361565,0.6719145053469617,0.0936324300350744,0.2113334345694374,0.4258806234587534
TARGET-20-PALBYP-09A,0.3682724886764291,0.3137558307671403,0.0820933462035933,0.2536422300011925,0.1919794065706525,0.2104832821834365,0.1699351913592768,0.0532501644907075,0.0809603357383134,0.3000671069645112,0.2005303543163087,0.4943651228704688,0.5235121140142116,0.3653679310991094,0.0363101902784543,0.16778616476609992,0.1791164637723523,0.23102138653398965,0.16360999320301445,0.2597024488848995,0.17816791838507373,0.22188919517349345,0.19804973078040736,0.6294000208853321,0.0962356447731224,0.0958328160341063,0.3754903227189829,0.3680560091009266,0.3762831984897717,0.8271755860873503,0.1807302231597737,0.2659014839129909,0.27146039926798654,0.29152813095053975,0.15404880436625148,0.2666896915032339,0.416148176785699,0.0597199810707897,0.644773993813839,0.0808984852749221,0.1667286722034897,0.0901137269221084,0.1114372118750708,0.0389736666489544,0.3139381463360325,0.9126378343984174,0.5970828921644808,0.2552275822929921,0.6435793847691453,0.3716028964880029,0.7476353164227134,0.3130080282674448,0.6301819576208879,0.1266448764429925,0.3360409506629859,0.4920672208772258,0.1642790710183851,0.18967786504129372,0.2872423413493838,0.20645355697227646,0.5347278894961296,0.1022572962400843,0.4545249385781136,0.14205947677522462,0.1328033404830852,0.3550612036440116,0.24554457735525134,0.4172218751887611,0.2738488480788858,0.2304781905372397,0.23510683753182504,0.5885902178172124,0.33495490170166264,0.2017864974869737,0.14828644696015536,0.25358818897952,0.4309772419164432,0.24185870884624652,0.2721847582241875,0.2416098651277407,0.1571571576186985,0.2881595576367201,0.21778949724704352,0.5592652171226,0.5017367384131807,0.17163019060909218,0.1400493128542612,0.2412755479831615,0.2769618729093722,0.24693065747505422,0.3873762261203854,0.4207494017069267,0.2394793341468488,0.28754261928317104,0.1524087560770439,0.0302457670953624,0.6432552774398399,0.0913584907077446,0.1479379569306796,0.11233424044672598
TARGET-20-PAPUNR-09A,0.1940781732158933,0.31251193350480055,0.3514298155024841,0.1884838411334372,0.2299875953563516,0.2396777468346808,0.4939958523571031,0.13433475202634212,0.14584326590563962,0.3206669578119338,0.2872093877012123,0.6248253349843815,0.4400942681172046,0.228815337140421,0.1096946807229994,0.0518593377224894,0.19764571725055852,0.2400763237593868,0.14831640997521625,0.1530586739952293,0.1828619790645617,0.2870788624134735,0.0794676264945371,0.6776260502464193,0.1125364677621743,0.1148058498024391,0.261229395890651,0.3629017734611868,0.6411099732186317,0.5107276879168046,0.2031582153737848,0.2560468465160192,0.2040962944053413,0.22408416196270206,0.1518915099625024,0.3430870272214037,0.1148058498024391,0.0715433758575716,0.6083768172608695,0.0969148120035639,0.1125997931379006,0.14697134228433595,0.16139455772788044,0.0466896946653199,0.3328302493609049,0.7321096029794129,0.5514711515727038,0.1460724296046668,0.6038855264424505,0.1756382296384475,0.6680053027142945,0.1960161713871439,0.6774093310379439,0.0821113254911641,0.1767359229215086,0.6787333538127003,0.16248548137995317,0.13871035173717353,0.0977291700909761,0.18220358168395984,0.7585568182116511,0.1992655797046403,0.6699561050270311,0.17381032648454298,0.18851229269313227,0.3741900525413093,0.1183871539563031,0.008331917231954,0.24521074949054134,0.2307757748353157,0.1468803375667264,0.2578295908672381,0.2848993146460584,0.7584090649948549,0.1238298007417791,0.1252109190216596,0.0617919760893677,0.1433478807019253,0.2244526390288067,0.27081150184348884,0.1328364489565145,0.3515283835353516,0.20567854366717503,0.5972632650445032,0.543691138033927,0.21570306134505526,0.6445537418018399,0.2851423979726152,0.3070603110847064,0.1813319755844205,0.3593035981112897,0.4203226670283605,0.2422591190299534,0.23136753542049582,0.3507410073308987,0.132864953987177,0.4449715648500633,0.19509412907759938,0.241881320528554,0.1055281649951783
TARGET-20-PANTNA-09A,0.4067969140777562,0.24714316295441535,0.500319157926321,0.21043625245371986,0.4131727550125131,0.0514531314707444,0.4065864372820227,0.2615953503490696,0.1950492697175434,0.35000517748869797,0.165804291962616,0.4181952330460773,0.541900577376039,0.3720807092665602,0.634204702465844,0.3771167955607796,0.27191334961087993,0.3448735958133558,0.2674325638800522,0.3314713050465657,0.20339562880295775,0.4093832413389466,0.21162775619507582,0.6109464358885652,0.0439271248506972,0.1713796223737155,0.1019674467854396,0.4851747636444594,0.3306331043000805,0.6278572166949351,0.4132467273524864,0.3061077785392412,0.1232505818135809,0.1755514115297544,0.0529640827632735,0.2032742327108638,0.2062487291148442,0.29837199582347623,0.8179457235234886,0.5133010206008597,0.5127022622452135,0.4247332332449241,0.5083636136030293,0.1161562438124869,0.5941452941717553,0.5652928732535997,0.3880755617041795,0.1876823815598206,0.8185339235830509,0.4083549015118513,0.2141460134219469,0.1542654366415045,0.7349056505136353,0.1475130105097493,0.460932583124847,0.6535853793702655,0.1545868960570358,0.19469835232504387,0.4243855153695328,0.1694549975762945,0.3391696390331762,0.3006211611522357,0.7331280974562144,0.2863234555878876,0.2230883705904406,0.1065200472482517,0.2194237011719928,0.489726609328324,0.2611128962587225,0.1477771206464291,0.20209284548150808,0.4887138643559718,0.27709749310350207,0.6632622943121564,0.1221629253367147,0.224941437774805,0.206212055009522,0.1415269335876054,0.4216325717056169,0.1541973378960063,0.18431145129950083,0.3454281561067004,0.23800904249135593,0.5630017025338627,0.5672919736009573,0.091589637287361,0.5530209334006279,0.2210086777135307,0.2614595295063456,0.2848626529679588,0.6415692527975989,0.7738525253093198,0.4804331563972484,0.2606102960785431,0.7201665118360768,0.1119510338246333,0.5566344205552973,0.1077321826327729,0.2875644204748583,0.4513436748775778
TARGET-20-PADZKD-09A,0.2154316676410084,0.28424364088667853,0.3742868239780282,0.1389462960567269,0.1601828382804293,0.0364063054608031,0.5942149236422001,0.1172622880343421,0.1263016868575258,0.2840816760215391,0.2550314116659254,0.4835099681884545,0.6330794266711419,0.4550922054542289,0.491648365611542,0.0675326899949098,0.25980229735224836,0.12397357898258,0.18919717106943992,0.303195196803731,0.1332919072768913,0.0926802846045201,0.1838447054024909,0.7593672175012116,0.10229278695995406,0.1653471277884659,0.21128518489136514,0.5625310399768013,0.2541432729117372,0.4213284568771928,0.3234712905941611,0.24170470827430546,0.0872074876973861,0.29009929323728284,0.4205097743817832,0.2391830431458226,0.2404991646232482,0.2518042828677411,0.8883131515098373,0.1262051974125649,0.2174193672931139,0.0613723632235628,0.1675337228375538,0.0325186573578,0.3204771627813756,0.6788921180347718,0.4356207805908245,0.19657543430542537,0.8899440879859419,0.4060359963307898,0.3671340805017535,0.1828792259292221,0.7671712514950952,0.106927680394599,0.3361001329467067,0.5494884456677771,0.20298787695048295,0.17840166465911717,0.2822700197175775,0.3319867888924785,0.459899688803476,0.233347647728157,0.6348845537844219,0.19565068954737946,0.142795856522907,0.1397414048775025,0.1932486868344084,0.3917835860074536,0.0585381596030462,0.2301917832187243,0.1022999058821893,0.4184885067079384,0.1888754840534895,0.7150952464095157,0.2811799773161613,0.1951068394356667,0.0441454672792028,0.0596502739601496,0.289325558235009,0.3632341432277415,0.19562337334882965,0.2184430579408808,0.1824126903240273,0.634770623862083,0.3331159213415881,0.1211676394252605,0.2315059574928055,0.1771616781388884,0.3828778693952165,0.24747045328681386,0.616641027232032,0.7722156734181376,0.0460145983455849,0.2666563614206116,0.6593314838847263,0.025236315216554,0.6184896236489088,0.2500784558137197,0.2224086214698531,0.1287394798090661
TARGET-20-PANBWF-09A,0.5339789992797602,0.2127508953809809,0.4109134497093712,0.0830464823798216,0.40211991245738454,0.2975177144131887,0.6413314568252011,0.0700862190172078,0.1927134059153351,0.3036984995475578,0.2850440605582272,0.612217886865852,0.6166481807233857,0.3062596062473621,0.2903671057785198,0.056975595948344,0.19728212878380355,0.1045933242836023,0.1578943584399891,0.4095497153835779,0.19326499040398326,0.2757918662702844,0.2171590758082159,0.7833799799062156,0.1982901762259459,0.1174970431174262,0.2058280828545649,0.4210564436201875,0.7919153308624166,0.5781085571484743,0.2828737792058288,0.2838379737966457,0.2788640200055713,0.26271660032954863,0.13433718405515938,0.3383007920203318,0.23267993910933596,0.1955046862070067,0.7621297835128602,0.4306310619641731,0.3516028093745865,0.0912374096986241,0.21444291780863456,0.1275876906174573,0.3073372975541543,0.8248172282093306,0.6107442134712353,0.3157332949002586,0.765176046064342,0.2059718991760835,0.254672295463308,0.16512079579669,0.7258458986896338,0.18237577031625982,0.2192840748286083,0.6225426181710024,0.18769527564312607,0.2838967951300276,0.2625948864428012,0.1036308423528201,0.8982684416510056,0.2612130807570662,0.7829714643639512,0.1745293089531794,0.1682855340156213,0.2340203189144291,0.17280887143607293,0.28758680638193,0.2296757985599095,0.3727510163612352,0.1613710304350655,0.4720743642121976,0.2989753769901157,0.704643609654563,0.18553939361569344,0.4226239140884951,0.1800648735254743,0.20737994469070728,0.3386119015967608,0.3112575968210332,0.4864669409131166,0.32555949397073003,0.2539600573316943,0.861563965845644,0.5725499791851336,0.1848797831710972,0.5073127963184555,0.171866272961587,0.4444779269583054,0.2135007787915232,0.375828617672868,0.5242462523452214,0.7481389582442228,0.1593772086673198,0.2864182562868068,0.0398085428892702,0.4452660478495538,0.3644190696058558,0.6677547078209456,0.1278755490026937
TARGET-20-PAPWHS-09A,0.4203671534542039,0.1479218387789733,0.4821434647117966,0.1073317057435582,0.326567613411159,0.1770459285025127,0.4676210467076207,0.0487296768905538,0.1711943968137987,0.2785687319527394,0.2024105229917501,0.7207355423804462,0.7195639186548006,0.3422385372718763,0.28760827482866674,0.1956041308535633,0.20390917580230014,0.1899152001328737,0.22445568719303532,0.3971700143587522,0.21456562966628062,0.1016479436111924,0.15394811351185997,0.8407450580772777,0.1683205181872684,0.0876974222618376,0.079129346765534,0.8043718576952275,0.6590757984109755,0.4555860752816122,0.2838583901032209,0.1617319667293194,0.2892332788720667,0.31133592126725823,0.2029484489669725,0.277766041291601,0.0876974222618376,0.1427207431256026,0.8065370773052973,0.1376128082523601,0.5150256686629529,0.02550398325008,0.2176603839248172,0.1926985707419004,0.6908496746605723,0.674900646691707,0.6461284860872212,0.3572049907583579,0.8082460357152974,0.4256119860098215,0.2890815636738723,0.2161175561213462,0.8651002092424065,0.0627228629592429,0.3621233516062446,0.6634156773638831,0.19763114556770803,0.2604085846811813,0.4470082028688787,0.0720526450786135,0.6518618015970852,0.1967495799383588,0.8445896911086086,0.2295900540843685,0.3112943596493567,0.0586585239835616,0.1455336142391389,0.5409461737633295,0.1676660610259158,0.3358799805584062,0.1121983505868078,0.6177032766810049,0.2609208628711038,0.5320564311614593,0.5161692998271861,0.2087583040704217,0.2729476771153182,0.1148174533263114,0.2056693862993833,0.5305801625686589,0.1826698022954493,0.2395794071045415,0.20472820636245148,0.6932082577815686,0.6660443695439295,0.3151522931887859,0.6196122308675904,0.1194955023575407,0.3905636909217616,0.1385151267097045,0.6550613225110116,0.5828503127324017,0.4903146685193764,0.4304952622233549,0.336377538001993,0.0908232254819224,0.421995335527436,0.1554058573688417,0.2846420935549882,0.0408640132107725
TARGET-20-PASXVC-09A,0.1721305124576529,0.2332628678395122,0.2873496251116587,0.0330379207645691,0.3554654050633181,0.1129456880082896,0.3709146912175984,0.0278820111848754,0.0811426657885693,0.22085905372846268,0.3172163805766325,0.5731940382331723,0.7095806071193502,0.18356168329682065,0.081052271155451,0.1531744438549895,0.18908977876164929,0.114677490478107,0.1294878102188772,0.2361091378175895,0.2313563149122729,0.22254551085340493,0.1717097123525998,0.6430747429171035,0.068972970655209,0.11274690923147096,0.397422339076704,0.3380660811932199,0.515110395739898,0.4395026862369848,0.3538515558055069,0.0925393475402445,0.1047537084478739,0.0779490679686546,0.1359955963961613,0.5141956883316693,0.196915783760103,0.0598544759076826,0.6285166727562603,0.0810806760323009,0.1824584116391582,0.1929996002266726,0.1845599618897202,0.0204067765764626,0.330619715894929,0.7499381147289751,0.4883045963169299,0.1238591604741578,0.6268849571164075,0.1341996904227811,0.254431337547913,0.1352645296259743,0.6342691763609338,0.0686958127771744,0.2191826157700336,0.6289726126865015,0.14441984915718686,0.1251436655067662,0.1831495994946154,0.14701778171415328,0.5912293593317781,0.0554672899126002,0.65385751160585,0.050302408161675,0.2236064811601245,0.4631634736954305,0.1920371869628648,0.2860719275720897,0.0367350696885442,0.5420736615407541,0.4338334234118032,0.2328051598808433,0.1932605293209654,0.6747343624915532,0.11445747359011733,0.1047537084478739,0.123090455898695,0.2707689957561053,0.3408182398214907,0.0684673433696897,0.1357910369955187,0.2925680506189761,0.19363016601200145,0.5823691727040686,0.5354415403111721,0.0406680117233171,0.3500859014707395,0.0683726046605721,0.3793511722434833,0.0792552004986324,0.2405822051402664,0.3167620885447129,0.2256830146960719,0.20554161466215176,0.3828993116572603,0.0436466077486295,0.446102828468383,0.2959471897473432,0.3679870707340261,0.2490383611429957
TARGET-20-PANWHP-09A,0.5057928069049251,0.2853901300454105,0.4249302479060384,0.2089016389310548,0.8031908141217796,0.3778959539351325,0.4595105750503656,0.17846814706038758,0.142939260570186,0.35626845408515845,0.3450859109957682,0.63320663993803,0.5877432903459208,0.1337233716504261,0.2797199808032686,0.11500126131393648,0.27138846701522634,0.3324729957110189,0.1584244562365836,0.303191783598521,0.20834259960167797,0.4760867018309103,0.16556811999065868,0.7843712106517731,0.16592456111921977,0.1499836435643306,0.1526666701160167,0.62165415611585,0.416413357243909,0.5475833567655487,0.2926814166370559,0.3120344324974785,0.1543943238230571,0.2628373101153407,0.20889162985844054,0.244941653450913,0.1691973203588297,0.21663601712223454,0.8456055545148744,0.4115757836419107,0.1600908091032679,0.2641376644237513,0.1064817399147551,0.1982808125260968,0.134193928368331,0.0736895841331053,0.5799298517148048,0.392343139922151,0.8475747293401357,0.3702158871134011,0.7002674986864856,0.5884641344657727,0.7474829607510257,0.16497201403123465,0.2694234366225684,0.7572902376932478,0.24984928422933786,0.3628165317520215,0.0790170160339501,0.6819214062473076,0.615036308028055,0.2315389524680733,0.6683348901298416,0.20291998896868535,0.301501794700264,0.5015845820577038,0.1046644660220892,0.321898735492363,0.60762369003955,0.2643809822967043,0.3182245589214173,0.6382306987337221,0.34858427723184715,0.4090812828836098,0.2683775997659515,0.184531990439403,0.0499606981301263,0.0675079348883989,0.2336863114137189,0.3837710820458045,0.1074023222270162,0.46222788138763,0.1802821938755535,0.955280920401396,0.4730678450371292,0.2411356487441433,0.2626498150628407,0.27334200144211823,0.286576622873723,0.19793430968326195,0.5474442618494182,0.7961360205283575,0.452367311269871,0.2137931416288041,0.4968533706401724,0.1980353579131177,0.6680387661944467,0.1612976896585838,0.6934294152121389,0.3963186033404896
TARGET-20-PANKCE-09A,0.4691322410570016,0.34180819123821704,0.5035414528429395,0.2633110229912576,0.21008776996942632,0.6925886921595557,0.3773309793009241,0.222877293889683,0.2004867403171323,1.0,0.1109291327786804,0.4687016697570327,0.2802630057206023,0.1875605259147554,0.23435221457026528,0.1071989552855297,0.3755064074124949,0.4364354412911443,0.26348315908594755,0.3945806042872514,0.1498924389937818,0.15185589438297276,0.4934438728796449,0.5584868066867901,0.204580369276047,0.1468284449611715,0.3619177429386833,0.3209522622117815,0.8432688570896416,0.1598412047940373,0.2928032768866906,0.3101916892638361,0.28272129781542626,0.2950377073723667,0.296407504345834,0.4320650067589102,0.22783738491277042,0.3911549285020787,0.6848135609075983,0.3385986813429549,0.3134734809522018,0.19709971671957038,0.2208355159911048,0.14116013808057984,0.4174277895420046,0.922050396293919,0.2586690657798536,0.1656528037308699,0.6877160740877826,0.495228724337416,0.6216133649807871,0.5152710815127735,0.3080744926452054,0.2645804349240103,0.62069131868649,0.5698541428573185,0.3279741579443991,0.22401781798541157,0.5273100661687564,0.43241930327208,0.4609185336436285,0.6722569954831864,0.5916884860071998,0.4020966971453613,0.1272983073742487,0.5938186546441253,0.7776366300227819,0.3806791522124831,0.29144982123075597,0.287814565340457,0.3036178136982038,0.3614657992688808,0.40183163827091006,0.3682726536655324,0.3639448994913096,0.3452343677374515,0.20967609618602762,0.5519035285820205,0.3171017889241791,0.547299694733996,0.2268680252323533,0.33071339909717284,0.25912684249140755,0.5276755642389411,0.7212309094374789,0.1923371386772942,0.4027237472934509,0.28895512663086076,0.2288300138325654,0.3748331389523567,0.4616601759616126,0.5163943374841756,0.4896680890544732,0.6650315674819555,0.5583031688108485,0.2867364529920586,0.405398643982273,0.38004492739757595,1.0,0.1005466072763715
TARGET-20-PASGWH-04A,0.384179067343302,0.3648577948660161,0.1726667118902224,0.2648498049299733,0.3110516403543637,0.2670060571783801,0.1755208159985555,0.6124091773549282,0.0530669673332841,0.119350501054754,0.1210803732771935,0.6437619674521735,0.5519347502258363,0.0496455191300318,0.0819582044155049,0.5399453060699264,0.2240580544387342,0.3335664647033906,0.1573950089119404,0.1884542472326417,0.0751752259977386,0.3014177770750212,0.4494791820628781,0.5232100138139206,0.0462641520139175,0.2163107784895671,0.2292374567921077,0.5830107624938641,0.6609435609457804,0.4189009338060017,0.3570013633027147,0.2716091906830316,0.0685084914356707,0.1848911627354419,0.0796162498668169,0.3655611105284517,0.2163107784895671,0.18968720554911578,0.5747576956021918,0.3653374272205061,0.379688974611044,0.0346133637788113,0.0395319172011036,0.1053447153270557,0.1347319018209566,0.8702361052339571,0.3346789579699711,0.20392976346454206,0.5725603279246259,0.0661219826311518,0.2252249976591243,0.1420648712261133,0.6938579994738262,0.0449267770186232,0.4025712519186422,0.7038646435171866,0.0859266941279736,0.12893001425837158,0.2840558647419784,0.0516094605112703,0.3734402447085624,0.2323004599237649,0.5342672114246358,0.1193147137711106,0.0336946728163965,0.2056836860162058,0.1847081082353323,0.2632596149025852,0.3580276259998742,0.317518319823737,0.2173355140309007,0.0243829439337741,0.0912299452856228,0.6640351521937096,0.0925192366214535,0.0685084914356707,0.1092200893047453,0.3679910923759734,0.6577458007169437,0.17880854787794503,0.1659370231935823,0.1716045807448839,0.22225296883395454,0.5704008237432019,0.6383573015514068,0.18634606586570632,0.0828519477600061,0.0855915616070341,0.2758159917861961,0.0992148304109929,0.5268075589019645,0.3345455502003868,0.2964279126813517,0.2733244285629344,0.5957764805558364,0.0682697816589626,0.5037141095674419,0.0598826326224301,0.3090285092367623,0.0157461548233087
TARGET-20-PAEFGR-09A,0.5054180220492875,0.8106881257736592,0.5505910898053433,0.22443202502313625,0.2887765752330432,0.8515674340652126,0.5204147315141534,0.2670638139307295,0.3415744242705656,0.4477395307911017,0.224660311492834,0.4584932144454061,0.3823730196397168,0.3798587902047238,0.17590350814981265,0.2171057330287007,0.3761164584746004,0.6049907890367175,0.30113906616092995,0.3300649374103592,0.24653831366060888,0.25833031973437787,0.2511613219120419,0.2809043011603969,0.25399194258861446,0.21628215672403797,0.4325808713319336,0.673956453956015,0.44666084770079045,0.3777184159967248,0.5325832878816517,0.27604972330855826,0.5241873412048234,0.3657799776138332,0.3419332916639311,0.4524257419699286,0.46662953793165257,0.9718692964870592,0.3617668818683459,0.4057275357808495,0.4446601016011114,0.20501973474183852,0.1935910306153139,0.7064966303356411,0.30369788865288344,0.3825004947377476,0.4528687469638495,0.5092627496795922,0.3683382496663523,0.2272461465797277,1.0,1.0,0.4913238414590239,0.2119410254798699,0.6146497427322252,0.5217279216507218,0.3622175631651296,0.28889029569916524,0.7283323413814591,1.0,0.2694556475676525,0.7459173802048713,0.5526599593178108,0.4818143456180958,0.295719537580819,0.7279435267595326,0.6353592228902513,0.6962630355803856,0.3045522952034946,0.4455246874860739,0.2692284844817961,0.630816957779019,0.29430980209199814,0.5380018061455087,0.4393063061618442,0.37062857546319344,0.1419199210673861,0.32570190930425763,0.4850172754985822,0.4555175616060468,0.28304805943105954,0.36725284368759736,0.2509212650791124,0.7465693617687874,0.5795833927294458,0.4413011058813194,0.1840911478153339,0.27153856549414296,0.2659746925840356,0.20322764237222504,0.3376036426149389,0.43910413708496054,0.4198467249126865,0.6073074820868527,0.757612162619283,0.2302613664680831,0.6182408277205413,0.26359186653195044,0.4015497690730035,0.19902618038102105
TARGET-20-PASHHH-09A,0.3772943341385087,0.1878736361309782,0.542141713732207,0.1339968226280739,0.31125594404321894,0.4744639103801432,0.6557498154437398,0.3346405629519196,0.0940975731183177,0.41085864181424103,0.1318539963487905,0.9267423319567224,0.6028656228276184,0.0880307110258585,0.0771104897228993,0.3856617909348031,0.0991331532292453,0.5315025578076379,0.1042915486968805,0.2059743567164694,0.1285438515744773,0.1291017535281338,0.21676466403136796,0.5430461017143906,0.2178733195884038,0.5152380255631982,0.250245311451034,0.4904363973087264,0.4959568651677228,0.3836903504927655,0.3002226868826383,0.21522852852517108,0.5619350129517772,0.30731322533972527,0.22799748255980784,0.7849524682555834,0.18101594215098937,0.1757845474378448,0.6630881483395616,0.347178511690765,0.3240502828456256,0.1864011153717152,0.1280798601721951,0.0452978290386883,0.0883404806790157,0.4580686287963692,0.3361929462601647,0.0777484176093807,0.6672758575696389,0.5911192955447298,0.5906944137816288,0.0791542461864178,0.4593281102150746,0.2507330380993506,0.5458806592998297,0.5209455836077814,0.1825915977693665,0.17349452911760516,0.2406218446065561,0.0915131432621034,0.5232319627698194,0.4462174877936167,0.0848218061451921,0.2040189790464514,0.11636955749441023,0.3588134316487414,0.318723208532383,0.4008024309266351,0.1489919009238838,0.6918758384756144,0.2700043991902837,0.2918352931440395,0.5091476145199507,0.8814302417280857,0.1206505106133877,0.5079913887174736,0.2521033883565776,0.4712328171051148,0.7020499414116328,0.28856846662663277,0.2657852250251146,0.37026699221041537,0.118680597985925,0.4321553917842648,0.5840083854383274,0.23567828527257328,0.5684962585367223,0.2597673431717546,0.4096570553847943,0.1759262914043393,0.6938619663221794,0.1929645261502621,0.2017402540829896,0.1407410091276721,0.3336429560716309,0.4659872684252455,0.6573817136551494,0.645440825613691,0.2356710957685034,0.1167579505551356
TARGET-20-PAKIYW-09A,0.7678166523355878,0.2812013137106574,0.3496660054764814,0.23470253688819104,0.3414887199951961,0.332999096472297,0.8544316176572575,0.0926357410875251,0.2057791038406354,0.4214308813687078,0.2253314655204918,0.2044860924763833,0.7939414182956983,0.2320552049932219,0.1112478819818801,0.2805694886241282,0.3525346686551692,0.3997439194347099,0.2749199277148423,0.3481578531008171,0.2452982076648277,0.2758160767248874,0.43560316915051206,0.4546598986425548,0.5399934022300714,0.15912998120268373,0.26464227166052806,0.7714502420088531,0.8342002695824321,0.6251376068316428,0.7715795512556138,0.5414851069372908,0.13885850177310752,0.4561114869143975,0.22282708838313517,0.5665789497964285,0.2783544340719358,0.837321722079517,0.5528190679147842,0.4069396131075548,0.5537663132146199,0.09548069083006962,0.1847817750852733,0.1194082937741242,0.6525311262929572,0.9683661821088124,0.5787515389083553,0.2049503494404781,0.5526864552320085,0.621259793504856,0.5019144890251066,0.3347236514322342,0.513230950242684,0.2832972308044463,0.5921502834035145,0.49427024246667806,0.2280519348120996,0.1508622588284445,0.7616747139802794,0.1369730029026244,0.4937432527081217,0.640201118129917,0.858056503314697,0.3007510088043319,0.0894266375149453,0.4435868313570815,0.2450242483314299,0.5923472904309854,0.34276858273033634,0.5908780760110278,0.3756445747510445,0.8478938432902317,0.5752736470533969,0.5457755707887606,0.2904555221015856,0.1818235204032667,0.4102055059120471,0.0665170865351606,0.4301163057279072,0.5180228078770311,0.17036244458223238,0.3555451707922413,0.1776361002687043,0.4296806902624011,1.0,0.3210249823582799,0.2129994072034544,0.24103429685159708,0.4129164278618207,0.32601646276646756,0.5243521355065295,0.5279001589634845,0.7129662770106134,0.2998947725432693,0.532033907049532,0.5965235868641057,0.5005371834275242,0.7426364367361108,0.6873736569443057,0.11769864779502112
TARGET-20-PARKUY-09A,0.4197817471633319,0.41808811458849,0.5783838940204646,0.4265461460600794,0.30385991143383045,0.5969982955459269,0.4480648923103589,0.3026198317506647,0.1497778625801489,0.2753151485781554,0.0448552307303867,0.8198736249382126,0.4710627084989354,0.4304319686327135,0.6172664800853936,0.0800852483715081,0.08540703198697,0.2578359862231679,0.22497889747454827,0.2741731953511651,0.15126992940846917,0.7509006452336119,0.0664234311717648,0.6736163062607079,0.0373007073365247,0.0959610699206237,0.0865856325294181,0.8068558536479218,0.5443846617739143,0.5086246464089318,0.7065077535875715,0.1769718216046797,0.2703339178260835,0.2022170048620586,0.0449744379404558,0.4559207361820386,0.2478690789025956,0.2883680023698469,0.5853337880704745,0.0810067524174235,0.842403126504014,0.1064479776950138,0.7029375035750713,0.22256522105647567,0.1406141299602783,0.2995350288887302,0.4327871817143036,0.2165323739823157,0.5873443568518559,0.0420691130968435,0.4811124519720304,0.2260525110356327,0.6968039749475429,0.2228956750909328,0.6368858829081141,0.3187942964440381,0.19398969423099222,0.1763155704645044,0.5660513286642676,0.1305343449550075,0.6323631423133755,0.57816708294522,0.5891957620632966,0.248481314745935,0.0514742593386345,0.3630641258143627,0.1284382452041648,0.5503073579849851,0.1297935325932314,0.5360335106526947,0.19189928718144716,0.324886804848841,0.2668201088436143,0.3546833092560431,0.6622962496849487,0.1046582014395555,0.4024437719946772,0.0382874483253274,0.4238687085608277,0.2419110250387535,0.0609137410155574,0.2621547548804627,0.26687684016257585,0.5711426038808413,0.6010501749231878,0.200889806083122,0.6039212609446336,0.1307554539367795,0.1985456029050213,0.280027029656357,0.773741487398959,0.4431726005924121,0.1020257095650362,0.224021585530269,0.0329509873311512,0.2140637174725775,0.6880599597856432,0.0914807565659811,0.3058068899221893,0.1967988123673495
TARGET-20-PARNNT-09A,0.4099320448375719,0.6719636529120483,0.5928751958054547,0.2622983915602814,0.35528133588052485,0.5745106580091341,0.3762782894286824,0.2402826523484251,0.14529826703864074,0.32007914896563694,0.5419937249914683,0.8499862915267671,0.6507210982381033,0.1326855805208689,0.23856962127559822,0.2189251472052868,0.27638284511150185,0.330353073861173,0.2766476608398245,0.2654919551631705,0.14243517297183939,0.2284232931390613,0.23428832811522987,0.4771674220171591,0.1148471556889076,0.1678842254521872,0.3503117318225647,0.5978527968024674,0.6614419944127441,0.2390805269743885,0.1225537773915321,0.5448880678056294,0.183099887281713,0.2607975004277161,0.0786829355386142,0.7604528235841509,0.22278644684645818,0.302021675922594,0.5237648764373859,0.2494160505537323,0.3007402491203756,0.1625444761573118,0.17323942699374506,0.14565235684300878,0.5410860433417753,0.7494259199547725,0.2955360969174967,0.1171874429373781,0.5209152327372577,0.1236181807180532,0.6675022395013908,0.6712748686528538,0.4198075356412867,0.21429485637887527,0.4316461029752561,0.8930279417725094,0.25119636543382423,0.19393226047972717,0.3186061029909727,0.2691255621529816,0.7173787443486164,0.5425280486018073,0.0974992200073021,0.2163615066179298,0.0900543956725353,0.6611335004625248,0.1038521932452592,0.3887770492602421,0.2476790565972276,0.7481767708542771,0.2147877634195411,0.4888566521570181,0.32288486824074836,0.6325768592367245,0.1703939591796746,0.310702638536891,0.2559060760482762,0.117885285634896,0.6978985900065207,0.2290740925718529,0.160222519486409,0.4130909190008717,0.23360311162532313,0.7427759810718619,0.6311420990131673,0.2590235868156803,0.7423351058838698,0.25644807457861624,0.6565855804650622,0.25469065256612344,0.4407459746812188,0.31430775020455626,0.3414608302255714,0.6123969093766866,0.5494140609903312,0.06783397965755873,0.6075115166295639,0.20846966075121293,0.5214332628411994,0.1906873365387242
TARGET-20-PASBBE-04A,0.493969927402167,0.286974010709395,0.547214975905828,0.235487193174016,0.2436195823068121,0.3478424455142391,0.1902176845781491,0.0897460767654648,0.1364478884829814,0.542243138739658,0.2540311555368014,0.3457843392110972,0.0720541602174429,0.4295194232364239,0.27158191972162,0.2125133962314843,0.679954895879615,0.1339327565666888,0.8917496317188275,0.1952820580905075,0.1020142617307938,0.2794647165161904,0.3256488790346724,0.2726856497247618,0.2112471975451976,0.1939375666624982,0.24938389509699183,0.3223113940045479,0.3371899451877941,0.3116858607928242,0.7177548055160503,0.36333564931590284,0.1761517469208879,0.5994596250092868,0.3359365379088908,0.336841776995965,0.11671106355147151,0.4144128914212497,0.519684248111065,0.2409140772198785,0.2531418149959006,0.12504338909761023,0.1016460314360463,0.12087377597663714,0.37683894692331593,0.1785607189168024,0.2959377800762759,0.1992082059139846,0.5208831062023346,0.0919735784603688,0.4478803965220586,0.1913464754784936,0.3765603077286674,0.1888505301921541,0.6932833072768516,0.42027519726616264,0.5278715900612042,0.10078537447474459,0.5791414272703509,0.24218555653720797,0.1466175568783056,0.7161487095567971,0.62058026829799,0.6666520652217388,0.09592400645572746,0.2067805103964621,0.1765394702542981,0.7702673568066625,0.21828074128508249,0.2068749341827339,0.2636543302730164,0.4399448557983125,0.3528746025513418,0.1399678013132465,0.2599144285742937,0.7817443744805417,0.3767653361020024,0.0644421632980653,0.247650339563858,0.292207367058171,0.3449762216420572,0.3759659932220392,0.19071261413072624,0.1658377851375393,0.6411472747759083,0.3812930681356669,0.2327560996468037,0.267776022560221,0.2851483235149161,0.23008950214501908,0.1906769915797326,0.5587980395055564,0.0929455955727611,0.4331877920185041,0.4474387642629304,0.22622309132006,0.5800579399258912,0.2030078367415597,0.5555957087546216,0.0404871370144986
TARGET-20-PAMVVP-09A,0.4049563018512961,0.2594738577328382,0.4436963516464323,0.0919547379707476,0.1490007711686509,0.207297335419797,0.3413388059432438,0.20885848589253952,0.0628356586498879,0.2565363619515818,0.242785522200224,0.6735099205074773,0.3918054711302825,0.1978184547282381,0.074957995878549,0.1529943256892315,0.16022705923794722,0.1158128731329023,0.1852390035788426,0.282576583314529,0.15623410801181162,0.1618790199192106,0.0966729611827691,0.5026904642989554,0.4438510258197491,0.12684265562628622,0.18997474747477808,0.4043286800268821,0.581344822992393,0.7155245066948748,0.3791591859856588,0.23372730676089112,0.1791917499076129,0.1155424719071694,0.08962427842690045,0.3158283663155536,0.2980651815667188,0.2837253316116676,0.5660913696401901,0.1670051376573675,0.2260478607336517,0.08516745352600848,0.1440962340005483,0.15951941736161127,0.4352551009478416,0.8801700875770939,0.3974898346848876,0.1747125707588073,0.5654055335200909,0.22952967548968,0.3131658935702461,0.2177954905387132,0.7072494652133087,0.0531970030857825,0.5249895537214151,0.2295159642774987,0.1017442807166449,0.1981336872856146,0.1168907410585965,0.16167449982387283,0.752056692803762,0.2426082700584249,0.5436968138902918,0.0745623358090758,0.1710907243186598,0.2291068771186628,0.1697015217091422,0.2559585372116987,0.2182100363160235,0.3380211938979179,0.22128038351290272,0.3100075537993649,0.1080237667363342,0.3727609030871384,0.1070549734042155,0.1523200182035368,0.2403119748070291,0.24107306922205304,0.3075159265269913,0.1014878856669855,0.18070222630226468,0.5404634752019551,0.19157380786486086,0.5381496324662298,0.5371581242713391,0.0602814469051939,0.6769788827298253,0.2285134274137804,0.2694844544655186,0.1707126614006669,0.3299613466844151,0.1712202634696609,0.3470727016503154,0.3766270733021286,0.3003564548663902,0.0440787379005176,0.3461344493372584,0.284148856804688,0.3803853112961857,0.0186447437878204
TARGET-20-PANGJY-09A,0.2494775647902606,0.23513055208305755,0.4450615030635227,0.1818273716618883,0.2177084444270427,0.1257375419406125,0.4533377434853165,0.3890702033734886,0.0918106221324976,0.3780098162219607,0.0507987345044324,0.3439591410864673,1.0,0.6242366390229291,0.1918254896946886,0.7057365699677732,0.0967238173134294,0.1649768809552158,0.18460793659770391,0.3709712475027019,0.23280361247459597,0.18628372426933537,0.1656275568785918,0.8400172561859729,0.2721718807173944,0.3436171696268315,0.249180871023396,0.6055173167170924,0.8376985908908521,0.5635786822788104,0.5765702482375005,0.3085870791450814,0.374759837365735,0.1688217559336871,0.13583160773718078,0.67803104317125,0.3436171696268315,0.1720954382307476,0.7471792327998683,0.1679465899132254,1.0,0.13453764522490222,0.2500583933316829,0.0809099748637167,0.5287247353980056,0.898274056177188,0.8394338315280887,0.1927680853215403,0.7454297160738315,0.807134676459677,0.1073949725922494,0.0911073796310449,0.7376457861193418,0.619791976057866,0.5233082500335526,0.7403646717188141,0.24871869560296492,0.9155604590328332,0.7007704761685571,0.375769366260974,0.631237917149688,0.3182552312674753,0.8803705646018489,0.1994419140473108,0.3575899194778763,0.1033478152356236,0.19905715989044934,0.3825432609363548,0.5575529111237315,0.6802551613900886,0.2607601787221316,0.3845290348127812,0.45284007702469836,0.6896470538660708,0.0850939983409581,0.1185258464190169,0.3091315349417503,0.0793791405139025,0.5852989600796843,0.8607522005794358,0.2068035259581256,0.5435102111591542,0.21075830015284217,0.9135246452593933,0.8826491636418061,0.2238203104565762,0.1545526367447707,0.1480810929156875,0.4401438243885971,0.9963741088684122,1.0000000000000002,0.749497702879301,1.0,0.1373204343040778,0.5001232879225467,0.3598899171641921,0.514427647433588,0.8696395447738032,0.4229831606470907,0.0692264794097655
TARGET-20-PARHJV-09A,0.2952296454003425,0.30919150883705787,0.272304691628516,0.19582246401246176,0.6240018854755554,0.2308519561394557,0.4564568929898127,0.1383316654119037,0.0814739179561696,0.29936998625798766,0.2170910523627554,0.3760384068078862,0.7533764018831692,0.4319041642637748,0.0365405286025723,0.20250084621665368,0.22208559658351348,0.22904855124648893,0.17120751825113506,0.3638941686749837,0.232102915896846,0.39843290632189765,0.1664168933245972,0.7402638466456257,0.037487159741867,0.1953420873741373,0.2246289123898179,0.4795271417349449,0.257409050190989,0.498445761631912,0.4744143178976356,0.1778564381219566,0.21004348180687396,0.2766917382684785,0.1459876676253708,0.2733237338578619,0.1781158871999916,0.3159642533572773,0.8083231974863603,0.31879331258184307,0.5220750858177944,0.389801921163007,0.1508986538974871,0.4146423000710394,0.1974487041329189,0.2048725329294319,0.6242850530554833,0.2776287270486804,0.8082016977895723,0.4773754605105547,0.4800440250067928,0.1601214046099303,0.8768249688539653,0.1273918673499096,0.0829989118796229,0.700202843546155,0.2063195882707531,0.20351151930112613,0.3311881857267398,0.1463409125637216,0.3395761375850076,0.2122140826409999,0.7217711029008367,0.1785558328797626,0.22980570283712756,0.1886369562036744,0.14719563113679054,0.2475869086036349,0.3400066294953747,0.2405585224108465,0.21166859829409743,0.3206529505001163,0.25799644453232323,0.8929898134924501,0.1571745967867104,0.1051813489826075,0.10038148677001829,0.0384788330830016,0.2950862534960842,0.5014118089404406,0.170558710080086,0.33019347437638424,0.17829972320925716,0.5443121278580045,0.4947171998521081,0.1443571186787302,0.1778887456548957,0.2535593145432458,0.371694538888795,0.23376324519564953,0.7080027635896944,0.7380732883616032,0.1432632989838832,0.464332158587825,0.4611476825083563,0.0304376349773807,0.6267550307816798,0.0919380349481408,0.0805733810695931,0.5355460113175904
TARGET-20-PANKBX-09A,0.2174827833590207,0.3844568482547941,0.5928929614544415,0.2386537939830767,0.29311955377415067,0.4925011874345248,0.7692450461536866,0.2490457923609416,0.2729506922189629,0.8515899604640871,0.23502582048741177,0.7267377255922616,0.3936683560750218,0.6747530989956652,0.3234784288771725,0.385650588977787,0.29357589484197966,0.38513158179007845,0.25914989976709385,0.4842379286728259,0.19827578162428552,0.34047639063159935,0.36420408640346774,0.6518707067470351,0.4537232507643303,0.21620127869278152,0.4044112771050666,0.4337244339331458,1.0,0.6529086439681453,0.48138323243061243,0.32091102988850306,0.26186739507908924,0.3462964497072463,0.2100599066294599,0.3742930191551898,0.2747917048968624,0.6740803611441686,0.6903708364306169,0.18761073525342464,0.7026143352925299,0.1303447944287033,0.2820682235000674,0.19248765699605405,0.4518153234758959,0.3800819086883868,0.3241219919429529,0.2686501978819596,0.6934279612603054,0.7411403170439888,0.5214121319340879,0.2802048238501012,0.5455655683506979,0.4924564722467647,0.4571810853972778,0.3236284085842024,0.26078201456514727,0.27737117515186865,0.9610100987015312,0.5657074587701592,0.404833282372275,0.5658157051092088,0.935254508253839,0.2819811514462651,0.21485742973496283,0.6165752251125388,0.5281251282517014,0.5392567074684511,0.34362993304387834,0.1876392819625143,0.30017193078007215,0.3424789853131764,1.0,0.8336467054725465,0.1917018859646686,0.2932938917594351,0.1323449952796565,0.5838141871591009,0.3302649300150954,0.611559319279042,0.2617700724542569,0.3847072868840378,0.21836748193651712,0.3669003573936596,0.9660488489998108,0.201110002014558,0.263726254451941,0.39532977827781,0.4971083772382229,0.3130736018303412,0.763960771162246,0.42904715760378287,0.6167508013816109,0.5663342062593283,0.3046706770225028,0.8121080190945156,0.5779278373489476,0.4786568655538637,0.7132833517870596,0.2711530922667815
TARGET-20-PANBYS-09A,0.2237174493871987,0.1435691786773322,0.1929492726189841,0.0560416690419174,0.4468553898944589,0.0721776387789422,0.4755669682799897,0.1848213771897137,0.2809982070854984,0.1617237395375131,0.2167631916455289,0.5671530991157517,0.7016487762672394,0.3665062297486028,0.0322500225002015,0.12237573229951405,0.2124735384949733,0.0705819716323086,0.1537328835611804,0.444008027711557,0.22387168238322194,0.3252846806328817,0.1527484453576209,0.8298272208001218,0.1373604764097866,0.0851168900426145,0.24268740313796205,0.4623897750907331,0.4878209641622185,0.3658468614805714,0.1157226744412344,0.21638378857361024,0.20729250024437168,0.23628416494331939,0.0398920551018517,0.1095298130294786,0.28146202389268454,0.20727690238728,0.9638234270433528,0.21713454228644838,0.2278721635440216,0.0816155718614576,0.19276572523477603,0.1545342231830156,0.4252083791383856,0.5735859759531544,0.516063931170694,0.0594137458001777,0.9663581527481252,0.3265630277068889,0.1882827103205171,0.0633655984866591,0.7670888698491248,0.0608772172769218,0.1987392882655561,0.5354457096395203,0.1928468281742085,0.2018530589564528,0.2657025839785848,0.1832692937587968,0.644147667994261,0.1288167482268893,0.865625278422705,0.1950633097722859,0.1196524596327874,0.0571315556239944,0.11114265243329663,0.3534613724107802,0.0623130805472776,0.0847142744572336,0.15090094121075268,0.2250299321818545,0.180276783075965,0.7827338672153239,0.1983450671077105,0.17512531948687832,0.0468097874700033,0.0889995781202084,0.0446894196932494,0.4538492080144977,0.17758713174411558,0.3413865143035741,0.1529671716647657,0.6516570248874825,0.6707318938315463,0.1284804941324174,0.17762009003274,0.3039424340428465,0.1543904172816034,0.21076722968753286,0.5429647881736224,0.2897029669254535,0.3620252202636763,0.1075513920036758,0.6598863318853189,0.1893236684058027,0.5990824514120598,0.27333116513471956,0.0711126371671801,0.1900078465266166
TARGET-20-PAKIWK-04A,0.5361810943357349,0.31426672221884505,0.6082133512261588,0.21465971350618424,0.4635867836533812,0.348421816692077,0.5183879256331074,0.8403217205393769,0.3710030165647899,0.33658097077176025,0.2052756347911438,0.816661320460836,0.7376128527271573,0.2082178462909799,0.0998201888700439,0.23952328715324475,0.2344783021843808,0.5613704253394665,0.17044125481855027,0.2702597496996787,0.2213154398491742,0.39360674219995234,0.21851859309457985,0.6495363230994564,0.1024061640249851,0.2040774235358327,0.2833764957449344,0.6448047491641975,0.8329397635852853,0.5770960707125545,0.4169554124740024,0.4858622445827786,0.2873308767709177,0.27433658992497906,0.0958384672095871,0.9449898762593388,0.4391565759988127,0.2736684936444744,0.236724506716103,0.4821686230551966,0.8894482090806227,0.7868442489459767,0.19528320585580483,0.1071423403739424,0.2089505402482938,0.6285390673453253,0.5668622969225408,0.2128372649916818,0.2344701465788996,0.1758317412590926,0.29067616542848,0.204865704960272,0.6432764529467409,0.18550982077284534,0.558057063052865,0.3596848579298998,0.3238839570705958,0.34105486505514787,0.6168140738349268,0.1529631266553613,0.6509024987144301,0.3298515516953427,0.7241894454576658,0.678645343947609,0.3063852334210747,0.2611122983696231,0.0986740197388338,0.4095781622474779,0.4956041850639577,1.0,0.2725907187075848,0.1281763628249252,0.2838192372943743,0.834464830634944,0.2443018106620692,0.2873308767709177,0.4341991992714311,0.3053273189112514,0.9713789617019992,0.3594762445861243,0.2787658574232036,0.7197253013465144,0.25945764628480816,0.8022886919817982,0.8404357688281725,0.3559220850907251,0.5458333235373531,0.24757798078768598,0.28937487507913023,0.1945083009177018,0.6824250512411558,0.1802213779801497,0.3895754097626643,0.5549063297847621,0.3968680364639582,0.0831485090225464,0.2734301042436073,0.2511532362511603,0.5655910489652234,0.7970007153185691
TARGET-20-PANXPU-09A,0.4749464214219112,0.3499432378824904,0.5108002292028822,0.21724718128466333,0.4464027321732147,0.2154017518470369,0.3614780954835379,0.26564154330015316,0.19208705118330943,0.4683862978095216,0.21371995601071606,0.5782853935349964,0.2448384613599774,0.32945284257166774,0.22008674814736506,0.3252797845126535,0.347929282423343,0.8426910837118565,0.32481876176677316,0.3265699314679006,0.18080404249178395,0.5483526936560297,0.4984485640792373,0.5395743375282325,0.17948849596596145,0.18135945511880674,0.33736265948450483,0.2156756559289669,0.8493150815504137,0.3848423952639281,0.47127749822444737,0.8724835589939514,0.3099971435668637,0.34469823608905076,0.2217271502448267,0.3655057067781408,0.21235722287178635,0.55362801060479,0.4119944389282626,0.2969400205529491,0.6022677702464296,0.2645970586140239,0.26562867506448595,0.11876764346524463,0.42224827705853524,0.7974125892553088,0.2293792220493684,0.6201315542226338,0.4095592596471968,0.6804292134821324,0.4914299578401543,0.2527265077374067,0.3216522758637062,0.1640119863879507,0.3582891808436254,0.2223648026593703,0.29622747484781436,0.16331865354165548,0.7416185176729378,0.2330267226096837,0.5485136983472931,0.5868621310418269,0.7335163062111336,0.4742633837976663,0.2435595653398379,0.3278478972371068,0.2926536827498736,0.434318405376176,0.35099995554996943,0.377348716688294,0.2136793792966199,0.237689485077615,0.38077538589494303,0.6641678446846102,0.26648174029324884,0.44972246023396534,0.1396957616680567,0.1887598199350587,0.235617319578585,0.37510110204746705,0.21934631890849585,0.294551838938045,0.25581940364483935,0.4810233749645614,0.9486289063070829,0.7200260186146042,0.340280612572764,0.2911845799104442,0.3704758915262854,0.23371114394038067,0.4872305668656933,0.4183342655821345,0.4143946793810836,0.28823324235836356,0.6192617501363183,0.2272712384531172,0.2674821056676989,0.3248235707598731,0.3952567082647314,0.2547408882019829
TARGET-20-PASCGR-04A,0.7838086075608388,0.3004416908408058,0.6894581365193383,0.1354631280905176,0.3048623519130436,0.1882254376496828,0.1037610055919562,0.3576952478262794,0.16110780809496372,0.2490095335832583,1.0,0.5087249926702541,0.6801125841666438,0.9362410896604796,0.1937234537041428,1.0,0.3679390181085473,0.3428114628211718,0.3870847317426956,1.0,0.2611135557054108,0.222102349691689,0.42218998062514845,0.263060344227073,0.3125943659587297,0.10913353406692212,0.24567076505449043,0.7427129521538389,0.6199456948499918,0.2973107048791643,0.811617525366116,0.7624060543871959,0.3164856320196939,1.0,0.3017012640442174,0.7521294619861913,0.32552407144492457,0.92725239071525,0.3271699269449051,1.0,0.2224425285194239,0.12810582670417892,0.2325890056889457,0.23126121029667998,0.5300360458549986,0.881052266904012,0.4604052108145622,0.561345631032,0.3314690751816773,0.1632217179611335,0.3393817502295992,0.3522407755551497,0.4025395816163155,0.13720262123981156,0.7890905358264378,0.1943099902370691,0.3124303868830548,0.29196031453700355,0.7438295563315325,0.3396568653275904,0.4396349884951558,1.0,0.5704185939201798,0.4144276089264461,0.3453039063827043,0.2631774264410428,0.5737119411800796,0.4919582661268208,0.2400624508156144,0.8247625124038127,0.22399366926893421,0.6045545895995095,0.34738669027472796,0.7079346341049977,0.7299320893187697,0.41714377334612845,0.7158786729397997,0.3208636373957951,0.5537557427890429,0.24090943583703547,0.2540298981874978,0.2683431066976789,0.22029728058301962,0.1776619322669098,0.8381575333800477,0.521725439227456,0.246564773307363,0.31351176110121415,0.6714366627398146,0.27312137781124457,0.5709782435234454,0.4686746889848267,0.5337134574986232,0.522369227843394,0.7919343086349221,0.1304751035892792,0.6419771091127047,0.24274299646356767,0.3453888664282257,0.1613670149172522
TARGET-20-PASCRZ-04A,0.4144905719347023,0.147211258080401,0.7480319570091704,0.2840904082187004,0.2601177874737511,0.1964546332702217,0.5220988933822546,0.2833960910468858,0.1926618103296229,0.25983530151994055,0.2207169547292895,0.9946823766877108,0.5081443504290055,0.0689778086308729,0.5413918246536337,0.1030150161456316,0.16685984735138323,0.1891104921406926,0.2135336535061985,0.2143805475809783,0.11511638131367571,0.18543323851605578,0.0604118005391504,0.7190181986697057,0.0630813665051112,0.17906494753039884,0.1582521381105593,0.6951672005667802,0.6800274651467231,0.2314470086098839,0.3980986097197507,0.1609550455197898,0.0951861455907484,0.2520998806281366,0.0409040413343499,0.5938529031602998,0.15741986477545525,0.2414235720856725,0.5282768599858023,0.1854689779074927,0.3998505551335871,0.0986990353849437,0.320973228219033,0.11799955391535076,0.5291014197656418,0.3682935073385494,0.4752499964406029,0.1132792313084989,0.5281345046321828,0.2601555180116675,0.3821085555243509,0.1874283031829399,0.5744175989984119,0.1631085141595103,0.3215316657090189,0.7991910799145887,0.1193871102106676,0.0789776641720742,0.220518396811634,0.11613051769170443,0.9439670714657936,0.2726863558259396,0.3077334923382602,0.0874917168817987,0.09327447474307969,0.4461722046106375,0.3578481695360953,0.7328968528141566,0.1188071509344069,0.7133991516704193,0.4342015467197614,0.2173230382270115,0.29061443106759244,0.5479005013219987,0.3943842372317941,0.3701433126180629,0.7644298274469007,0.5361953548515501,0.6097245711920256,0.2214344512414872,0.1447630675527533,0.4433449485146622,0.0929939958529473,0.6223572310273193,0.7073537550236263,0.2750598921983755,1.0,0.19946384097333042,0.5008129969474184,0.2563241242717466,0.6183515715061771,0.1560054533203796,0.0933897370177236,0.2050592644555833,0.3036234182608168,0.0275451986727617,0.3768505418725494,0.3235388131115073,0.3236721236711358,0.1278484450921856
TARGET-20-PAPXWI-09A,0.2054921904135184,0.31682659685516157,0.254938632923441,0.0688541345509535,0.2094956959644258,0.2242442817651689,0.4974362147066822,0.2981780694055991,0.21165110797039705,0.1986976532385284,0.1248645970784032,0.624536656029971,0.7335604180614244,0.5650619986524934,0.0396231487473946,0.1702498822612599,0.20420740321890415,0.1592187418734641,0.0979182074787046,0.3600343786766013,0.3646731342745575,0.16715796820653825,0.13646932999138522,0.6986926888244263,0.0406496392738221,0.1045766462660008,0.19677396046282167,0.5461744371545887,0.236843818159324,0.5484142152670158,0.1950015740544472,0.21414024429321155,0.23035278427648495,0.2982700744415245,0.0490123327241106,0.2679323775430587,0.35635663323836947,0.3344062658010091,0.8253192836001406,0.3751803487895988,0.3310350760923992,0.189199694059552,0.1475832591497701,0.3141298493616375,0.5159868447272403,0.5594577188189056,0.4035268987716238,0.16549008896445222,0.828692011043918,0.4544333565671075,0.2240941089440145,0.1680906316646759,0.7672116990914305,0.1387878359624123,0.2919784239071049,0.6011687097347799,0.1430528763841593,0.2225976620606102,0.3193130868016997,0.17362439395900806,0.5988820343263737,0.2261526324120981,0.6274078359050761,0.19529216482813086,0.0560957210576481,0.0491774032951692,0.118774149903191,0.5126723239128923,0.0765593406769789,0.2569399393897546,0.17410095700978565,0.5290032540071441,0.18627431340195977,0.8384392492189974,0.2469480084602779,0.21180654451914271,0.0308794621834211,0.19339334350705892,0.2776329083869798,0.364491487552402,0.1691481572358774,0.3713633856829128,0.13410215774030776,0.6293877085101328,0.410532193326525,0.08475596182554,0.2055386772259412,0.3639871383062422,0.2371749594295503,0.23707287847927025,0.6342414138976638,0.7142620774888131,0.0601803564502678,0.23420471698204476,0.7162198809957582,0.0330054048025664,0.805403255338798,0.0996940814380257,0.1604158166627319,0.2394427311080589
TARGET-20-PATCHL-09A,0.1783951618022389,0.2873025101755268,0.3811364731145598,0.519681623448557,0.2672203531106892,0.2571508786761037,0.1457744909275309,0.6084656319119879,0.11659324943684034,0.5574240034599465,0.3219404434987133,0.663310846659025,0.577114525836993,0.3187367420748489,0.064536918737615,0.2213628426695571,0.19197748089544045,0.862915489436751,0.21325739361057913,0.2677772598125373,0.1075836002740169,0.24422888085001654,0.11822530157205795,0.4280423107926779,0.11174101158330764,0.8739048600089754,0.2472284012197244,0.525921385358056,0.5152940213178924,0.5838858237159599,0.2942892668825667,0.22786058789717403,0.6874805950033235,0.264598565310949,0.15584311136154888,0.7276599718074758,0.1703311002602989,0.1061449564384252,0.8701282316406345,0.3403170851068827,0.40476916620189857,0.4909496611682821,0.1883655040505879,0.27370272363691045,0.5462568680603115,0.3667102089531844,0.5151339912369899,0.2807509127579155,0.8712715245641229,0.1953870438773401,0.6242775535572485,0.0384587931062231,0.7534562060443425,0.2883345318194275,0.5215159032707875,0.5022270271351598,0.2329999545781589,0.22701421995148083,0.2637631606299062,0.12915296260888667,0.3649616884594728,0.0983647919766473,0.2325060219658692,0.20144127598267694,0.3029577164113897,0.3153719437123145,0.1851507583762214,0.2955152865717046,0.1246974080574668,0.6986248257176402,0.31767901465462633,0.3141266751576992,0.585502573463886,0.8670653229764762,0.0728530657557371,0.8085750118432827,0.0502954814191475,0.348678763133039,0.6799659993647271,0.2324127959240909,0.2683001101789757,0.473931979693968,0.16357895546077156,0.4211640080241666,0.5611594780471743,0.1981121472860454,0.2638044315795681,0.5493161201710026,0.4560694182211578,0.4727484236241029,0.6907398652123573,0.3863573577141053,0.0980198418503279,0.3253112138664729,0.3831284275848365,0.2173741406390627,0.6179874614193686,0.1623785346642876,0.1423065824542332,0.3716563604892416
TARGET-20-PATIAK-04A,0.6196016325072783,0.2852602773011461,0.4471205556651002,0.2642264575066096,0.23199665729610847,0.3628078810955872,0.3340459046962329,0.2268935626324651,0.4825364862597616,0.3684495679255262,0.1418731115869759,0.2169951667579642,0.3565916403951727,0.2398810371618639,0.0655528914623027,0.1371023910876022,0.1539841876413288,0.1434681890711592,0.2550146707309971,0.2406061354190605,0.1092772355705281,0.2186402533179729,0.22126827696653292,0.3517859685447738,0.21831887928271912,0.19322931879373334,0.1697371820456458,0.5905607679811511,0.2188846928016964,0.2342225790171154,0.613919906547661,0.22388516359138766,0.2536892710024094,0.24579659838759388,0.0810864413593368,0.3493502015582893,0.302829953877848,0.4965707164866015,0.3150837812541183,0.482167847654126,0.4043936245140176,0.15381118634761823,0.21750406685941123,0.2016876698972164,0.2760680360094411,0.2008126852944984,0.262309122946281,0.1207671352720312,0.3153785068042307,0.3599826013617584,0.4932662291145458,0.1898875997566748,0.3044870947262325,0.22151567291880087,0.6125744243947858,0.40887457550921474,0.6783974659176232,0.17625964907051836,0.6141096284077785,0.2493705601583435,0.1613182423871802,0.5311002004185947,0.689847311429383,0.25572023876223926,0.2190334760838914,0.163184004503896,0.6306422891798421,0.7496529120038393,0.22419434745081782,0.2944461768324671,0.17982013592569396,0.6074464452587958,0.5930436584957538,0.2238751367768868,0.3202393850741278,0.2909532122510712,0.1686580693829627,0.4947960584347678,0.4037053825986393,0.4141409390329813,0.1752166547361231,0.29141459110653706,0.15805084145782286,0.4381213256290353,0.4909461199513427,0.1402210208419648,0.23451173823026522,0.14870069303987085,0.2729546229972869,0.2081147751062941,0.323797705488893,0.118353136411113,0.2892397767656836,0.3301919354897148,0.7794980548761338,0.2363040778974781,0.4994497938715652,0.22659060322701885,0.2535789023742887,0.1633283500996334
TARGET-20-PAERAH-09A,0.1310248830434587,0.2981934337469943,0.3121349907637647,0.21585361795030655,0.4118975207761948,0.1888681478952321,0.515872758762068,0.0625834027551486,0.0951503783539881,0.3363156208653592,0.1653535908628775,0.5330980499426836,0.432460213395903,0.5102183705528645,0.4548154329897049,0.14359772592164635,0.2351791254976205,0.260371800955052,0.1054584086366815,0.569417250944052,0.3280137663694715,0.8295756799399683,0.0779612319656424,0.90333815753057,0.07251945177981793,0.4696212471397209,0.2468671331104828,0.5085558574827582,0.3299712630646201,0.5905994680643534,0.4428905976849182,0.2790465177087287,0.2242471688058639,0.2631655074512668,0.20667927912887882,0.2028982397325494,0.1972342535976013,0.070187194042101,1.0,0.1735701037654096,0.1532402701277483,0.1206365445622314,0.295548932987372,0.0458046411699265,0.3844525737485636,0.1025608002268777,0.8349645425851706,0.1435224930415912,1.0,0.5299403587539067,0.6351731384461252,0.2710332780215836,0.8727959641185139,0.18360879114131126,0.1877765325188873,0.5578872352037805,0.1854170230282344,0.17042619114011237,0.3014875609940779,0.2906422303453214,0.2289401660783968,0.0650426451998295,0.811471765593502,0.2061200155016521,0.222511636296055,0.272803031618456,0.18056723112603193,0.2151122653112625,0.3438042271643076,0.2590170372496915,0.21874164204629812,0.429388755654797,0.3374957675967417,0.5525833881115035,0.2761188998514708,0.2242471688058639,0.0332573381934959,0.044938007380929,0.1270053314633291,0.33703694936034834,0.2633163907637366,0.3429941624778356,0.24671229380943172,0.813827849701331,0.3641900648796122,0.2308170728723492,0.2978878268706307,0.153467776284814,0.4516205164666363,0.27364492405205926,0.5712568872692396,0.6044535569934095,0.0648145506933809,0.1423156817400767,0.2355164408318498,0.0648931919474869,0.644975626994096,0.1960123562030402,0.0940986745986148,0.1177215674364753
TARGET-20-PANBZH-09A,0.2786241471714014,0.1803463434185668,0.3432699280354857,0.1792874954229923,0.2141915173670873,0.3004116154894663,0.2345230978164445,0.1088986498803769,0.1655670238784499,0.31316805654177887,0.186241246275955,0.386844012443669,0.6237485897917296,0.3954998441946518,0.1639359904980426,0.22657094431983776,0.0951613119574841,0.1625151415028996,0.22686919316673188,0.3637214307802691,0.1237849694539716,0.2271577512659705,0.1850615704759715,0.7226040830526412,0.1058465415734536,0.15674980763172092,0.29462436218901455,0.7327330149443698,0.3991549687715863,0.5738473815851444,0.5506369916654591,0.361430527415113,0.26599128078416434,0.7019271002065275,0.4787134980195656,0.2889342498850905,0.1959818224067623,0.2482923088980704,0.8070763785724315,0.3363442408238083,0.3550227864017636,0.0569950288967307,0.17867871705952632,0.19041608252826606,0.4647916587288555,0.7107671250731962,0.4069786124460455,0.1368002775019302,0.8080633151840897,0.3870240017454953,0.4199028649897303,0.2306251732337406,0.8384531332128862,0.2551880500679517,0.2013614961639041,0.5450387302705401,0.21185809303274752,0.2464128864085387,0.233700490381361,0.481484199829445,0.5971019987153208,0.3810319803987916,0.7408857563495834,0.1071848133410226,0.2423781696971979,0.1395706191861323,0.18928751538433025,0.3451371620482081,0.1993508818421578,0.2204328669337126,0.2465408641973011,0.4963209867453693,0.3007052788120796,0.9158439295041672,0.1164685227187547,0.27371435525946336,0.2925401904487027,0.1352895859448945,0.3561391361883084,0.2674126053682918,0.23045430634946953,0.535400101901419,0.20175353163835907,0.7218222183588955,0.4085612556513249,0.22732853507867767,0.2775478004178088,0.3710388777942296,0.3591577882539375,0.26221257448061086,0.5675939838470521,0.7542205042718465,0.3135917344478772,0.4284531241643654,0.396186266984544,0.0859419176650184,0.5399467828238396,0.3798328497187662,0.551247634917924,0.1917655187230839
TARGET-20-PARCVP-09A,0.3032612571298334,0.4479704893637595,0.6435623115536379,0.29655482434239694,0.2552064160121493,0.7908801155580069,0.5485648251102451,0.4020965841860995,0.2443541712377173,0.7422979027133098,0.2224533683027451,0.8260700468465922,0.2548558125498605,0.1295733086697802,0.2326374192922627,0.2149730019919941,0.26665908329410953,0.4458875019992284,0.19731467070761108,0.1973109245366406,0.15175050025292777,0.190026198411563,0.21247400747079728,0.6041761236236602,0.1124303836193038,0.1639463344841895,0.1479287077971842,0.5366785443433721,0.5060025083482899,0.8184800678955652,0.4902791419751677,0.19424031182027018,0.93231959720726,0.4493194719728456,0.339151969320336,0.565700120656198,0.1639463344841895,0.1617299525111265,0.5919208727805172,0.138397374459146,0.5166082997750829,0.1384019340191025,0.1820301658552667,0.1176301694805536,0.32363708750607123,0.3643602557595246,0.4226585368085476,0.1144386952699728,0.5918378186570097,0.2866107838088674,0.8256565165264982,0.597990839910441,0.5501258776502149,0.206871542061569,0.560402598350342,0.6415071066541078,0.2242660819409702,0.21738338011376362,0.2867427467992317,0.1346991364838485,0.107237582058502,0.2748316205163348,0.3202317667827925,0.22621330482691965,0.17664511358446117,0.6083298246769845,0.178923542425266,0.5290460974797375,0.19197500372431983,0.441064070277227,0.2385099045849586,0.2860550762216574,0.2381074076284635,0.6157919970778596,0.4106527479405286,0.5190380040775148,0.1622261626279802,0.1898813517397985,0.4166313654331948,0.3946642515677467,0.6979381273881032,0.358370128518853,0.2538354046480707,0.4503882886645525,0.4867884125012379,0.26407349863936436,0.2572475038371304,0.3100135045359021,0.5230602358619396,0.2525520208046138,0.579561840240808,0.2672528832266919,0.19293293983122745,0.48805879412262343,0.4320846469006124,0.2119712498509489,0.7039306216536583,0.3724387598858008,0.2416533075735102,0.1192969309368023
TARGET-20-PANLXM-09A,0.3636840591754346,0.4431509655424535,0.4284114526101652,0.3486369798572311,0.1076820347138928,0.4027676310665788,0.2420547951321099,0.4792772740974156,0.0866710925058727,0.25721194742013775,0.1532208668094755,0.603981739051161,0.4900453625923355,0.0810830465211507,0.0714714087333685,0.3324690180735521,0.0478411275273031,0.156421377495418,0.0960605270161686,0.0729357810940923,0.0339511883839534,0.163241471828925,0.16127062936400074,0.6406022764163513,0.0733229709209912,0.0537530186557637,0.0925692985636495,0.8023511016962948,0.6246910059793983,0.4856619940063307,0.4932052710363618,0.22277130652036414,0.2865394459285623,0.1956266655633046,0.0884074228283309,0.8099791253001543,0.20790949813789025,0.0918186178146576,0.5581949278541436,0.3256716481722058,0.5736896173565369,0.015632341887367,0.16297107622763518,0.0923021505261383,0.30263048551329946,0.9369660946126166,0.3728363118282263,0.1028481599219954,0.5589046820051573,0.3650245273683719,0.2825048598948999,0.1841217441608028,0.5863066174063379,0.166333791671232,0.5274625461606807,0.3321536457163457,0.0735300299598376,0.2484350080658235,0.2472892750483088,0.04416375162709,0.6153546896525326,0.3901724718966433,0.419343247144547,0.0538857884423561,0.08884150216650784,0.2965728782735176,0.0332513008051744,0.5265909954623756,0.1380961408384122,0.9054780273929476,0.1312550025794356,0.4833709078955572,0.078068179838218,0.3971785639009032,0.0806811255008435,0.3230991821252434,0.1218303090334205,0.1426701382278549,0.839770163470333,0.0733447346729653,0.3969890012885619,0.1468471479261628,0.2799404039423197,0.5336553963900894,0.6603159218519417,0.0831479922923866,0.5720492542367877,0.0732432470857228,0.193040186499116,0.1620416273366394,0.5943885773545423,0.263910096518347,0.3598970852243339,0.3319758714994238,0.3946977689897928,0.0169649745276846,0.5055257598725327,0.2824179779521395,0.3660291079745636,0.15008588185056795
TARGET-20-PAPAWN-09A,0.4240173585165352,0.47229628101747373,0.163642951708917,0.1971595892982962,0.42713446582496245,0.8125138275539375,0.5309811599864678,0.26522682780465373,0.5341695068839426,0.38049230637746134,0.4272155597379297,0.3437227633654275,0.6185703396404323,0.4997293760190698,0.2082836701617299,0.285616958970787,0.26300990035337424,0.5243232073888673,0.26266072650300293,0.4603780915646184,0.3757726912828162,0.27574762809103404,0.1863510062170548,0.5086510823146755,0.4265998816044769,0.2539215970512376,0.4857803960409685,0.3633262814036244,0.632298093420041,0.2304600244989459,0.8011531692240839,0.2610627813100365,0.9967981745075556,0.4177616336549104,0.2963409748497584,0.1493433417441532,0.9139639130518944,0.5695534144318438,0.5687830918721013,0.7715342115745056,0.3402213538986445,0.12712380629837472,0.22079481261989758,0.4812503240460084,0.3879295161050243,0.7589577536396303,0.6598795006346978,1.0,0.5684108610907019,0.5262286608738138,0.6229306401956547,0.5258507156209715,0.5466177391104899,0.16337360324940262,0.3230458977091871,0.5404503938438519,0.24940445143382556,0.3639120682217126,0.7365593287491266,0.9016995336949865,0.3205739312629637,0.3651461855838633,0.8232203725226497,0.2725712847428058,1.0,0.8525618978396677,0.3628534856091629,0.5049064009914209,0.30281196899245943,0.2587862040892324,0.18534790423046998,0.6942509251305657,0.2780621755147316,0.7719828498237,0.5178782913291821,0.3457869305030071,0.23168453740730416,0.25030957704771767,0.178321803792781,0.6025066333784475,0.3013981651931592,0.32861049802350306,0.23867676963847634,0.8445329592846715,0.6710876267296599,1.0,0.27426119924006626,0.31837161975540534,0.40895613090250926,0.23592720401263576,0.664883429788564,0.4325369720588579,0.6166605365915209,0.5046627506782531,1.0,0.346377041287796,0.7730737408630564,0.33797387148189856,0.916916487177134,0.1159202053527376
TARGET-20-PASXNT-09A,0.1762997426003765,0.2412653559264928,0.5483935200276966,0.0941769908602793,0.2294976617038212,0.5342032583523428,0.4605175220858266,0.17292427064238255,0.20435323021702545,0.3281671787891996,0.3097711369220749,0.8295597133567671,0.3360929814164457,0.338314645073794,0.3980601464508945,0.1575700060369065,0.2243665681399217,0.2120958166087497,0.27248240535036716,0.2535482936021519,0.0903444790513885,0.296459814809955,0.2161798123326024,0.7199057799720499,0.19453325623397738,0.1430373633162664,0.2509798839623156,0.866858206601882,0.5011360450051945,0.6101194502461486,0.6024120524362685,0.24003548873179698,0.23886564491112006,0.3220164170638044,0.27767618381777526,0.4617632359077173,0.2620498117224583,0.3097496301231033,0.7313172403613439,0.5174583949742033,0.5394295237463654,0.0743832672125243,0.1609665820006639,0.305063019646024,0.6545099115570456,0.3889129701757936,0.4531440294902831,0.1785357739639156,0.731661519861651,0.138352955325927,0.6885046321634751,0.3926002626159043,0.5830185354404614,0.23783906670409308,0.6944371546794093,0.4712073099977841,0.18643456031351024,0.18251874396036755,0.3307374806717311,0.22104985551821807,0.3728158426158384,0.476565465542359,0.2593242701048006,0.4291195926817895,0.076726346846135,0.4103547318001861,0.25812180701241244,0.4982366815066675,0.16599881294709848,0.4836544369753076,0.23776272294968803,0.0630103313333159,0.2756145790444621,0.445150480320856,0.5690625636881779,0.21351436457083262,0.5294550775695448,0.2445741986543375,0.3991144894842879,0.1951711312798463,0.2387890265525689,0.390761846965032,0.1524083809964748,0.6374931304760572,0.6686536486967061,0.1159271188906045,0.4110212259199176,0.2663014463278967,0.4066502854191284,0.24860156999889285,0.7473216857805485,0.3818192266462211,0.2007384880359796,0.1807381299469225,0.2718696679779271,0.7648910188687964,0.8474602663449244,0.1363591112958499,0.7444711617793953,0.1245987494633567
TARGET-20-PANGTF-09A,0.176791806689208,0.1629728641307539,0.3190998136324241,0.2757020944229033,0.0684796297450175,0.1032366571709325,0.0360810223557106,0.2141861511921667,0.056221353406766525,0.3859493992276365,0.0949489912203412,0.5122591091170047,0.3213787435999196,0.052410080868494,0.1646782381745782,0.1409218373144751,0.0590200455834939,0.3856492368809667,0.08352152714491237,0.1124680376288343,0.07245439289408563,0.1767853092264641,0.0867327693337166,0.6296851598430675,0.1627671418487542,0.1253017074790924,0.15866596140439576,0.4343337769730515,0.7477662934185636,0.2874764164283623,0.3804577415639952,0.18479818594779585,0.2186010989727878,0.0531024479535832,0.07279854612813305,0.7390694792369027,0.1784242593534526,0.0780840625211917,0.5068197221587218,0.1714740800309775,0.3967323167980167,0.0443563283741188,0.0417332926254591,0.0139020237097353,0.2775764828438747,0.7159939110425086,0.2262849926815974,0.1064646890791253,0.5060249017538747,0.2618616640996387,0.2598747661417447,0.0218158193595455,0.6773602571974114,0.1452818584449582,0.4143088441872274,0.4155450372129877,0.13216964208471,0.1380203527340754,0.1718679378268758,0.0280856260527537,0.5483316035215944,0.3303047548855043,0.5326582052207147,0.0664771474785024,0.06086679731312359,0.2039217843691907,0.0410210501019622,0.2511380142054787,0.1306223152550998,0.6797176563796773,0.043734146260401,0.3427289491008072,0.0496469078095798,0.2778160266989261,0.0283631768390742,0.1945951841987943,0.3088774326709436,0.2025651736882422,0.6644827922081333,0.0466430662040899,0.0216990739391273,0.0933864069880734,0.2164370944945383,0.2840699912162649,0.7277122321066144,0.053744810870669,0.0479934037258252,0.0465785258894818,0.1695446262710915,0.104739710175546,0.5672732995291991,0.2636858813135937,0.4488742190343387,0.1583278366146452,0.1341768067167135,0.1161496953938729,0.294034154843962,0.9678353504215448,0.3760163193727917,0.0625071440467204
TARGET-20-PARMZF-09A,0.3673600418035291,0.3777886004469931,0.2923261935776136,0.0814004699832854,0.2719310693430621,0.2028399175353566,0.5015293161383956,0.2475478222680865,0.1044454797406447,0.30526154826226226,0.2591953004864172,0.5474588916374026,0.6442042659443024,0.0977114450491179,0.0468431264337326,0.0558463182890918,0.25425709466100893,0.1025202454073853,0.1157604864351175,0.2985221143846139,0.4073980419995101,0.1432990685705527,0.085577150765811,0.7364616869080747,0.14091126999237652,0.1726560156849835,0.1115532817020879,0.6462645979694384,0.4205629509135571,0.3817871722560743,0.3252139878463189,0.21283571185296118,0.30569444876541046,0.3479340351326341,0.1049721382035208,0.1706219846611661,0.1236322003151281,0.1395753713146484,0.7438340541272521,0.4680963444479389,0.2397137427578306,0.0651365222160888,0.0778060300903422,0.2053903524194758,0.3987655129111258,0.6008490887982715,0.493457890658574,0.19373187277884782,0.7437366502237688,0.391314776911565,0.2227560960009688,0.2390435337807121,0.7310574297517601,0.12852690184103494,0.3761251184345487,0.2606315235311362,0.2323055515504592,0.2066078348816634,0.2589621272841419,0.19203898203343453,0.4495609394811417,0.2202259945408439,0.772259852724805,0.2245302003561904,0.1201429814947956,0.0573657695894249,0.17622351696337674,0.4658238203953929,0.0905096891183021,0.1865324752042081,0.16430341797758327,0.414833865757318,0.325292893863274,0.6531950010065128,0.1319210356423586,0.23553474236835112,0.17193357638042064,0.18847636599461132,0.2243265765271922,0.4208489569627721,0.22080282956231675,0.3429006406668014,0.168318404124535,0.6065099925951392,0.53320408433044,0.1815260373017546,0.1925762688176213,0.1684598190368151,0.2497595038350299,0.1975339231693848,0.4907386271169294,0.7846361278185264,0.1774925861562273,0.8150178187772457,0.6804552391187987,0.1406056459899065,0.6081143617531488,0.24647719719019842,0.1871261221732234,0.1260336471676909
TARGET-20-PANINI-09A,0.2923149814228873,0.2755516820243591,0.2040321870107621,0.1510948823688804,0.1760827996603254,0.1974929827186608,0.3934610185044271,0.1275149616771444,0.101389863343542,0.167006958816556,0.2027536417916034,0.2750612807450311,0.5784573282619485,0.2278718076493495,0.1944021988243483,0.18385289295248497,0.24246345307282485,0.0728877557697956,0.16397315066537177,0.414865491918276,0.17378341171132428,0.20727398969789296,0.1633813080726523,0.7600585870936549,0.1120724189904371,0.1633644660783168,0.15173001447586856,0.5564551154222488,0.3678070824761117,0.3728935973679599,0.2843573001723983,0.3012774573196185,0.0958638188082052,0.1365431988943249,0.0765646428014233,0.2502359286357138,0.14037125443650889,0.1796358799279705,0.9098842070684738,0.18503046692406952,0.1234795298992629,0.209972284190497,0.21606896994089086,0.11014968129204852,0.3089491165287176,0.0653308517408851,0.4405804152410408,0.0613546843918112,0.9131197828113082,0.4779595324106875,0.1705936628534582,0.2010628903168712,0.8291374359738096,0.1168413706351217,0.3756885484799609,0.5431714894786039,0.21603136325733838,0.0795399418801856,0.2393669241366059,0.1885460947457528,0.2773901256702415,0.0943416187508486,0.6381500708741066,0.17303524454232908,0.0471488999682009,0.0418414803471704,0.17723674092336683,0.245594255759752,0.0643487351111988,0.2476866750495842,0.1732992466785712,0.3674929331132066,0.2089729084036367,0.4042096574813451,0.0698733359390419,0.16069684707996373,0.10895840778089219,0.0350701708839083,0.2868690400695751,0.2229069867915223,0.1598607325694164,0.2931877133402075,0.1740672032124794,0.4716861769138596,0.4410112709800333,0.09855954032340207,0.0336667428820414,0.18252064159668915,0.2632148441452351,0.1388311481728822,0.4923012653753216,0.6766757975099831,0.3153444493806102,0.1110648996021686,0.1843629921948014,0.0277413053991578,0.5202207433131821,0.2187706752251015,0.0734357571787482,0.2138453302730552
TARGET-20-PARVSF-09A,0.2469676372389113,0.3139296585061957,0.5400332712154927,0.021328482697488,0.31354772485831534,0.4102584110368021,0.2731149862104844,0.1809340401965802,0.0273667167761636,0.2618306760282911,0.3169079643478272,0.6805277857455171,0.6236986305352454,0.1470959503394026,0.0503613288577733,0.3412825907414595,0.188850102885854,0.2412491265981244,0.0573815667329218,0.3299905320440739,0.10287755170704704,0.25146392697926706,0.2875965633752751,0.5345791746625359,0.119040985402884,0.0696381098166893,0.1002500002689216,0.4558077682852306,0.6065418162261488,0.3666538850522557,0.3541781077312463,0.29602498576003666,0.0353299345354959,0.3601549832894968,0.6764470356992216,0.6309858410970288,0.0323940051674767,0.0978319642123033,0.6937677280453722,0.0273458096974235,0.2700531399808509,0.13918926279314595,0.19320504311883593,0.1530600899944767,0.1871280302242605,0.8254983203551008,0.2427338265029881,0.2518245169236666,0.6934101375629669,0.1997974065057601,0.4428993061074238,0.1521668104928822,0.5508839929965242,0.0936376330851119,0.2293587101904591,0.6090251548129738,0.15384643843999965,0.1423636439347959,0.2380766497223175,0.0838301010219494,0.6815454412778965,0.297547148440033,0.4450426401659211,0.1251421835231252,0.3953775783118395,0.3042493629724155,0.1309322427877913,0.2126933607750559,0.21260143526042605,0.5911969745347115,0.1117578432674959,0.1889167203992598,0.20614156886924448,0.5766274337839081,0.1042133563507054,0.1112794766893461,0.1209051716957567,0.062732243060461,0.4692281920782282,0.0442008611501204,0.1571252712719327,0.0884967465587957,0.21608185673505195,0.5430763532944374,0.6268323814134654,0.0262542849037952,0.6004680290727724,0.2142368655164961,0.2558414201873612,0.1099910505497327,0.577907362923046,0.233050237859149,0.3417075094440585,0.1577366574272164,0.5223547853392151,0.1836118469567307,0.4127095729453797,0.18949352295216523,0.1313592050610744,0.14772208506335113
TARGET-20-PASECW-09A,0.8273022534047597,0.3268636274587006,0.616546776001858,0.11716631540194421,0.35889556898555974,0.3726769255107088,0.9940358451089176,0.34964031267608864,0.20111356832686622,0.3362340524871293,0.2583184872432969,0.2276018614786758,0.572659792125938,0.5547709365891879,0.3463753808074556,0.14513618369441708,0.27923626021609,0.3158560939908248,0.1543824926822969,0.5069159532203634,0.22712737115863377,0.1787979290237512,0.2092173756866585,0.9999999999999998,0.08566686711793074,0.3447485337731854,0.2743420306376235,0.5612995051850711,0.7552607958394102,0.5153770944756033,0.2516629239602309,0.22186277712819683,0.7655579118536867,0.4429677510670985,0.26613332791559713,0.8350771260590931,0.2157622016925371,0.10740842338618704,0.7667791262042605,0.2910238406547009,0.44747432132246784,0.16540102726541625,0.20952815074604964,0.08131575545088128,0.4383054401928997,0.2115170171537359,0.534444888422817,0.3857524222491097,0.7661083542019784,0.6857005009380817,0.3289274277765512,0.28137216640980467,0.7178583645214311,0.13354789249801544,0.4333332304902679,0.5800517452179009,0.2461465503104591,0.5000877365759883,0.1610013702525814,0.2832471366281095,0.0490728298962747,0.3191414407435941,0.4087595831310064,0.19786728138829107,0.21046339213545245,0.3669893810836594,0.24257529434804248,0.4722193716018122,0.18532723082609587,0.8412098294641442,0.17729994404252938,0.2333157810350512,0.21745573806787338,0.9817637704521356,0.25135687134947593,0.37243560420672117,0.29108470260835095,0.2800665269130586,0.7219531349360011,0.5070217927924727,0.9299914278652692,0.2990197331525343,0.26793000499903785,0.8811126432051172,0.6999841567724682,0.3343616115114543,0.2688589052691122,0.22693454142660915,0.3628453229015271,0.2083440348284629,0.3838861147528269,0.5384542937797726,0.1983912315891757,0.5303350587087967,0.0936946037113252,0.3418642985664784,0.7155528379952136,0.34008768461236294,0.207400435870035,0.21770925203502298
TARGET-20-PATJHJ-09A,0.3000727191029956,0.1410899977414584,0.0963659115629984,0.16379110326690258,0.3124324323333217,0.1493295031417238,0.4177085426989104,0.0464790734024294,0.2770783876194671,0.3037351065655026,0.3494614778794261,0.2283723499156382,0.9562666784036152,0.4444633902046915,0.0590921769674718,0.239303376830201,0.2067023499728547,0.0693631482044719,0.15272947456470812,0.692264633499293,0.4577772019941921,0.0969532846056375,0.20642136055643898,0.873165924736514,0.1624842317063898,0.0836470747726617,0.241848668867681,0.5365039708075074,0.639926006952145,0.2316087318414735,0.1603417326675458,0.154262298311863,0.23104449658137774,0.5094928979098586,0.1537146513209557,0.570947189985122,0.24393616747815394,0.0971898980111705,0.8424120041679588,0.1854197119060434,0.3495930527529607,0.0453562250371002,0.09089632299934013,0.08669031210710226,0.5929535610362234,0.8964375876759576,1.0,0.1088646552448929,0.8403103632387574,0.8584304697499923,0.2492810439643141,0.1917324116705475,0.8818543506726704,0.2357351359499413,0.3030976037838391,0.7415386758506552,0.18973509285950338,0.33675319819370786,0.3273305378809705,0.0687248591237276,0.4797633841237547,0.1268456236317774,0.7365695648197366,0.2201918018326497,0.2841717509120041,0.2683505233925805,0.051743587882026,0.3147490291616027,0.1141771477233866,0.6305410618151814,0.2810149378949762,0.4021508641135123,0.3190075469112118,0.6764684628440134,0.0939471570424027,0.13831818681633612,0.2565196430106786,0.033374294967451,0.4848367384980133,0.6248165697696616,0.0530971179627899,0.26797814851545776,0.17471461172726432,0.9925800076994428,0.6199573494379569,0.2241368860372654,0.1753924994526937,0.21061646679908338,0.193132547892185,0.3316503602207912,0.8156720934993513,0.5933324365969652,0.4033475519188128,0.1056941733224889,0.2373865708000641,0.0693234416211976,0.5719268072303269,0.1486792566765084,0.6774255776170645,0.21841550327361747
TARGET-20-PARVLP-09A,0.3376332268098496,0.34789586567067887,0.5405512274252885,0.0640310526209044,0.2478304992939298,0.4008341446589575,0.1145512383921036,0.0540383439405191,0.082158665799621,0.2646435708652668,0.5540477599537897,0.7528769829856881,0.6084820273119598,0.27373153508114345,0.11774555933208984,0.2110758755364572,0.24900123631405421,0.1488529461571234,0.17229363364834285,0.3238560019607895,0.08274265584457349,0.112721587504983,0.2560500401260291,0.5992291003923715,0.0974788233955815,0.16889224220018087,0.0877497888177755,0.4657364350217958,0.5653021353421269,0.8238149574127904,0.3071859811459316,0.2633169701949523,0.3420833729502849,0.3895666993803337,0.23420160516943428,0.8654014452802935,0.1922704231023473,0.0606039231632381,0.7947496768689404,0.3552308882912717,0.3835177073466027,0.0282824165203571,0.14748424214789463,0.1275589090626247,0.1988967461597851,0.8567236313517048,0.2645927702692985,0.23259695662168986,0.799012752052378,0.5783491166285166,0.3878174283851535,0.3130144401897383,0.402097413913593,0.0695559637946758,0.8081932064614475,0.4579734722391599,0.17030963256858841,0.20673081132283125,0.3193771641496318,0.0799021431093675,0.4033489806786818,0.3772965923924676,0.0221506836638776,0.20491697184007274,0.0962884999573899,0.2661709542937305,0.1551293861314349,0.4346793357249801,0.18880487541755683,0.8335375919723623,0.205197921501442,0.3618999161329066,0.18861411434864414,0.9218347169765576,0.1341552461786391,0.1060653460174119,0.2185576659021897,0.3593041176707447,0.8155797368401945,0.18656013011178224,0.1591873244989496,0.2787659252596522,0.2274796551846772,0.5419241644597987,0.5856043891245275,0.2032468573425949,0.2730042805154565,0.1325134798296528,0.3209469715790226,0.2835239637392338,0.6305009890073472,0.1715499066242649,0.1443139580841652,0.5904402279620027,0.6023250565600008,0.0566538919369548,0.7930545631000923,0.2390688314014228,0.0812505603474654,0.2880875363691792
TARGET-20-PASREH-09A,0.1821305596342917,0.5342840795835716,0.2783128280978554,0.2922012210298262,0.5342376837648021,0.144220761242515,0.6394943138683278,0.2248814144474879,0.1786163923263286,0.4267496267610864,0.3192172561890492,0.5101358956323608,0.7205333164501999,0.4783432882930781,0.5032946399854671,0.2004701250182427,0.23727389784921157,0.21431839859879603,0.075026717826301,0.3215322655827833,0.0506103482210046,0.092875031139754,0.1464873156918964,0.7985537007450751,0.0582278045228171,0.1497988327869348,0.0722999431550542,0.6388686200931128,0.5077438414760629,0.917329142588406,0.420923869720561,0.1477733922855795,0.26010642414052615,0.1244745992424237,0.6050711577715963,0.2668763203124455,0.3167573964857859,0.14033762405001288,0.8064604842178849,0.2673947676358394,0.4151490895179229,0.1676902956378048,0.2281600375605071,0.2461403780839513,0.3519865741278912,0.1048942172602916,0.7736202879768277,0.1045633806393813,0.805066593196861,0.8695766431186331,0.4584122378938578,0.3519850319327867,0.7297005399671088,0.1512175885144795,0.4093548614764574,0.8848634614237431,0.13705259566296965,0.0725096707084198,0.44108754097036,0.0658340092050916,0.2936600850245683,0.1540067833110417,0.5000892140223425,0.0803264523877461,0.0429815653638305,0.1136674602334427,0.921074330052875,0.4394029306451897,0.2654125142337129,0.2771414978223767,0.1025148658632719,0.4563434655330476,0.32176394230821126,0.8097351761390827,0.1731014640291781,0.0873907343948686,0.0442326997214927,0.9234583046684892,0.2973874965155963,0.2043969979702625,0.2221783503090806,0.2189020663358315,0.0853781140255807,0.669945663844812,0.473019228905674,0.2161372744317543,0.1839360573496617,0.10918222354766,0.4969724201737521,0.2616472894592318,0.7396120933668193,0.8613750077703398,0.3929962375302911,0.101248242166784,0.5191137842765229,0.1724413757867791,0.986399512228484,0.0763874248681455,0.2646414101247914,0.2474338201615516
TARGET-20-PANFMG-09A,0.381278303276017,0.2525831920971385,0.1006900074617091,0.12601790551175693,0.1287942408774122,0.1385354144881914,0.5491768238197312,0.1690699768578872,0.13722336665707613,0.1221557955888752,0.0810963672804269,0.1915356993540227,0.766078870882013,0.3709165956658342,0.2452596682984332,0.1848697194801181,0.17594326323758697,0.1008981404700044,0.11185479163540257,0.3735496186499487,0.0768523666197539,0.0745191371815021,0.1527875817372876,0.6932103813461445,0.4852412360334653,0.0642918686578762,0.0580105257147002,0.4556149191128322,0.4593793417499665,0.1243744846530428,0.2987580691614031,0.23040741908262255,0.1697111017892988,0.0998733418737806,0.14911553144320366,0.5659851816125251,0.1734935713001187,0.0758246711047634,0.8023330943322389,0.2229689451385747,0.657099609391299,0.0768138309985529,0.2396795286251516,0.026146470082009,0.434923145204632,0.8794100186251317,0.3736340159502063,0.1154913959639455,0.8021189985393877,0.3678273286553024,0.2414589729202721,0.1181537073337208,0.8103859040142187,0.7444189970468205,0.4547203530734472,0.5194075115527519,0.17351649820478018,0.199742537259601,0.4184988051537325,0.052822524019188,0.4701763326741741,0.3686370800595769,0.8201232871216231,0.064450669370744,0.0930632921253922,0.1202020491271344,0.0752680916839654,0.419657076109483,0.3830973326750446,0.4712611341610123,0.2219642497492054,0.4793432334541685,0.1767161817846502,0.9987183706585424,0.20247177771068675,0.0701187611443602,0.240161333041514,0.0880690222911096,0.475570201510372,0.1660241277851538,0.1837918987621742,0.27895479329884804,0.0685039166425309,0.6959928146128616,0.6401326995136742,0.1788946609806591,0.15848092070732595,0.0876033632988674,0.2401190463392134,0.28335886661956594,0.6449055413417473,0.6300962177743018,0.60452222207166,0.2192217677087912,0.3145254125973988,0.6779302448109549,0.5575613807770163,0.5456000019562766,0.2542089441666997,0.0305009539296917
TARGET-20-PARYVW-04A,0.5960688036420978,0.2613268168557812,0.3416682263268961,0.0144882207299631,0.0440818827352151,0.1646062723146784,0.2154593555797881,0.3065964163557172,0.0701679265025261,0.2283851038576086,0.0296685990265524,1.0,0.6973855878383031,0.0173913613030241,0.1412637144212656,0.0375183336500177,0.2564811284392984,0.0526328714527992,0.0594302791379597,0.1369056796674762,0.0138986257924929,0.0735683125358226,0.14267784771366787,0.6318338945819668,0.0396293867518344,0.2182779145190833,0.1409006826540863,0.3390780257340251,0.5922569751892203,0.3889008592797448,0.4254866230396614,0.20965917578732074,0.1689727590155886,0.1583758282835269,0.3031598935296719,0.9512453406728308,0.201582411321593,0.0395534560757759,0.5913991391269029,0.4379166299095575,0.3407479589995455,0.0759914527856355,0.0641618716485492,0.1281618187148033,0.27757846612836,0.3977664924623399,0.3486103118359602,0.1197011340022024,0.591067828704797,0.3495661327956243,0.1520597383863992,0.1668440141063278,0.7909090673723063,0.12296508692025973,0.562177704833596,0.5010831726818141,0.0301010485808384,0.0390384545901642,0.3230793504038272,0.0521485366438094,0.313281465290274,0.2401222793125219,0.7928630613490135,0.138188684146279,0.0231408289580776,0.0307864200170826,0.0630668510906129,0.4824214590400497,0.2297014837490762,0.9787633238672998,0.12804700715166537,0.3016678241220338,0.1199357377663674,0.29518362813817,0.0355250316108413,0.0692240829617856,0.0553775576750171,0.2355494949807431,0.9551369245598352,0.0588640271842806,0.2146681271095698,0.1178546019152195,0.3208493923007049,0.66858500518894,0.6905687709801209,0.0826286985742352,0.1052959821289362,0.029983648040806,0.2944365742620414,0.0681387658267519,0.3459024244593067,0.3050303289786443,0.2621664045584827,0.0545110033674856,0.5259304075424348,0.0641100066988726,0.8851228611134274,0.0971918910168701,0.1946708538585306,0.0817471513568184
TARGET-20-PASGCE-09A,0.040530463775913,0.2164367300206745,0.2293819358494061,0.0844852335583401,0.0927102622857008,0.1680732624239624,0.2589930331386256,0.1287579370847843,0.039097182844323,0.1688557215984881,0.3278166671402732,0.5253696541756723,0.6064691862181659,0.1831391287738003,0.4059912907221038,0.2854325787939419,0.041189447180159,0.2174072063960129,0.16559009086021628,0.4991680742311358,0.0292307216180552,0.0536412863365291,0.2555193744347589,0.5325892033457424,0.0498778220147358,0.1650528130044429,0.2090826802582747,0.3528728772706111,0.7780965410166134,0.1545951298888676,0.4719485336371413,0.2895784043314267,0.13169490290269226,0.2354621467601991,0.0216899263785254,0.8321582003754294,0.22418658525561494,0.0553813023864362,0.7792871029192652,0.0750211804371537,0.4400644619841976,0.120801063074734,0.3581074609724486,0.0671243273412524,0.4643308431652251,0.9534615551760016,0.2525775213165533,0.1152110453112252,0.7805629638857812,0.1597530510973868,0.3901242683892,0.1166189786311494,0.6556098162253177,0.0917750311143586,0.3787219317249115,0.6397803620804385,0.14835383947125344,0.0804204470116313,0.4182904810421105,0.18943825682847576,0.5265323180038417,0.4471155001024712,0.3556193406511512,0.1654604929321398,0.0248246103024626,0.5354796937308895,0.15306270981404033,0.1412207472653321,0.129961673753694,0.6748868882166508,0.0592089090688751,0.2774148015989308,0.1781243915368663,0.4886201084604739,0.2943240343982343,0.0504737532715419,0.0378896429638754,0.0511972739749927,0.6501469298633176,0.2252106966189769,0.16812569129950816,0.1264299809742097,0.0493113359437538,0.3809938934545189,0.7425081053219731,0.11494134579472678,0.375097633898072,0.2248990711107116,0.4292917861303522,0.27603253649999815,0.8219812052554918,0.1793486411303625,0.5545173858402562,0.3312807383921027,0.5999619253907623,0.1311503861411597,0.6670451020337853,0.3282654285073547,0.1666145723330702,0.127900293129162
TARGET-20-PASNIY-09A,0.3883748616218383,0.39275647716636575,0.1503198873788548,0.18409505698782141,0.355805556719444,0.5857745535289334,0.5043648483108336,0.18035578299914073,0.3397066281717388,0.3190035766208562,0.23407964286067792,0.4705788002524772,0.3187491019815986,0.6226280399073333,0.2148079590415736,0.2841290984876636,0.19935299693077888,0.3123853779152247,0.3765084388529168,0.2924566231748027,0.23653384115369544,0.3572879546292226,0.4353905403819982,0.3193945239164484,0.2743096433598491,0.20655817698357598,0.2946934894867018,0.2727305386436299,0.4717475682853076,0.748257497114812,0.4532653257754547,0.287850178410549,0.3607882243287386,0.3465009141159575,0.19424883358372558,0.4041956135677063,0.337068705593242,0.30149963054031215,0.3820086244184302,0.2554577565540202,0.38736825272506925,0.1546324709436152,0.23260436107422683,0.2021141140266826,0.31231451918564335,0.7286191293385957,0.3061271275746592,0.4390600790897752,0.3761506378977335,0.1440196322370532,0.4942466769226072,0.2468640736580618,0.5805264366968786,0.2875974396608796,0.3642171264661031,0.3702820596787984,0.17142384265423632,0.23527847173517724,0.6008369423072146,0.20349573605768784,0.0651477356122797,0.2322157627792418,0.5824480865489705,0.19675178170994745,0.2156954554783605,0.6756638886178875,0.2487435061572964,0.0281487120627882,0.20756327255580678,0.3669779655083504,0.20935547404212332,0.5312176567516413,0.3535583885653877,0.8089809252616293,0.29709058731829446,0.2677829588109247,0.4217152525607198,0.2509655481829159,0.1308518657481702,0.3012547625325125,0.2307386942412688,0.2863155804858729,0.21912065695582622,0.3385570969667854,0.5402523279824736,0.5097864776062152,0.21850104638913312,0.31673595866868126,0.4877998769171462,0.23298022918371314,0.7818687140089464,0.2750731264966282,0.2760691615529332,0.2663393728108422,0.4346832132077384,0.8964595784755082,0.4844798351257161,0.28247689377870183,0.3359518271635466,0.1736224441168247
TARGET-21-PASIGA-09A,0.3857875828135127,0.31989349782815263,0.3560642794627978,1.0,0.2407092260546303,0.3389220983153541,0.4258135786390862,0.2071078196023004,0.1015103656418506,0.4145938052235731,0.203770228179199,0.5614304978464892,0.969534237964019,0.3445375457799096,0.4962382102044715,0.13597855704794,0.1069426372864802,0.8328665629670172,0.19946421333957656,0.2034583224340781,0.1901339197987699,0.299264816566747,0.0831722721404165,0.4181196249853741,0.4581108451812208,0.2182050417117546,0.3363105918385627,0.48697099571435,0.6737906541937141,0.4979495384992775,0.4911672258260788,0.28894516665650616,0.2767018764490593,0.1866576848634807,0.0563148594668793,0.8247274409451839,0.2182050417117546,0.1359784831527765,0.6051666121342145,0.4157138641059337,0.6497136306302972,0.1716467062392928,0.3714462223885597,0.18949822068194838,0.4681162028325423,0.7970665410302741,0.650769854086579,0.1523126476318464,0.602070669120176,0.5434603759968193,0.3413406364232119,0.0679687337604573,0.628412894868739,0.785686791424355,0.5215834625285378,0.7247298796789906,0.24958545452446956,0.2724057114744003,0.3314891091563456,0.1456589247906937,0.6081475532763183,0.3408474221575911,0.6622175931713987,0.10190662340739025,0.0644536277397116,0.3828222960426584,0.1974445746858985,0.2970717394556886,0.2728684145374701,0.8168401175086629,0.2791672222324617,0.6103037882832953,0.9195192382802748,0.7167969268457159,0.0513932665250551,0.2379813733786578,0.2839206707291035,0.1487137534267521,0.7631063359901618,0.5948244364356733,0.2767215039110279,0.4113561435249318,0.18183625754799917,0.6239388427079784,0.6648171067537619,0.1768480712072187,0.3409027668507093,0.34907252151711177,1.0,1.0,0.8225935781544751,0.4331036242495683,0.6419433520662651,0.1518282653197555,0.5119318591346199,0.2240229302901139,0.6793772934721849,0.4694647997664764,0.5621388576134062,0.1479525947732221
TARGET-20-PASVVS-04A,0.4509980489069342,0.6836434321993323,0.3543815642968628,0.1758753670264743,0.1098582884262396,0.1370749616010305,0.134299434529286,0.2097814642909452,0.088344222441785,0.0534332321257316,0.0256336498180531,0.5783943288896991,0.3617783784730752,0.1673892548668213,0.29334930734165393,0.0956702011802946,0.2218884072672924,0.2215071459952319,0.14327572939832767,0.1545352860234684,0.017762559238682,0.0635629730800775,0.0379593404525086,0.6174525922740641,0.1411366107476814,0.1920013694732328,0.0494815375463035,0.5912241300014127,0.557405610195693,0.749451916126181,0.474905818974944,0.1480610938660112,0.1636736185535803,0.2607326904729364,0.0490106841805002,0.5417981117966584,0.1278065485249142,0.2075007594626525,0.5027131394603457,0.0882767309838243,0.4866720459852232,0.0558374417940977,0.24673464572066398,0.0114369555568407,0.3320550854324689,0.9418649922598186,0.3491264555843814,0.1864579433065788,0.5016306059186686,0.416773437852129,0.2504279626368001,0.0716331899250607,0.5065495030545497,0.0747926889735097,0.285793705667838,0.7295257622520408,0.1098231252969333,0.17816336230705818,0.4297424257736134,0.0450563009616655,0.8547433078888129,0.4795636251551448,0.3862520389784669,0.2677818183775614,0.0560938342622768,0.1038086685687943,0.092833832480873,0.5161918265836002,0.1955569150448654,0.4816767475734599,0.0701604034928366,0.310260257369287,0.0408436562912135,0.6280415874193697,0.0987507433111852,0.0875608763399889,0.4896050409122819,0.1201208664625423,0.4754994999230592,0.1095463716016305,1.0,0.0768273892086438,0.21134733634731007,0.441558178705084,0.732609365400219,0.1556108492916487,0.1446055531945578,0.0747234929670172,0.4084337147509798,0.2093547616805058,0.6378475862252888,0.3208355319647901,0.4982844654161063,0.0355347861162025,0.3452561638248574,0.2677777777389936,0.4462976418533724,0.5115575064895684,0.1928934719445674,0.0624948691309437
TARGET-20-PARWXU-09A,0.3895349983848167,0.5289071057324721,0.1114585107883197,0.5044005416258459,0.6281658578468837,0.391220265320668,0.401119736355322,0.1742371010272013,0.1064943365215596,0.2395115655190228,0.2627235653484037,0.2358161079281705,0.7067420015608485,0.5162493876049646,0.23474092761800228,0.20095423944411658,0.21255051225174723,0.4660784835248907,0.26489548023823656,0.293529693313629,0.23065741128904252,0.3634508609603322,0.17027216321167649,0.8114410550674562,0.0489993645197658,0.2279921646047683,0.2556537704244723,0.817811250116304,0.8597825569041099,0.6791339484455585,0.2827404562870309,0.5782863918764658,0.1374822551233058,0.195822231360296,0.15271992504986365,0.3099056171328584,0.188729647882527,0.4978999202039992,0.8435010816590145,0.1064129791012581,0.6045918580336919,0.0911916595737097,0.15508470684691117,0.2073723460533306,1.0,0.230822807176021,0.6483649628649015,0.687955868504388,0.8425395932564537,0.5750416166995207,0.3666387037377535,0.3117667446417796,0.8475408044190119,0.2242709270305752,0.158824715065748,0.7190643740469382,0.1724369554261325,0.1140715101694718,0.3731331115887855,0.1873195139980843,0.8821386312071753,0.3520205510896101,0.9000069722956439,0.1263687952366107,0.3014921719698806,0.1872374590595412,0.077978386217639,0.4655500477753796,0.7046974500463208,0.4335531637845202,0.5784351524375152,0.6702392602335938,0.8163045387836878,0.5664953124729597,0.3276680607484696,0.4224247247046706,0.4698609880908895,0.1545370032735718,0.2810453493241193,0.5284905519507751,0.199046306853705,0.37926416526999357,0.3341129329267527,0.8555891415200801,0.7120770941019873,0.4555295579838951,0.4166068806485335,0.4272663240376013,0.4912615922863915,0.1991034737553348,0.5372496795659594,0.8804570417536144,0.646609101982001,0.1592827518471728,0.2959842883739311,0.0397849498773995,0.5170540144578099,0.4861032122176434,0.377733994039112,0.1133348128930412
TARGET-20-PASELF-09A,0.164044147058358,0.2732985024451827,0.4898318339917952,0.0589793436820344,0.2578985823998001,0.1799594912000091,0.4216642521621301,0.1925546002081406,0.14492033880087313,0.1702012123977323,0.2248818585008041,0.8082740799547978,0.6061220615355842,0.1844233832793762,0.1109887279720744,0.1054059425422876,0.079726586458399,0.3277568494309882,0.083875160864037,0.3302841537860471,0.0565791923385138,0.1038284547530682,0.15710604058875147,0.678699980599375,0.0348198268835589,0.2333469600508718,0.18943910313482903,0.3948752532791757,0.3330051413061289,0.6540640431384592,0.3211207240563152,0.1652013763693186,0.18582446271174974,0.25172812832823,0.0779312760795215,0.6004000401968693,0.2020696332525262,0.1825450288949978,0.8358077792095475,0.17486610413735096,0.0481997902076174,0.0483573296929532,0.1823907642649403,0.1191301299333002,0.1850723473375643,0.2742300898049706,0.2724445254551551,0.15096624987469426,0.8402038747738301,0.3985788179471183,0.2456296035353964,0.0526870456707449,0.6524265122746447,0.14040728171691053,0.1732823456312864,0.3861071284372076,0.16916000433230613,0.15450380359577784,0.2748444909706853,0.0735982896810907,0.5755531860778837,0.3205392148695912,0.5455733215059984,0.0897999314225336,0.1858840900120729,0.2349312155543806,0.0554128392351336,0.266479273520619,0.1125404160634467,0.4985827064152681,0.1902532614130655,0.174174020417432,0.1300995568294122,0.6121092507630215,0.3513531625606733,0.1813507308567271,0.1533556141059636,0.0357409394538661,0.4429403848394637,0.2268857437598005,0.18880511959844462,0.3612698220143648,0.1556951813956425,0.5478023704990798,0.3133972089396497,0.0726005930393426,0.4505437127539239,0.47218471681653,0.1263329933444675,0.18205042756031461,0.7010736931963493,0.4241320530308493,0.18990278470367042,0.1131891790681931,0.470632301302449,0.1093698328772742,0.5371859527884946,0.0853963459209092,0.1389223630035824,0.0990790961861921
TARGET-20-PARFGK-09A,0.6204604780888141,0.2858099799410497,0.5215589359040639,0.1115648111405007,0.3394472664197514,0.8194414339207883,0.1912059421857521,0.3126526342394279,0.1431495447647501,0.3219511261333564,0.1876376641773213,0.814216979010328,0.6563675000593765,0.2354565993725212,0.18482831681287715,0.1813280341076618,0.2651524095673466,0.4047528184988557,0.2169340971830112,0.3424719972898079,0.15620648714671223,0.4594202559562386,0.21408132583518116,0.7188688529671401,1.0,0.14107892557140528,0.6667506837238248,0.6742455921304451,0.9002518192938799,0.6318212539318024,0.6360329324127195,0.5494220303916239,0.184803463517031,0.2884085283861809,0.15576254551116517,0.6344525974157459,0.26080915237530616,0.1856532008055221,0.3934061371836002,0.32896117458764057,0.8511680507004911,0.1636351409561984,0.1066383898570063,0.1211585441048457,0.3871250094562423,0.7737899303145974,0.7324242503745573,0.7039000608823979,0.3965434161761059,0.315569541424495,0.7407933575725909,0.8737030824020795,0.6191323977039952,0.1211911665796211,0.4664325998789896,0.6432766578511181,0.4075293712148256,0.3232937216544323,0.4976985508294171,0.3708540269102999,1.0,0.752523483177776,0.7079211542874493,0.2182354276992218,0.2153262758944185,0.8733909597537762,0.104818442493278,0.6650278532290712,0.8843475307296986,0.6316125343249382,0.5135723676720678,0.9593067720784424,0.9122243378352222,0.640048197598037,0.2935795705536576,0.30160646037012473,0.7755784330962956,0.1802517295000622,0.5909379202204723,0.6660056701424784,0.3098361119113662,0.38951987237590446,0.3287772702114594,0.8708369382208211,0.9111667612796313,0.3191765653188305,0.3181806294796311,0.546974066472071,0.424578327375861,0.2809294720762619,0.6401205854926921,0.2037976741635047,0.922003771429268,0.5072269179143476,0.3147797593275176,0.2166318477446528,0.5628991091331305,0.2840087340374312,0.6173674876541977,0.2082367959336026
TARGET-20-PANUDS-09A,0.6792991154817177,1.0,0.686185042258735,0.2467133214484555,0.41855918045279666,0.4769023436549839,0.7694166905071229,0.23805972161076278,0.2580963104081862,0.4184552252767624,0.17278396225870785,0.4790122593554701,0.6707482057512881,0.2961495818948728,0.15766868120718083,0.267804259278513,0.3339730934422548,0.3107243762273168,0.23038036917231278,0.3979954225350742,0.2366733774109075,0.3522706127413375,0.8925963757367299,0.5858683012360435,0.51935334293113,0.14445324587562228,0.3276294081836671,0.224606872218815,0.8213473945540771,0.322316877433482,0.4327841446411284,0.3471590619627182,0.32059196096592113,0.3179717106350131,0.2767664016660327,0.7357812805460484,0.20073645704943144,0.2335085019596896,0.3589354513204124,0.22891257913308874,0.5191455370892776,0.1089728910070732,0.1930049915786586,0.1523892397803356,0.35041206799150515,0.7917531973015125,0.4590253029660682,0.2615582800557244,0.357350396947319,0.9534458224641555,0.6156549833613869,0.1338616675598374,0.6855050417721426,0.392258842933895,0.5343725572226058,0.1761226127454349,0.2715545101197992,0.23938828742466806,0.5783881502721128,0.18488706376615274,0.4441758935293795,0.8605142977466164,0.903318946129538,0.2936439090782776,0.1232167909378562,0.3977907133031504,0.2727070727569443,0.6952160469743549,0.25550723190347396,0.460791844123037,0.2652388172492593,0.5468723801257345,0.3755080164757921,0.8867002375075788,0.2535761546643909,0.28246006373156146,0.5444866481746299,0.21157275400765457,0.5488263713296249,0.47571789505641904,0.26779451705092966,0.326035735503064,0.24267121730271937,0.4808822896990328,0.9495260098161258,0.303691637269267,0.2270801088145349,0.22911659245556745,0.4515042408353365,0.21234765717417095,0.6857872128718505,0.3123224861143568,0.6027656340185017,0.25535845476677244,0.0873741336811643,1.0,0.3970054921242264,0.5168912182581584,0.6243948127402842,0.1873426019104287
TARGET-20-PALVKV-09A,0.3468387405700318,0.285468334368098,0.4450286877442638,0.1874481663094837,0.3004012738905572,0.093582296701895,0.5912551653134104,0.158194939290199,0.0951130556280509,0.2924500007830574,0.2194524359774586,0.5292214708022549,0.667210706891908,0.0889807211526206,0.228958685567998,0.11721889072274609,0.2512865328615218,0.1704396835365552,0.21816695523835433,0.3056098867382067,0.2233622865586473,0.1304949942711109,0.1569628231345477,0.7983379844811369,0.138517164171316,0.21965177716886725,0.15553958630619555,0.749429607632587,0.0907163858304007,0.5256528240279835,0.3027215396779069,0.21227675959053346,0.22879942209241402,0.3192906594918326,0.0527658266945585,0.2342391781486288,0.4146928172940228,0.2584234526738483,0.7474381423090262,0.173507727083434,0.1531885864927287,0.13245931432657623,0.22690728340085897,0.1438184954160418,0.2804769077285085,0.1978305113950465,0.5266908106167916,0.14587175447285133,0.747878924046343,0.4716907989868424,0.2769270488139168,0.175562002102997,0.7669652003036558,0.16732358190405494,0.3872690773255547,0.6436847477041495,0.24602600468220664,0.16457064322713422,0.2636971645363722,0.15983341419717303,0.7144771112438868,0.1644112792798644,0.7434024915970991,0.21299351417993181,0.13724503759828446,0.1202463316458111,0.0696446668279156,0.4844912241321688,0.0824224573180512,0.1653963354683227,0.4524362240204893,0.3058869662221204,0.1635133737038162,0.4327642274986822,0.545097516784719,0.30038414589897966,0.033244293006075,0.1135918636009886,0.2033814320265602,0.4825294319103653,0.17048876803913687,0.7777652588833747,0.13603449631763723,0.5757112632980673,0.2116123382960507,0.5524369550578502,0.2740720976485367,0.2015100946196087,0.4326358006581611,0.251115118293821,0.5240075202726684,0.8387389431869883,0.0647891271926643,0.2597125695569484,0.4759236837601835,0.0355330459294635,0.5125146273889838,0.1959419143461713,0.0940617644033654,0.1566037702750163
TARGET-20-PANLLX-09A,0.7941857302194262,0.3832000811503491,0.7040419216505256,0.2460218351787641,0.29718623470984523,0.706243361277445,0.4275902079222675,0.2551425696566015,0.18677514935612818,0.41448736886541593,0.2764698013755685,0.553939018782638,0.1484015920906018,0.3226927275936988,0.224101086336167,0.8159170702329507,0.44938768215114455,0.4904646661393811,0.5538069881311682,0.3973911177615846,0.14382447034654322,0.3126708010042079,0.953165785935274,0.32995639325488985,0.17653541462880679,0.1667562084414871,0.26010157168995995,0.614377866090702,0.3291606749280187,0.1665748952794552,0.7745879948021995,0.40784747428368495,0.2587732649200365,0.58045943292802,0.6453761079529133,0.4672509744224064,0.2038404008464619,0.6516136899426078,0.2134783551837207,0.8129981930985918,0.3662264126294067,0.2539216101402153,0.22335260356768913,0.19224583425153727,0.7638407542943378,0.8533586005825946,0.4109088136772647,0.2608251864460207,0.2189183962502616,0.1652403829887376,0.5854850320187408,0.2792119620678968,0.3785809647258006,0.1551783133354203,1.0,0.4548512565867092,0.3888137714808011,0.14152149016569127,0.6013342101997262,0.2886212832003699,0.3177945383452583,0.9577708957157824,0.4245245976255085,0.504533926685305,0.09991320979769809,0.286128250266579,0.2311447966357422,0.7243117333378659,0.1873423041687146,0.4858567040801797,0.28526891847193375,0.3095363874399741,0.35434129065746206,0.3523131746843089,0.6875572910031417,0.8133792160969487,0.3298726528303451,0.2359886029191616,0.4252338800312935,0.39819118785839114,0.1997299233068745,0.35193019325858094,0.21207056972239102,0.1605814682139495,0.6145253802896768,0.48311769503850965,0.4278936659187774,0.2548296685675341,0.1362222130458212,0.2697904891055544,0.4797778777885118,0.4823602009884461,0.340368791551165,0.4721485153660169,0.6668178008868534,0.2731281858875323,0.4277395834413083,0.21798517828644146,0.4941521898564616,0.28118396915852517
TARGET-21-PARLSL-09A,0.3282120111832282,0.4229004687106232,0.4611516941224547,0.3976044650598127,0.5022652046687152,0.4396198111920676,0.5691011957446308,0.24667864962800315,0.21781223579931497,0.3119537399648409,0.2285707544690302,0.8443129982816442,0.7930494453394275,0.3325182745771809,0.0530162491213647,0.0632059076397048,0.14385230910081326,0.11603065987046,0.16503937706443356,0.2099199707927407,0.088378544638764,0.28467050162062807,0.1735477238412431,0.4366584826203476,0.4367770876235775,0.19159345847371123,0.1262540958146805,0.4867648369160142,0.5630884136058034,0.3100138553309406,0.5098294265378521,0.25157475226508735,0.2101617142044749,0.2173643199904551,0.15068851977426226,0.5057068627745933,0.6038873593795934,0.342443780252479,0.3283182140395086,0.2915366866685529,0.593895507308937,0.2647085447558963,0.13063691636778132,0.21600295002631598,0.1109772884748741,0.8894875293619098,0.3757469386422432,0.3413295081303667,0.3255419841808689,0.3853395801029113,0.3683713424679534,0.1670967045394149,0.5869744574976137,0.3009128444687643,0.4045814897763145,0.5371748534648186,0.16675324605531236,0.2268827237234722,0.2820220619191794,0.1660678115994151,0.7507418546368676,0.4496924478911635,0.5349992229720288,0.15408226561612737,0.2622996270710472,0.3658350768948764,0.2602600220265699,0.1443292030349598,0.1835507538109726,0.4693423139582197,0.2561536524183994,0.2976949686248313,0.3452609244675698,0.6188712886082268,0.2091493546014825,0.5333113591188231,0.2599201446825555,0.4321275486425721,0.5212665896106861,0.1909241241869652,0.0888208478698343,0.31840176106725154,0.18392552442176976,0.3782875139119885,0.6064325730295397,0.2775476544471965,0.471018035995867,0.2317606580063894,0.4596687843742996,0.2539615977673645,0.5157183859447823,0.2878086711363578,0.4688525904121344,0.1768051911213641,0.2357550317263875,0.1905927132218276,0.4771878784652205,0.3264650399737888,0.5457565537806999,0.0858440726251483
TARGET-20-PANAEV-09A,0.3355700209574219,0.27020057877837333,0.3619864200646866,0.2825488313244125,0.36056063183682086,0.0837225676755028,0.425937372472158,0.1021758416912718,0.0579232902715402,0.30007861202006025,0.3294282795170979,0.6992014589120756,0.6129123359270809,0.1022120163813011,0.19059898125354433,0.1054228008288385,0.18420381184816892,0.1524823438020151,0.1490338975276153,0.3244853951207802,0.0816846101019612,0.28471854502691635,0.195632391440861,0.6233678539144885,0.0714765375396803,0.1545669918247373,0.1659175296074298,0.4643713471101702,0.633994118787496,0.4839576582159753,0.2339268144648176,0.27132303126247265,0.0747779161860031,0.1065095883893021,0.12404448378873048,0.479335957538392,0.2333842808111957,0.080592296213166,0.705926683697701,0.057879039190912,0.2309078660940163,0.07455600570175318,0.1821117148808816,0.0278838147799986,0.3403592730078554,0.8139589788370913,0.3724092921692796,0.2507226074875571,0.7051118832760386,0.0987796622723724,0.3757768296359292,0.1634688766309356,0.6960275964952698,0.0924968969819619,0.2051154068908996,0.6820943724184014,0.15100714733074683,0.062044587637969,0.1677449496740737,0.106255450958051,0.8036474907132485,0.2282865507011482,0.5560325526317267,0.1296461133899811,0.1926714358875438,0.1645703778662652,0.058526961287195554,0.1589413809408087,0.2345992779011743,0.4892975054124763,0.22032347348453685,0.1786690370033195,0.2739245657527899,0.634076323487923,0.0293257449730444,0.1410477958854716,0.0381876678150707,0.0515999713551857,0.3558614157115342,0.22829327999829124,0.2034151931499968,0.31041029564521605,0.21283837874391812,0.3979683502564664,0.5755339535548172,0.1714932360624837,0.5769894427553864,0.22098644294850037,0.3070077457820472,0.2189428532294229,0.3839005046179049,0.4684642866074766,0.4846182745326194,0.18245007911993227,0.1917773992168346,0.12974300288003485,0.3230930554500434,0.2224878338359069,0.1080486028828697,0.0171871343384469
TARGET-20-PAKRUP-09A,0.2071085407157981,0.1195061461303179,0.4943281404489535,0.04664875812212,0.4809393676261544,0.1677441154138906,0.9999999999999998,0.1591220156195147,0.2028186948189984,0.3526321789718523,0.3264509279025543,0.637033473257308,0.6825079359387756,0.3729184772569885,0.16538588357031378,0.3060223703908286,0.2038569989656169,0.0587520211076363,0.1582887475858147,0.4151284968908172,0.298024650065772,0.1546225030370416,0.2501598749746391,0.8203365046580393,0.22762713767246062,0.11439498195506664,0.2166210644421889,0.7125475439890465,0.773386933566688,0.56229703940882,0.2090452857942106,0.2840924863411163,0.0772721432645928,0.1100622295036819,0.1342128908376966,0.2059729682338169,0.1893953353047177,0.2295893223872417,0.8956648766347404,0.1598804707860688,0.5857253308752726,0.3276733961152354,0.0445888663649245,0.0542522740140757,0.3983897934597233,0.506519686374064,0.8768648416867477,0.0931176735357966,0.8958873742361693,0.5275275494201599,0.2923006742981796,0.1622352984570374,0.8931859071273937,0.1717073866330816,0.1456608581198157,0.5974539855121125,0.21787495697137774,0.1713870516849139,0.4941142485566308,0.2352808975396467,0.3912979824287413,0.1386422695864318,0.8913102852696868,0.1898631411857425,0.1015931212007825,0.1937974783948612,0.15430858957469407,0.2776899965891779,0.3888302780376149,0.1696858198295852,0.2423086526600429,0.5850132637185437,0.29758988467231035,0.5591182830822545,0.391268323056188,0.2618352529877153,0.2575018908766704,0.0532258091714383,0.157053582557712,0.724707381383718,0.0449743570765919,0.1935563529468517,0.1421413003388651,0.7650113722147515,0.7157143139870543,0.1534987435740787,0.2675004126168451,0.24002529297289174,0.2307651368899386,0.1119064575621167,0.5824219902431662,0.44854304198947,0.5703996130928499,0.1646493497052216,0.360917845697926,0.2935276655475782,0.6037566792215932,0.4190223985373333,0.3942131452187668,0.5095484092004453
TARGET-20-PARAJX-09A,0.3619251763773501,0.1591234166063965,0.3632082489177849,0.15653811114358387,1.0,0.2080747254477627,0.3508195027935796,0.2773743571871617,0.2063002149168785,0.28147998063844926,0.1687980391326865,0.4036331243895116,0.7184464944347404,0.6680391429305859,0.0661170107999241,0.0426139287181422,0.2309673664188224,0.0782287993873017,0.13684832575097874,0.4125364059360381,0.22808751091065,0.8425491783352491,0.20605247601676419,0.7532151595197736,0.1598388040593849,0.0943384261111624,0.5493316583974913,0.5177463310461419,0.4234934426084972,0.5502523246008196,0.3001767463121107,0.34744231329880254,0.11640094859163919,0.1949847169449099,0.1433427675758318,0.3727549155202245,0.0943384261111624,0.1087437604470948,0.4358667215436416,0.3857842129153454,0.4767951359105011,0.979815714228652,0.19460818762345086,0.1468609725829732,0.3261366615851472,0.1840075727014411,0.7183069800345967,0.1704562055186531,0.4327005298361475,0.4798384305161558,0.2851831255322702,0.2666474326707185,0.850403557875747,0.0674726351145673,0.3482760057160047,0.6914552479891084,0.1290477720468245,0.0853684420779104,0.4044674262479905,0.0775089273840665,0.2999145419457388,0.3515844041853656,0.8375753670425139,0.2567994072004831,0.1640590328729564,0.0924908621055202,0.2341009388072794,0.3014089370336819,0.7024527319114559,0.3943109985787498,0.23252474518766986,0.6008145720201694,0.29204832810959436,0.9186427262553388,0.1308154389126453,0.2349632539221423,0.0515268927185235,0.1440823309895748,0.3911060825813754,0.4173219286290748,0.1550107512073333,0.2577218761049396,0.26847858126577867,0.8625127443671403,0.5554480740929961,0.31864074990872654,0.206172575486339,0.20974831206014755,0.3368819264300686,0.1490043687643043,0.7045681890384132,0.8584597088286602,0.2078114293493898,0.1192034746877106,0.7387150408911828,0.1297808424719649,0.8806972286728931,0.10662038105662953,0.3818118021248664,0.9733374274617914
TARGET-20-PAPZIZ-09A,0.3519129978847793,0.2999793536739062,0.4719733652063491,0.097673051916271,0.4267096005164477,0.4973850672441063,0.2876690264108648,0.22021398522829072,0.18034460657020804,0.5022660664890609,0.1235645305648406,0.5434891700291329,0.5103367752907859,0.3481001873443903,0.8154589822902746,0.0670104281548142,0.2333698849940864,0.2192067123737205,0.1389019007353607,0.2180791749138035,0.1528995865786878,0.4600777014521411,0.1026846834092228,0.6152815323787568,0.2637851521500455,0.11334882578381325,0.3244785755865036,0.5378184373154897,0.6547072610797644,0.4255060436460112,0.2625137674649747,0.2735826071200409,0.36747902628514884,0.21885862330563563,0.0695264583589675,0.4047782459491471,0.1483472309481982,0.1647332328650309,0.7487346636746359,0.3035717921026173,0.2747632541527472,0.0431420353725153,0.3604122326951359,0.0603304355077376,0.1176572870142614,0.8555226167991488,0.591536085916319,0.562784413204654,0.7485647840524812,0.234245551314348,0.6234604788615592,0.5739827389264515,0.587741159026001,0.2572019871467878,0.3584881717408722,0.467910112477501,0.361607720827804,0.2405348077023452,0.2674514822212915,0.2954597832283853,0.8060438433272477,0.0856692905184758,0.5089428704462344,0.1626024176829522,0.2362574130643004,0.7178264979809412,0.0917667234925476,0.2900757200122487,0.8866822232002096,0.3918327380364361,0.1897925183799959,0.5986286414994335,0.2154520544852002,0.3851214246443394,0.1883841239653387,0.193770417628453,0.2380706687656807,0.1757323681855408,0.465504060619514,0.34125541105401924,0.29191256994167114,0.27428473933321307,0.6102070464089209,0.727378445173025,0.6693536926990905,0.5500015420843208,0.483344903306396,0.24380766749975272,0.2641732573915112,0.21152624937408412,0.4288845725978103,0.5999621792133322,0.9480396911369532,0.4543971124356109,0.469196139714468,0.0468198262576807,0.7130705983057122,0.5459495731846299,0.6054109852435992,0.03718670877531
TARGET-20-PAPXRJ-04A,0.1378891544467782,0.5184656767691942,0.5272207098701258,0.2023810551455112,0.1821842994236258,0.18808259476686,0.1874989942464691,0.3302738647128188,0.0418661422151558,0.2597531959245124,0.1147483870701486,0.8563446873882481,0.30324242451674,0.2687001868185101,0.1472213848145091,0.1865995265181711,0.1730644921427103,0.3806370661091112,0.1978382320099957,0.7041754718083663,0.0313009137560105,0.0574402951565885,0.18788352185356735,0.5372685316174493,0.0192631310775993,0.1367108148683142,0.0447152482606627,0.4263516151279203,0.6634773732604519,0.4376667745352458,0.3350810356646812,0.2549246381314126,0.3662677287158438,0.3067556900997949,0.0444807803256169,0.6572699175776626,0.0495569869909032,0.152979764352313,0.4915452971885679,0.1481346471609528,0.26974381915906,0.0276008794852893,0.1104363808003228,0.0998356368002749,0.3276324991917909,0.8588568751818557,0.0732609385771821,0.0662480227832903,0.4920962027441993,0.2418130621800733,0.2535053080967417,0.069402680064864,0.5123940301937994,0.067879835260829,0.4335800106024087,0.5794550574027881,0.1298265806936631,0.0858836441600766,0.2524229261995638,0.12421222073821768,0.831441305907832,0.4055768145117679,0.424396924384109,0.18257526380618935,0.14310743919824742,0.2251378848921953,0.1715536003270894,0.2952026192430921,0.0362800910665144,0.5482086870736413,0.0634022307272629,0.2924483499865609,0.0719740745616939,0.3997108500496452,0.1314705326406032,0.1035094307052912,0.3743815560709475,0.2438626927235778,0.6492261616334436,0.0676193477675444,0.2466475550516887,0.2592772382968354,0.1948146411750573,0.3903429906701035,0.7026491099309146,0.0401643220313839,0.4578301880206515,0.23193791501529004,0.4568452063603374,0.2097765476051932,0.4920606914289416,0.3429360721590991,0.3517256723417707,0.1727440750441259,0.4176974820225402,0.1377794300793427,0.4466427443882115,0.2643800750823267,0.21881575415106683,0.0124226197633312
TARGET-20-PAPBEJ-09A,0.5142004849060493,0.3194052702976415,0.4343081326508148,0.1830471497464018,0.2194019364249825,0.4068625960193444,0.4162428748327886,1.0,0.0925247908195067,0.3533106228512945,0.0936630693692074,0.6764056063506765,0.6868176069201932,0.49129115074723395,0.0414967740621731,0.2863893795684215,0.16276787237143595,0.3366198013472246,0.102548380448537,0.9462757338975576,0.2798156721920869,0.22925807960196037,0.19762375044417768,0.7244245873959227,0.3643965878442178,0.1095216710298771,0.5720641237279646,0.6972988342275581,0.7333510483830308,0.3539626521657081,0.5366851124918866,0.3695382619473417,0.3841462499102426,0.1701349723020474,0.0939119882356183,0.9272579383360408,0.765074589638156,0.324955689725304,0.190418758494486,0.71402256125901,0.7935958489262533,0.8137293426309972,0.0689257847872538,0.7764916921497828,0.3219593238732965,0.9611702966094484,0.6156657584599521,0.1940612585314907,0.1926671024866597,0.5421743505112768,0.5133555183190155,0.1791342445586122,0.3981272944313998,0.25099146235346703,0.5080117551024451,0.5634006641641621,0.5552946706447246,0.8288882580868252,0.5410085220821836,0.27876481627249444,0.5088580455276164,0.3868655268308915,0.5640803591672889,0.1924164156732307,0.1491291978257755,0.3891086846723949,0.14305971544680943,0.4501932767861256,0.3367595724521561,0.8424998565629852,0.1401198635733503,0.5871868126825817,0.1590637646770707,0.863253625554913,0.1479011045794552,0.5016890942719379,0.1872099717307557,0.0436979842297352,0.8896696348310786,0.6946413611942417,0.0695216790540517,0.3156878498939402,0.2135058238656534,0.6868230871550379,0.8417520209889096,0.2253217956678986,0.3422719501529186,0.2433050019207383,0.2171037774370088,0.28329560602124126,0.6560630575272033,0.4337067221593444,0.6328022478938754,0.3512917458401456,0.2023679687485742,0.0877441175426455,0.6814347246934609,0.3296493344200861,0.3391506533877547,0.7269337296647099
TARGET-20-PARDZW-09A,0.2415153217462926,0.1787759198042652,0.2783373919273333,0.1779361238206728,0.3894447615331805,0.1063917081860024,0.2043311906132929,0.1080219903901734,0.0895409304467202,0.28354485688954,0.0908706187182174,0.5496817768922669,0.5521535302700311,0.25452789535414105,0.18238213490536706,0.16431411633045892,0.17588504743173625,0.24994561277692104,0.0520755292531986,0.312164769742041,0.2499498810630119,0.0644639208689271,0.0384973798517008,0.4872994396898887,0.1201514618396039,0.3044886211015958,0.0956344368640303,0.4075854819815903,0.3435853625558485,0.511797241943297,0.3277054978426167,0.1025684960740003,0.18452492528573666,0.22323189790498177,0.12086759584547087,0.3955491129162901,0.21944883158738207,0.12486762445545035,0.7057473339251197,0.3340619042809138,0.2129321987768156,0.0308236978517992,0.19829664019872287,0.13858741744954683,0.1205721303459431,0.9678075442066932,0.3367479890597871,0.1527110818802841,0.7059406764016161,0.3184191267309539,0.2672057504696747,0.1956407738879221,0.7572913921047463,0.15016282496441008,0.3725182745976458,0.564196904707925,0.1734650438692385,0.2114537991341646,0.1713993083567941,0.1249023613291963,0.4043749503012768,0.0612081535634222,0.6135069017477273,0.2342492161722941,0.0298332091460327,0.1921983844626051,0.1671762554116245,0.1023587071699946,0.1423209867669383,0.3471129374313397,0.0711548639047502,0.3542776538641285,0.26330613209879966,0.2404992784113478,0.0453333102905551,0.19121577461621897,0.15632662892359306,0.1984129472455703,0.3794038160998916,0.1446204258369534,0.16014603459701798,0.1519384199299343,0.19387617801024673,0.5049299418110442,0.3800374218119655,0.0859011739598477,0.1904729150450105,0.1984848788655997,0.2935175047628994,0.2610996281527603,0.3974013113443992,0.6082599331940916,0.1344704346545247,0.1339256740814806,0.3489932237149163,0.0479797413111458,0.5153659227354725,0.1010411356076957,0.1270101958695651,0.0381079728368191
TARGET-20-PARTXH-09A,0.2704489100289773,0.2679556235597597,0.3299418505440774,0.0710870452198951,0.1534254316102666,0.5956739767497381,0.6742912200242639,0.0425562804690605,0.4953990605279094,0.0779520807058272,0.2233994959369479,0.4036851876387124,0.7494423186450225,0.7115193999885018,0.0155447577695748,0.1103026172675515,0.0365147416663645,0.0340210507424106,0.1631039840865213,0.2766375050952502,0.0259132453013073,0.16579097470667645,0.19383631834855394,0.6115336718122082,0.3374345846515691,0.0410269927037635,0.0370186380474248,0.362352753974934,0.0600466228548215,0.6037174776139009,0.4421703178373848,0.23516640020161017,0.0447453459033062,0.25955391353581275,0.17038105642114487,0.1734540436764265,0.4381213516941324,0.2925788270757459,0.6168350721715345,0.114847532286552,0.149361915464737,0.0710140129957645,0.2275258912674102,0.091820979862223,0.3035854706097135,0.2319396636316311,0.4193347447875444,0.0753644155605269,0.6156928812912961,0.4345642848515825,0.4337656245734508,0.2728665055105386,0.6334432308319095,0.0547767175618892,0.4498635560381635,0.5765133235962363,0.0561217970285339,0.24720660753695706,0.6009505769414334,0.4967734839839657,0.4170467355818785,0.0932411083834693,0.5884231477692858,0.0411283292463806,0.4965010340504408,0.5017114193298413,0.4581845367309607,0.28453574613639,0.11439821214719643,0.2937599247957074,0.19630750136188263,0.5621765597831676,0.23388212207550188,0.4006116754985952,0.0175478359068881,0.0447453459033062,0.3501722722557255,0.1168409911345036,0.2176106124410307,0.21999024681243498,0.12889673766598983,0.3272435047500029,0.0437148545678184,0.6427040030097693,0.1221152798776598,0.1669647282173933,0.3703371946716239,0.24267849356631857,0.4502030907594982,0.17406735219073963,0.712941021993079,0.274377505286294,0.0782916730259935,0.268179596418905,0.3603964113312624,0.4104695200168383,0.2855562252059032,0.1296970786974783,0.0342768355932952,0.0462897591094399
TARGET-20-PARYGA-09A,0.3582926370886528,0.2067732876670259,0.5175160868053121,0.1750554678897398,0.2886050105544567,0.261918626170197,0.5376897862372272,0.228740615278745,0.20731946545966168,0.30814113706392765,0.1770479500253811,0.8831591339965208,0.4529745436733958,0.21134838546336418,0.0842068737290607,0.0789303738097482,0.2163779086264009,0.2850254493069163,0.19730982055988616,0.1771439242072927,0.1553372781320163,0.18411235682394986,0.3266645595766658,0.5180911083281676,0.2572546052054864,0.15183727299265637,0.0584688783752343,0.6282584035180001,0.722435131566962,0.2836680628538374,0.4023993187170016,0.24478122653817086,0.2817312484389893,0.2800819701373419,0.0303699917078229,0.4016712772706331,0.2361772542076403,0.2360360294858462,0.4591065883773415,0.1034844520392912,0.2830729925670532,0.0188449589903913,0.1099671245630308,0.0263530585239859,0.2428648265561765,0.847030833332699,0.2078787896125123,0.21526079990759225,0.4596763450732546,0.1733356854933587,0.3785801590276503,0.069139611577108,0.5768147441073221,0.0463460851835039,0.5396203538167909,0.390857523630768,0.0886412547230168,0.1109322173186171,0.3670972519904746,0.15526594028620985,0.7373088315900953,0.5196021009286658,0.5249708993156283,0.21395683946716107,0.1702671976228709,0.530208139090744,0.2126235582812767,0.388827164912777,0.1627034432388568,0.3431126447495698,0.2235531817140069,0.2704009332379684,0.24306663885205948,0.6339031279021983,0.3362078655049356,0.2899736614341313,0.3489360976038838,0.4168079907275138,0.5572749470532294,0.0884178792296082,0.224905184084575,0.3477979957856929,0.1861832318506501,0.4359978649381409,0.778198060809455,0.180122852444876,0.6006147809835962,0.2150089053779669,0.1821683573636119,0.14539620998513736,0.4869812552870884,0.2351298646819094,0.4335602021191843,0.596315480455248,0.415510274520331,0.2268071767638833,0.4812141172580849,0.1665773225025665,0.222132141761567,0.0307296251631477
TARGET-20-PAKKBK-09A,0.3847340642955161,0.127222074657944,0.0954109370960405,0.2513321495861347,0.1510975420795168,0.0912086145461527,0.199551302068536,0.2147868414084237,0.08366506873807979,0.5728601709446778,0.1409316751117111,0.260199491553029,0.592255043541829,0.1583247013703512,0.0959743965635836,0.0639237310469022,0.1259498675827159,0.4348467681746467,0.1337344731107858,0.3430342311960576,0.16555538683077967,0.1640253359434944,0.0979547253409973,0.7974047390528025,0.0293183139272536,0.2332202530168438,0.15488383834558161,0.6874412880612946,0.6101629803399955,0.3466427998174884,0.5134913306217118,0.24598055067196728,0.3088017257188094,0.1171684104319458,0.1413062149708729,0.7135140645045982,0.25330345611876,0.2408831263874156,0.8683725701670437,0.2545169677571898,0.633067883070247,0.0411547865296019,0.17248755313026223,0.0306742548155353,0.3065775531192775,0.0950301946943422,0.3295738002212746,0.2698187676404802,0.8704773425241652,0.3098323645099425,0.217963730880372,0.1682606857985233,0.6479416342636171,0.0539456027590639,0.4793690406879045,0.4438364868346441,0.1031760481261717,0.2566954265716183,0.180521158632331,0.0619698015327587,0.2165421955289287,0.1741150558813778,0.5286127132595593,0.1418634607855277,0.1358739309848739,0.0885452605452698,0.12445755388762501,0.435245530413476,0.4455086182493046,0.7697128137056646,0.1871988926843766,0.536864605794835,0.2942951076773989,0.536404605542946,0.0856818273993615,0.4215791786485409,0.0222716310002121,0.0564625527250586,0.7091726434105181,0.1930924310819677,0.2711548809183473,0.3037336277439862,0.5587500331476709,0.7139922564935306,0.5881042496547805,0.1623567640098774,0.2121719854017411,0.1928252478269916,0.2642066294570162,0.2460744881705863,0.6118393352285363,0.7148503764908558,0.4719478389248274,0.4884287913111721,0.5383151852977842,0.0799450298475183,0.2948397538295224,0.3295721784270034,0.1182306845705224,0.09284078147649481
TARGET-20-PASARK-09A,0.2512916835102314,0.3254883821668385,0.3210981053862376,0.5386383828562361,0.1867271028021718,0.1855168681751275,0.4167329673967161,0.4153455610963489,0.23293764765524486,0.6796142531747742,0.2313507325898938,0.6863838338325075,0.6159018321799352,0.12517036421748384,0.0353167912850909,0.2411429453462983,0.2215882677321534,0.4104222568115562,0.18086506964314472,0.0554527801999535,0.108990742735555,0.2000088713341135,0.3135531857695826,0.4418491435540077,0.0362317198766847,0.2416386724169378,0.0841042062513262,0.3382407023789346,0.6789030326690986,0.389512900587704,0.5070784515712952,0.2514453614417776,0.24520651718177786,0.19199826523352767,0.0436855318149511,0.6437592031573316,0.25809482093838987,0.21142521346160062,0.4772912460354315,0.2039823454151267,0.3250271102822827,0.10519494335821772,0.20085045539831028,0.0701769527703537,0.3592728335666688,0.8776211303417378,0.2498198719752248,0.20321681548084952,0.4733127603856959,0.328065790691834,0.3618612570932771,0.0807618298404295,0.5048252083591414,0.1728245704920379,0.4138245502081851,0.6657319407265301,0.2360474834653527,0.16380803842937067,0.3110836658643602,0.0765825925569856,0.4873525547555132,0.4458649676617178,0.5024759425876937,0.1729851703217318,0.0499990771861589,0.5323994596904169,0.3302306610643922,0.3693705083615389,0.19108963245579613,0.5150617324245867,0.19196676771057714,0.1723719841437883,0.33183666942669715,0.5169292308884392,0.1742754712122954,0.1881982911540077,0.071351229106845,0.641569329722762,0.483728663114306,0.23680143595268602,0.16368947535748393,0.28509725066845354,0.0993176231958726,0.4023729806597905,0.6771347981211528,0.20062672691471378,0.3133477251310428,0.2296198983754449,0.2814668261207681,0.1472235682703219,0.6951481491210525,0.4350614867808723,0.4707843630522434,0.19961224471991004,0.6295742592201469,0.1799295943761709,0.6236400190699285,0.0888590427013231,0.2988377707433082,0.0233655098740924
TARGET-20-PAMYGX-09A,0.83857511730844,0.2929300669405822,0.5983016232969954,0.3274682376410164,0.3753515319581868,0.4196122938965796,0.6832150115866846,0.3876013661994861,0.4201766548431781,0.45923835644162064,0.2901670211506683,0.5608669224717641,0.5176204997529648,0.1372563101703861,0.1884465293873552,0.9281658355373708,0.35974777393159957,0.662295644329876,0.1626099913231883,0.256660889572497,0.1096909011018488,0.2910166948766112,0.3964407243497296,0.0417089623415328,0.1933284881228273,0.21440655472284129,0.1567000859124481,0.499610703978731,0.4762365294632407,0.2858503618654974,0.5092082202197861,0.3325232421697283,0.3791162829606098,0.4730869448779051,0.142730929272481,0.7747988023622391,0.2654401598389172,0.4676915539523673,0.049101168854307,0.4198556566584343,0.4038263392130887,0.377883389433601,0.2577745073716384,0.2340305779461134,0.33888993085244984,0.9304585003087912,0.6606729509810936,0.20492866456412911,0.0449697148342573,0.7277160028136918,0.648378406017025,0.2080888856368483,0.271724063539842,0.2653339179240357,0.764040053440733,0.5556900887145436,0.2867150806345809,0.1571546412578115,0.8308210845447654,0.20838070250430654,0.1115391454444784,0.7397724162506194,0.189293430047053,0.35287709236441694,0.0931565737295177,0.2763624852666694,0.7806560127524234,0.5854649657661297,0.2108195164335308,0.6779008782018724,0.23416924899458802,0.6780275094708248,0.4423017175931197,0.8396882797468603,0.4093303814586727,0.542440433405698,0.2059745739679657,0.5111092606941696,0.6123886925930084,0.3632531391772569,0.21042816019684402,0.26233248105251084,0.19168922594355997,0.451681092357988,0.7354736167098028,0.5177089703548061,0.190501513786238,0.17390250165224536,0.254301069740509,0.30312164436537986,0.740845894295284,0.4363652606091096,0.1752538131259029,0.21944150373665,0.5857918439974449,0.5988481675922815,0.9572437772413462,0.2903234368931784,0.533680310972396,0.3612954777364874
TARGET-20-PANNHB-09A,0.1540636949366312,0.2961243650397986,0.3120036900442078,0.2024638547145249,0.300529958689868,0.3240606289833097,0.5266783630015142,0.220602915344155,0.0802181766664924,0.0637657164442798,0.1526844706238106,0.7640464209951479,0.3183797796796979,0.0750461770174452,0.6006822821343194,0.0556490234274959,0.1710933434052065,0.2036545949359751,0.13912787214044933,0.1049693937719936,0.10583063752709379,0.8659989179884852,0.0450879128310627,0.7147116359915433,0.0369093776061667,0.1231954302898651,0.1353624259737683,0.747109518444498,0.4925030515462087,0.3528811039527275,0.5195676015657932,0.20597962720767996,0.0366022178399421,0.0521342042558485,0.0577384687217676,0.4154957496390502,0.0651379231610031,0.1094042227765513,0.5710026641941139,0.0283305728333314,0.5240879687565128,0.1377497774354888,0.6058522385636458,0.0136485411046683,0.3277550709490907,0.0527650276263479,0.4248972593907276,0.0662805223625414,0.5704719413359229,0.4170072223229268,0.4277426069504289,0.1565000498858085,0.7559247926193897,0.1072967140666629,0.3253271380950376,0.5141795773882637,0.13448043997173473,0.0303695212215529,0.2144454531278918,0.0780149503353811,0.4423231522351742,0.2196028740769212,0.4774552810710126,0.0336434557846977,0.11729184642010831,0.2578165295029019,0.020760365594711,0.4133926839484451,0.2090358803632327,0.4189198945784498,0.15917459158500588,0.2570682777120754,0.0487416707169196,0.3318212151814483,0.6006613700228283,0.1343608629038265,0.2908808246375191,0.0979890431563743,0.5370298706012822,0.1295629474866266,0.0413479610534009,0.0916836455617203,0.1011752042122179,0.5545086973066119,0.4402466055687071,0.0271997406141565,0.4977471279494438,0.1678646812067922,0.1971143031604311,0.0530077769858066,0.7496222562581472,0.3336617512159556,0.0863311294042607,0.0424062143585493,0.2783859431715481,0.1858471538458938,0.6898848475574653,0.1174435755844602,0.3452558699846169,0.2880713060756202
TARGET-20-PANTXR-09A,0.3203246769307675,0.3261582400131136,0.5323794556561675,0.23305075941757258,0.2349250674347059,0.3653702465604034,0.3132963398844084,0.2997633667247327,0.1633581989991369,0.3713408080573924,0.14619013673419923,0.7029878588485269,0.2684210329310326,0.152825816152726,0.18427792644224503,0.16403272717512668,0.1721002235867708,0.3706549442764802,0.18123833793041183,0.2207669732334177,0.1261969360012396,0.22506336058080917,0.2642631516211913,0.4924076745440672,0.13444432691241454,0.18970655983853013,0.23660714519849238,0.2662817745266508,0.6009580301913142,0.5634012464171303,0.3262936105302877,0.24211356271114967,0.2788840772542545,0.2441954228386592,0.0906261539029087,0.7054768092945325,0.193367234579521,0.2088078169195398,0.4529555257414703,0.1632333998587341,0.28522004442253873,0.0562346598638447,0.18699494081081353,0.09528892367138916,0.3340831809381625,0.8601565540514609,0.0679853652036622,0.1349752289544306,0.4589380472560984,0.3258030918295411,0.6043146311369332,0.1009237684895391,0.412142825007262,0.13317092690652718,0.2354153022742608,0.0908867804693584,0.2120300015691509,0.16963127839688938,0.0903046327377207,0.16704666101795795,0.5019031890480334,0.3570643460684374,0.3912885106995039,0.19625035942315736,0.11763264156565273,0.3923970044707678,0.1196158326296889,0.3269635930657896,0.15909602722842509,0.4970876781068019,0.2473902221729907,0.006165696679629,0.2898344454052641,0.3088233012497813,0.16050727552681993,0.3206584595231561,0.0989410145185914,0.17190117322010054,0.5044010896397306,0.2272649772712586,0.2143850551211932,0.3146267641778485,0.2179241319529952,0.3213866547490582,0.5422109501449041,0.2715669333781405,0.5918346624182289,0.2634799773997837,0.1966715070552223,0.2101269636199053,0.3649624064155341,0.2083376303360619,0.2572241879499588,0.4233910077632713,0.3075108977413096,0.2689121683893097,0.3476004758404174,0.1843391380383553,0.3734416871189997,0.154991920336143
TARGET-20-PAESVN-09A,0.1751831984805741,0.2495369111078724,0.3730344843198538,0.13376999184239605,0.1878943123194702,0.0222875102840828,0.2553085610994283,0.13346863621479546,0.0792375957423615,0.21371127542028562,0.1283345321021805,0.6314189807257213,0.2474460914649983,0.038687830393811,0.1040254954264377,0.1964227081856291,0.20370152042957398,0.0405918248804837,0.15584760600546937,0.236990563527688,0.0592414065241347,0.14341550970204842,0.2264606866573578,0.5076902209394552,0.13195388653070306,0.0489508838458072,0.0441683616509196,0.5424494219274405,0.2281799735802917,0.6332326380186495,0.2221940875970146,0.25506865675182094,0.1022942976033593,0.2592718783538314,0.0813446742511708,0.517577892750128,0.0937936072832893,0.1327741170964119,0.7163556045343884,0.2317670313880379,0.0933897015767345,0.039308424049472,0.17806015398830183,0.06352247982324624,0.1660700909977183,0.9423320143391716,0.2163604239435061,0.06777084900512735,0.715808219128685,0.1430488949611246,0.1044580471144285,0.0924373576965128,0.7594700547884881,0.0966726205323672,0.4074115624939057,0.3641960742182997,0.16557373491878946,0.1223131569179731,0.1858323357052474,0.0402182934122706,0.6179500753872942,0.275183245427555,0.4366523666434032,0.0940252771975406,0.06821646527301795,0.0346189498644808,0.12041088098714488,0.1581867305753791,0.0686652038454083,0.6183591838566234,0.1801381324177437,0.280814410070294,0.20499614320573276,0.3361688394548964,0.0578120442600761,0.1022942976033593,0.2969843610086983,0.0539294248030144,0.4620912065931254,0.06837570550900052,0.0310728242560507,0.28890061319916116,0.3243209786779688,0.2996579129429519,0.3621536272897474,0.1095468748946374,0.2873526271803509,0.0666999132373105,0.208705966165239,0.0773162734271676,0.3686326179836809,0.3112974921685828,0.1751603215782826,0.1185150564043565,0.2500323218918853,0.042659405578996,0.4524472900353821,0.1654600409450934,0.0408970116294999,0.0122706858108036
TARGET-20-PAEAKL-09A,0.4491321528932699,0.22174255347787894,0.4183349163935931,0.0919867266987307,0.1490548247896139,0.2223863078748359,0.2748883181214776,0.0413439862116641,0.09795024021830388,0.26787724357536535,0.0347795258517393,0.5305128954166409,0.7761593874369179,0.4338354340925481,0.6080062594382573,0.20107523235604247,0.21298007579428663,0.0616997894543527,0.0696681676072703,0.8103994297787327,0.0469956613414219,0.1976778616403907,0.2063802585076141,0.7085511872151289,0.3289748471292668,0.0744056034874869,0.26664165602381934,0.4181715586320851,0.5239994897418604,0.5550630193764806,0.1827703227931019,0.3649685019593975,0.0811491227063894,0.302280779385917,0.15095689520122804,0.4324823923025717,0.1397107587202582,0.1233251796140419,0.8864568107197588,0.14692760231902643,0.2628134286708136,0.0406303943531986,0.3073892561525,0.1018229991073036,0.3444469994685701,0.6369723149137032,0.5761199650194138,0.2081196631957598,0.8863353972550527,0.293272826197724,0.1168103444600857,0.1173047490616122,0.6712348350107178,0.2132460390324383,0.2974647047881086,0.7026493947160568,0.1758863929533433,0.1264266355198399,0.3881545507632692,0.16317783517973378,0.6130863688964407,0.2209173150732227,0.7971604585696226,0.1983890641084608,0.0399117405978337,0.0506869068065384,0.0864242526299186,0.2187107328885682,0.4222539541146135,0.3948042213920367,0.0951930600740685,0.4554878910706126,0.2862823112449852,0.7886864970694805,0.268812204501959,0.17146553387514138,0.2996806277856356,0.1817058594741147,0.3114764912709702,0.6214034692789169,0.0886849738212832,0.3022279286520318,0.2667769003334341,0.862388911424582,0.5364474307293323,0.0603033154529642,0.160954291303995,0.1013842224507697,0.3206296099678886,0.2876570391353182,0.4480152032744711,0.3755029702858016,0.1440817299039437,0.21436259603010938,0.2261239725964124,0.5651245305356069,0.3402702621366759,0.8081729461280607,0.4340551690871509,0.0496083341605493
TARGET-20-PASPSV-09A,0.3308479070372783,0.2989734074638901,0.393873181052772,0.4834167903431953,0.7331107566882158,0.1666211838365993,0.7515695525333077,0.0533080221770151,0.3518549849170467,0.3391235728673961,0.3169877261850743,0.6123567264925368,0.7375725292562474,0.2892297981300356,0.4419740923227908,0.0433359992157268,0.20517698649267488,0.2054964512137552,0.18555396299055107,0.4213209428802898,0.1119538967533038,0.3594777845070058,0.163215895347813,0.8325745067997508,0.0688983907823712,0.1772503463710877,0.0865638609035699,0.8190004487307898,0.2716564652349686,0.4638833454072014,0.2671443585345067,0.2580002654581811,0.104631885535437,0.22376193070952877,0.0830725908890426,0.2887970116387336,0.19937703080088134,0.059784868380794,0.8684488514085582,0.1888009963654294,0.3311826011931553,0.0901947945932973,0.1559581037195232,0.1007820768947703,0.5236505562357547,0.1587686535342606,0.6637494152035959,0.0669664154230144,0.8674052738974725,0.6630974158216298,0.4349330231996497,0.2579035518938676,0.887729037693252,0.2617388814828409,0.2495687960673983,1.0,0.19108667030703924,0.0868149652055229,0.3167025626691547,0.0788222751895139,0.5918133285128477,0.1431106696295289,0.7258887305199448,0.0961739048184023,0.0950784552997913,0.129382245228061,0.1532964399406813,0.2464463084265138,0.23631067680756013,0.3237526154222757,0.29186684258016904,0.459339140062813,0.3616942617151687,0.8223247022973617,0.4211430352317183,0.2702741270715333,0.1912651877029261,0.2172583974323931,0.2593369418790889,0.3381367477813006,0.1125141862496661,0.6770004314844807,0.1022221991360286,0.7482746951542549,0.2623934744461172,0.2513598069213911,0.6699895611680464,0.2415192902639985,0.5727421209343532,0.6578335716560132,0.6774872963877725,0.6847869000706823,0.0552084954420567,0.16702993876055802,0.170592472797187,0.2882939525902539,0.7354930968763995,0.1689747290335747,0.5906097429094974,0.1266291052285684
TARGET-20-PARXVI-09A,0.3647638682749762,0.2866412184311546,0.4624255015786962,0.2649305869926292,0.1836862113763809,0.4305986426801705,0.0655771805252187,0.2486812049360115,0.10504418029026201,0.3270610289775319,0.1113338180340157,0.7002372369908513,0.413780284815977,0.12586241960573422,0.20450751251564694,0.16347631283042988,0.22066127166721292,0.2721692096617797,0.1492235793854178,0.2532893897211392,0.11973976614207596,0.16592051473854424,0.0634691067369851,0.4124292791798304,0.14344103207782355,0.2381820831802031,0.3630676384099109,0.3555494048495904,0.4457532447068499,0.423686005237571,0.3571028354344838,0.23781927235464162,0.1000033036669093,0.21686519096263737,0.0796459754486492,0.5083395633375933,0.0916929957086639,0.17065795564668676,0.6399961876075624,0.1434561966678695,0.1281591492142375,0.0266659676691667,0.22941005419321558,0.0691114792651571,0.2800082812926807,0.9730273747449938,0.0166889759238285,0.1186217588246934,0.6457214905882278,0.100981817267576,0.4938232213310459,0.2554204592038083,0.5617722958586606,0.16275101680382012,0.449718016407683,0.140392065105752,0.20650915540080805,0.1537807242620383,0.2284565597557767,0.0753354284036484,0.2267496613785355,0.2825024471656558,0.5348599008111248,0.0919194771189493,0.0911566165862959,0.3124489867879156,0.2489101286822891,0.2171419886592942,0.1743703197649219,0.3492825738291418,0.19271883106428125,0.2592441179800944,0.2416343788214782,0.2197793534452938,0.0726853779380879,0.1000033036669093,0.050179714986681,0.2249710220059644,0.5566453597134338,0.16233534284979867,0.19325386346821072,0.282783870707338,0.219430582044774,0.4912747757276996,0.4874242449551803,0.0743141831512294,0.3018948643304845,0.1249398249376209,0.1783388984159796,0.21064568804258998,0.3189491481134676,0.1162506436198995,0.0977942270021991,0.1158607806337441,0.3828375927853924,0.1269951517842756,0.3943753581059465,0.24294440106534942,0.1989940663061923,0.0229849974708627
TARGET-20-PAKVGI-09A,0.857481470790059,0.3979242932701848,0.7555849985341114,0.21034719385964956,0.398549406516219,0.4645932462980789,0.3591733916292232,0.2915663287074761,0.6114196883998371,0.3359916805341259,0.2224890778599406,0.4821815860057613,0.5032215908488462,0.376187638074816,0.25405532244993195,0.5466116048534777,0.64413947829776,0.4380216690518979,0.4456761841207849,0.3279123006635791,0.14474291145762777,0.22241779150997054,0.3294707820929264,0.4418913277936557,0.1850174404120239,0.16298769947205785,0.29798296225740417,0.6005692510437963,0.4503653112899236,0.2641033888771422,0.6514342021356091,0.35167703550594337,0.5191213231903458,0.5957800349366336,0.3391970229819007,0.8643255633511131,0.22904495091597987,0.526907289508492,0.0699183041130369,0.4018063746926953,0.4181481924111643,0.2104759872591669,0.20914978636786927,0.1712218304392689,0.3775113978492228,0.7775409750533445,0.6316553692167193,0.36569964236079966,0.0711474131539757,0.8773429189489643,0.4405001105469996,0.3179118236867206,0.2620326167734398,0.2094529805690467,0.865761469498839,0.5422511613590772,0.30900235510490665,0.19224986079827402,0.9284765932769322,0.23263430315184275,0.413103103481295,0.8131126298604703,0.306434018212288,0.8945922459317892,0.17742783391427971,0.3457186426359378,0.4477000576782672,0.8227399704219557,0.2253501769231724,0.8768944409981805,0.23535202620608578,0.6545684918802717,0.28963492241417754,0.9308260967026744,0.5493992164028002,0.7893317178513141,0.5976917509932929,0.4071301034568447,0.648789350084189,0.42216866676067427,0.4594111801580011,0.297997782471537,0.20645708124258363,0.5200354904366926,0.7593630849576831,0.9106509240056734,0.517008779231451,0.15341939079257286,0.4411491945961761,0.21657120468024632,0.6044908585807118,0.4318061220948895,0.4164869659402822,0.45758951304527257,0.7466846319291277,0.4443808490486192,0.6456912206422052,0.34586154705090455,0.4608522403073661,0.1814218818101667
TARGET-20-PASAZL-09A,0.107236137298795,0.331035159210036,0.3781175748467308,0.2978433469656162,0.3711982357717821,0.0893572248990077,0.4559836938499462,0.2513618090743174,0.13901554365733307,0.6450644552424307,0.211451418643657,0.8224164778274641,0.7975382374421551,0.1551109620271659,0.074360607417524,0.3410388426223227,0.1803513789630187,0.4523574476630161,0.19463535371957172,0.3284863549985204,0.1239597740491018,0.3935109783321597,0.313125772039204,0.5962386953537568,0.0762870181513125,0.1962585807504432,0.2894968033955857,0.3757149624566904,0.8732662592091657,0.4873802068569361,0.4561046973644863,0.3126977875744582,0.3702740442384712,0.2455948493714502,0.18148752712317784,0.9255062840403716,0.26987563125063835,0.2115682507902811,0.4951686974125493,0.3818728036722777,0.7062138378675682,0.3875077264024477,0.2020615936229568,0.1839711003493732,0.4955495892313095,0.7277646952199016,0.545363080416764,0.3180235917843294,0.4920187299039122,0.1220484662045724,0.4148029781748105,0.0949988389118694,0.5150345298192804,0.1403678665517894,0.5088492094978259,0.7048377913592935,0.1839308926386497,0.24351106273970521,0.4604444280681137,0.16448986193578835,0.5314240360387428,0.3150282005581687,0.156284630593616,0.1976605527025636,0.3351527285310871,0.4709471923900309,0.1214044023447576,0.0944922793705266,0.2533707590111345,0.8168377303281952,0.2510893533787448,0.1263357724861953,0.2850360883904732,0.8808652280268985,0.0839426227311953,0.2140458635508268,0.1844942147318218,0.3429705085702317,0.7935544714219622,0.4632454555055824,0.1624190260715102,0.2816813673778343,0.21589644289997825,0.5640437368892182,0.8667986352811512,0.19111057368057438,0.4167511485242207,0.2674196925507301,0.8624603599789623,0.5362353736720074,0.9397243048465528,0.1342551170051821,0.7044363090891171,0.2479870157592477,0.5917459018574146,0.1971959940489082,0.7886506871409453,0.1870954905407702,0.2836456458790904,0.3895752685758431
TARGET-20-PANGDN-09A,0.4170601084632314,0.3414785466247975,0.5210714376399348,0.2233249556079608,0.2218635936738315,0.2336405809648396,0.2109953392744954,0.21131626071054255,0.15490833920350244,0.4430704544186443,0.051768271189008,0.6666301693712232,0.4507849793451988,0.3236139015234806,0.3572650207224996,0.1576245873514377,0.27841818274341346,0.5295501210277579,0.1895600000493514,0.3649498894210301,0.13070881245607005,0.2974331957098772,0.2255283352613959,0.6170466544979261,0.3403383734472393,0.1107504879664539,0.7447865074305522,0.5146907561415048,0.8200550584393741,0.464069166805141,0.2547286678527304,0.3733593186603124,0.3805740742062063,0.3144933661254383,0.1947557359136331,0.4669659991264468,0.1896348592602642,0.0690162025770322,0.6956293917882821,0.2369572461479672,0.3436129787778685,0.0588761146107284,0.1274088553181029,0.09358967062874615,0.3678632509156781,0.93539297561016,0.5026944434114695,0.07730664661256,0.6965827025516105,0.6131457330454315,0.6067823452429404,0.3814006587397444,0.5958250430088872,0.1447961454526833,0.4908689344134629,0.7839391071003377,0.2769362711254552,0.1002199952533005,0.3150599324153414,0.3810747023692177,0.8193391843514688,0.5445301717421278,0.661614537050097,0.24896235282675863,0.27525947892752,0.4326425034920977,0.068509599679897,0.3871400478354616,0.5845605019816633,0.477415745745209,0.3591232298094477,0.5035070910377317,0.38293437506406564,0.6203072648010102,0.1751326875362818,0.3805740742062063,0.5190280345567998,0.2953061463984943,0.5459808522734688,0.2762383931859035,0.4698198210853569,0.3247175191113749,0.2990909055551024,0.7832569658688585,0.8391097112593147,0.2828111713926107,0.4111047342906573,0.1509073454448974,0.300919713376543,0.26585005802395945,0.4711325370008339,0.6149634745957312,0.9952319661155136,0.1399413105896484,0.6311345876258488,0.3279785061698933,0.574155093751707,0.1929979170260257,0.5012529355158731,0.0703642644892594
TARGET-20-PANLJN-09A,0.3643835183484746,0.159669056174936,0.199413336179344,0.0325408043763036,0.0990087015763899,0.1396501011459497,0.3113266918857261,0.0525995456860851,0.0417533206494678,0.0939054932028918,0.1144884964860097,0.4364806885197527,0.514840918542899,0.0390613103256305,0.1895954923331315,0.1106386294391914,0.17341547278983788,0.0784970485818916,0.0462766289232039,0.3004062495195826,0.13203913465894423,0.21311024338779427,0.0655241677823746,0.718855909017998,0.0192112204764969,0.0494234400107598,0.0854134062832377,0.700089229495557,0.5143870017635065,0.6728557714228054,0.4454190481234202,0.25372157238025383,0.1032413025035363,0.1990395464100052,0.0443655584413876,0.4869929242727956,0.1363699557233879,0.084981444889679,0.731038426833039,0.2589204634931207,0.3772976105256698,0.1455240990870071,0.20749662304464755,0.0554594700984732,0.194259928450498,0.9341161481366108,0.3735082385708326,0.1473777336890369,0.7316004672703462,0.2130041627092747,0.136413671746681,0.1583234438176979,0.7060946745852051,0.11615382256260898,0.4254841636559554,0.4785271681918955,0.16982394630909686,0.21172957936786993,0.156507625314644,0.1120422444092671,0.3916965242911117,0.1771274872838549,0.5069535111540224,0.10175187739759643,0.0265111150868331,0.0448366154815643,0.13615030939454778,0.4070113983588701,0.4217005755194584,0.5057275920083087,0.2239664791854701,0.2621400770635327,0.2141718901050596,0.0794041817197187,0.0404882652837329,0.1032413025035363,0.319894489374897,0.1594269980670496,0.4806176957068951,0.20040311373098235,0.1554762401318993,0.2586056131203968,0.2249676340925935,0.5735768042781959,0.467177012932608,0.076720396043856,0.1579124498339961,0.2876904321068325,0.4881177351158677,0.20525180970109963,0.4476735463900307,0.3940423610132995,0.3696039466239028,0.349651782587128,0.139789392282526,0.1445968844168119,0.3973862626998937,0.2012775574061477,0.2046326252286844,0.185873609438104
TARGET-20-PARENB-09A,0.2797555806863744,0.2831120459076375,0.3159227371583647,0.1105116831112791,0.1812626406057056,0.2206273712433784,0.4474571393645861,0.1308118911279893,0.198883416146702,0.3588980446371025,0.2071556949125783,0.562493346448786,0.5554955448285535,0.071512464484547,0.2414073307643289,0.13155832424073088,0.20859132140281994,0.2449567727283552,0.1762678023800712,0.327233076903703,0.1770825390906726,0.4048963911458436,0.17354358157718064,0.768164267585224,0.10895759508191856,0.2954006272044847,0.212417979240254,0.6836426500707113,0.3909090631403163,0.5056126704089673,0.6180683753521217,0.166869493316882,0.1876405391732857,0.195801560498797,0.0786653614612383,0.2369960612499391,0.0904831908865707,0.0563862638143443,0.8021234487262943,0.1987314771590813,0.5399043565345762,0.2462299623349496,0.2492757041135532,0.7136555316567229,0.4432209661787341,0.132718288057216,0.535226054307365,0.2438390869762902,0.8034205661949008,0.5865957665047323,0.4196493967271912,0.2667640058754046,0.8278497503561026,0.22022672183012298,0.4679331296268199,0.6058206599500174,0.2093098079837321,0.19345294165726082,0.2914258936623755,0.1934209985565148,0.1546202437461349,0.2300203945966191,0.7150961903612658,0.19836566375871004,0.0485358827005067,0.2060763835070623,0.1891515006741363,0.3936747526048002,0.1723471059822124,0.2557449765043783,0.1157624079644388,0.2680573041703546,0.26715465613473655,0.558922638984686,0.2917540988837102,0.2247214282592009,0.1430847632685529,0.0361018327353576,0.3259369537758748,0.4570239746175836,0.1875130958445057,0.2471898109024009,0.0964111495814252,0.6017988810188329,0.5241337047330255,0.1224608518155162,0.2715500208082141,0.228706027645819,0.4099304418866463,0.28728386366219844,0.6441084441155793,0.8082165221388518,0.2550344854646645,0.1143321040972337,0.141454786677425,0.2964651099968053,0.8115875332788005,0.1600101549137341,0.4369426321028484,0.4426412969207702
TARGET-20-PARMZC-09A,0.4648275713214654,0.3862995459006096,0.4466612280962482,0.25089154069414615,0.9676404366780836,0.7474666846246529,0.7731898675805275,0.1635310541751833,0.5256737072178046,0.3648248450340172,0.225783201785889,0.4127355757740527,0.7052032710490708,0.3733980732569418,0.3178206546386912,0.10960655240501424,0.28662950637607143,0.2938273057716443,0.19153125394071877,0.331175060305619,0.1858855602717486,0.4741810135544206,0.24693312700513723,0.9517285388974688,0.19888516242556584,0.20643117022682458,0.4358372707668356,0.5787531662181642,0.4548464904310472,0.6683470610655577,0.4542291643883817,0.323690050583197,0.5268073183306007,0.27849464161458376,0.23415270777183447,0.3059476250285981,0.33098449192099333,0.1833998364743544,0.7914815876546255,0.4077554307326821,0.4853772465676653,0.3550191968494501,0.23706144785913327,0.23040221360875104,0.6535443289481051,0.2797791808843499,0.7044248227625367,0.3371667971639776,0.7890577701353023,0.6239783557548726,0.7797913944851222,0.566236435836324,0.8203698463169838,0.16117473453417439,0.2704587958158961,0.9982992677203588,0.2905789446767571,0.2675158384762868,0.4530765185033286,0.2803998581326126,0.6386011724319585,0.33595685586443086,0.9312947906248604,0.20007120733324285,0.3337745581284939,0.4673988528309364,0.1820536179774973,0.617934451784295,0.4070931136632331,0.4008201172085377,0.33156011489110604,0.845041613217292,0.37626859136090346,0.5407408960530501,0.3058254554513397,0.3084649523923435,0.3924437364630978,0.1174234604706104,0.2748115666060628,0.49271489676040775,0.2399534764187143,0.451317957094709,0.2920721515311574,0.9221009430711252,0.5052183923001521,0.3541386969859682,0.6143572140560665,0.29036023382422926,0.6605147346072351,0.24542819467720864,0.5472670033997953,0.9308656263439576,0.30594762533903364,0.3718722925895872,0.3523753383681784,0.19093323248980454,0.5055566490807833,0.22326007186621247,0.2458807731149305,0.3331583348126083
TARGET-20-PAMYJX-09A,0.3101863644283983,0.21490449847051923,0.6275310786110405,0.1711204736457692,0.18198345680228956,0.1774722108905085,0.302468962791846,0.0254453215498698,0.0386864866118169,0.2204851920537281,0.0923630706895693,0.950555405319939,0.3135992078051148,0.09614788573818388,0.23170702459547188,0.0738520902606961,0.10567061207937775,0.2617855337512307,0.14819829863107853,0.040832941275973,0.08634825403734601,0.0530778116152707,0.13805955355765673,0.3665819780192058,0.14738363958425044,0.0879714373793697,0.1475198953401487,0.6812164075501483,0.5441117353092261,0.2890993891881711,0.2493285983532591,0.0844520661929144,0.17834555690220216,0.2071290808808987,0.1076335616127328,0.5113149416048978,0.13861398223218538,0.1619616047526819,0.3242524696319269,0.0742622029276053,0.1837789692984147,0.07280351173990325,0.15586435204778729,0.08195535106867743,0.3270579370626902,0.8203082373963622,0.1561832631075264,0.0319648320063818,0.3226685646927982,0.1010357349830761,0.2603299511381639,0.0446151183162352,0.4736569808914372,0.0327521854928559,0.2560410401782925,0.41445430231963,0.0626416407235423,0.13134641020174576,0.1474330159472989,0.08384404538360596,0.8371034464068252,0.2961678501056737,0.1629644561500034,0.0881887265523161,0.0471885587124422,0.1607963088840606,0.1011359654447018,0.2704574631107452,0.11140792036093893,0.4987144114133716,0.1125489201181579,0.0713321366118611,0.22981018086381416,0.131704361060776,0.2031188364415265,0.0499435518912633,0.0482763982058175,0.4007504581511368,0.3950703499585473,0.1200349653795192,0.0806575489316529,0.3077003715700162,0.1578619989602304,0.3403323016351482,0.6213276433386846,0.1325059529567725,0.8588595490385229,0.17632269365324282,0.2587798941962262,0.16260834119778209,0.2772594236341605,0.1118412562639398,0.1816718551202657,0.4315742988773158,0.0889694148843902,0.0516000588264251,0.3679028086174918,0.1883714217462491,0.1918704462438763,0.0114791449063541
TARGET-20-PATASP-09A,0.2658276829994225,0.3945508618348666,0.4850404421764249,0.9757221047508609,0.2964332750549562,0.3084749581007865,0.2316801522366069,0.1465529297270748,0.222815732263286,0.486684051595686,0.3166918656828661,0.7997502662535041,0.444969199185921,0.208449874835997,0.1931193174292493,0.1985638176487954,0.1316997970266865,0.6675782946919142,0.20844772084950206,0.1412612354881502,0.0934627766962564,0.3057029081151257,0.102426605861589,0.4232381685604341,0.12450976671713335,0.3588589432304633,0.1335172287838238,0.5845527168106295,0.4007332654432015,0.6091735319429418,0.3720730834610997,0.22919587554526688,0.3955615565113966,0.3081922407099494,0.1236113826413363,0.7297638438565345,0.22386928668266293,0.0922129612298759,0.7679488174500855,0.222645509941878,0.2365253489120242,0.633257563498681,0.1659852356667613,0.0601788069461393,0.3486394689163518,0.7957180932039031,0.2701941620409777,0.18717244028017058,0.7744341701991821,0.324267279662823,0.5403482312018413,0.1150835214805144,0.5074329211938569,0.2566627357727699,0.6294949105705623,0.3783920492522511,0.2235655976350123,0.1339045353362637,0.2929138333502108,0.12403757704548828,0.3763624900489161,0.4649110786060324,0.0113348310248038,0.2105650022526576,0.1924947098350687,0.3004512587014187,0.2719211240928708,0.4177114743726339,0.12488414624380677,0.63211860279726,0.3043674622152623,0.1979630939150538,0.5211886739995143,0.8889590779446781,0.2897829141307986,0.7389194199474425,0.2494818359562506,0.4754934554584254,0.6430817517183443,0.35837504644505286,0.19821296094397325,0.4090002983240396,0.1576688540271412,0.3901929523830924,0.4857877358374369,0.1199284177592079,0.4493131677696402,0.201628207221079,0.4595381938551559,0.4193660846105026,0.5566013929867337,0.1804222085278602,0.1517776578915331,0.1869764224343996,0.433855557123676,0.5144528827126449,0.706962578647188,0.1410656334881829,0.1236282138211695,0.5786107578748324
TARGET-20-PARFAL-04A,0.2133819246586759,0.0554753296416527,0.6957145766775115,0.17023517729979842,0.25811009570116444,0.0785250922501867,0.314118068213528,0.3753775138552022,0.1749497352251981,0.1213591941194839,0.1751143804281895,0.9679938169681894,0.6012851208231109,0.1552932994896123,0.3233327549070949,0.2045345208808971,0.1534991534629352,0.1430162791947125,0.16176902958459266,0.2401286844914614,0.0403428688280296,0.0381211674068818,0.0227656810549418,0.6598861935759386,0.18766441250699054,0.0638726090001917,0.4085586610654857,0.4505385827598962,0.685418618860248,0.4381922473766818,0.2347524401858853,0.21877716947921477,0.3507288494243719,0.29933289169186733,0.1326571677613524,0.7629562229462596,0.0931579566161657,0.107476334866547,0.5537479892283652,0.102078374376591,0.182867480943315,0.0351664712460172,0.0927110754475054,0.0133755435287395,0.4519874523850248,0.6883511202121241,0.5487747740092985,0.13844644748300836,0.5534030373202397,0.4433992681447989,0.2109530041890461,0.0495555141865364,0.57016820505095,0.176198833613299,0.3327723234527573,0.4637095629880537,0.0873728577640261,0.15558963011900565,0.3410101668837123,0.09043878856509588,0.9439969834549962,0.3357782218698831,0.3314052416960726,0.1212213143418047,0.0499706477041603,0.5225342888373374,0.221163931641264,0.574786770878016,0.0240778606954089,0.7275713884958337,0.1191844504296171,0.2709634902221498,0.22063939609925104,0.534554510332129,0.2057827341744159,0.1880986254899485,0.6203347168288099,0.5239428576764892,0.6821619161356585,0.0871526786242504,0.0767587327538311,0.3377146724345367,0.16414253755232897,0.4753622019025439,0.7625891046577518,0.0755014861981861,0.9040769642294464,0.0448145617895182,0.3412357279681491,0.18607455317141514,0.5825030581489032,0.2676129036755532,0.2057446571313351,0.0807076950936273,0.4075389420767324,0.1684193011474319,0.5210842376673241,0.2885318350030736,0.2364781913228858,0.0758695258783599
TARGET-20-PAREFM-09A,0.4830913682574808,0.44590667684996715,0.5649608960154299,0.4648454665512255,0.32258751042096373,0.8374983917119939,0.7451816997813527,0.3745921473336583,0.5964462830395929,0.41362623507677837,0.19683677674972247,0.5108778803799825,0.6312113621493332,0.5579909092733522,0.1920136882769395,0.18192739388701382,0.224212821600789,0.45779073736289927,0.2184937696148409,0.3819629180810405,0.6316145443175576,0.311482114322036,0.22212107958523009,0.5380919764356433,0.3348733833435246,1.0,0.26835204474412505,0.477051452155512,0.37697789755824246,0.6320236508956805,0.5558334538138924,0.23853122112972824,0.3188163973082137,0.23330560938868164,0.2194915162066106,0.2807373463919717,1.0,0.6231683836728298,0.5537045513718504,0.4468075470427136,0.44397822383506347,0.2053215208008213,0.282704188577422,0.7990057610035846,0.4031150007703384,0.3831113407549574,0.4321192505241269,0.29800164801220286,0.5530670100579496,0.409417475864356,0.7308015890433541,0.5257403958641073,0.5537416426189915,0.28151534866399475,0.4108939404832099,0.558667234388216,0.30245788967102705,0.32714533417386565,0.7825006701559578,0.3151927257300147,0.4515795576327643,0.437380480464695,0.926551179062766,0.17365042927801094,0.4124812981426888,0.6975137449647336,0.28822180684392196,0.3920143795834526,0.15037609944679176,0.1445144814216645,0.25110037801092105,0.5673856896132703,0.35678856799326525,0.5998068280507409,0.567893769117141,0.2675380772309308,0.295280670073089,0.21815852712413725,0.2947394216247624,0.35892083156937893,0.17766207779538917,0.4839599857050345,0.18466614915163582,0.6908130421785333,0.5362870085029025,0.3190362588441397,0.2704194021765086,0.3404643316335657,0.4840417415115775,0.2952158936164785,0.6967115144640799,0.39702822802399124,0.26989588614275656,0.3703257918414697,0.6412940111946,0.3751333896409859,0.8065939810291889,0.22695489073953054,0.38869330074174163,0.19386613245143033
TARGET-20-PAEDKB-04A,0.3193620613072185,0.2901250878481547,0.5136584963451484,0.0382643254511718,0.36834294668247003,0.1988181784331568,0.6842420702154937,0.3543860995253923,0.0490972082780411,0.2775421629551713,0.3066749087973911,0.7807406836582444,0.7128402363115303,0.0459317069598181,0.4353942913382855,0.1573694332651322,0.0983737088239326,0.5729347168151813,0.1671697827614222,0.2220306525396813,0.16748247949756212,0.4398242457723559,0.189404775112816,0.5907770391131297,0.0942907516538409,0.3483833830584538,0.0997312470018219,0.4402789929525781,0.5978502641552889,0.2427979202455196,0.1770777203028715,0.2526729928517056,0.1726051799985501,0.0902801519085553,0.1553090934703785,0.7183476134312475,0.20435777060704524,0.0362163066920888,0.616652819574874,0.2365512306162339,0.2041775197836571,0.2577937088664052,0.0995995319878182,0.0236350085677464,0.4422089601018763,0.6337592366486144,0.6327337566157727,0.22946222087432416,0.6168833888912322,0.1615734031896909,0.7130783128217943,0.1102633296772346,0.5737311525865706,0.2004186428360479,0.3314602977021849,0.6806881688297595,0.0794988108468487,0.1000205472351974,0.1772125774267894,0.0477487325764309,0.751793288148759,0.1166989744727703,0.421925612371457,0.110803092150182,0.1590994332985125,0.4090760406542056,0.068373258585062,0.4375987688468596,0.0425463415827726,0.7843723697242897,0.3585078883861354,0.3257472052115602,0.0844053438507529,0.7617740154118631,0.2191721733257009,0.445884325635898,0.5266311511269618,0.3489627693025336,0.6569402067134706,0.2159442890346234,0.0701617944404753,0.1587674266249818,0.2153181636398086,0.553145094849584,0.7180031117773691,0.2433448999982507,0.8109024014181119,0.2156454855149075,0.331509657154386,0.1745785461404974,0.5512775629817401,0.2383195255785944,0.2512899485022545,0.0734343130158566,0.3820178571029642,0.0499489074329108,0.6721970155799417,0.2671368114089769,0.2634965179134673,0.1853108292457781
TARGET-20-PARKCX-09A,0.4250731603441844,0.1630044787504303,0.4176493677900504,0.0332497035181322,0.2786790484721081,0.1906821865054402,0.2886994666961007,0.3342240837718472,0.042662913812397,0.4087016044468973,0.0236053517730637,0.4952820347582856,0.6326891771770224,0.2466038059810297,0.0366157845003051,0.0971653151260902,0.1588296847186863,0.3669110559975765,0.0472847620397372,0.2453334991219603,0.1778800085041612,0.2493217025132453,0.034955755064731,0.5930010861535628,0.5075884706922482,0.139111785278692,0.5106554168753296,0.6151744212466546,0.6650860944186257,0.4419273490469652,0.268689943465425,0.1782227367615854,0.4567591856220457,0.0784487443365992,0.13742876368605103,0.7004960502673613,0.0505001261862054,0.1944425683255882,0.5951245065728128,0.1815826939229962,0.5885723344750341,0.0725298397669938,0.087547869598101,0.11187382752413666,0.3509313327315673,0.87526735994111,0.4766229799938937,0.1965831120915157,0.5949205745710158,0.3544663114794721,0.4278823516518611,0.1318641697596576,0.6326185383863964,0.4764745930325483,0.48592648722528,0.6766427528798402,0.1321952812792444,0.5443017958376137,0.4049117794044108,0.0793993905874746,0.6132094353875224,0.512556980709199,0.741900819081581,0.0506248613386546,0.0270886578702457,0.4840368536862451,0.14161350857528965,0.3664907981607687,0.2960501693358957,0.6628619208149932,0.228314119362029,0.4070262537321827,0.3166581740052286,0.770953905931274,0.1685362559376743,0.1517197469594337,0.2464638657740978,0.1359684799439665,0.6467468973949737,0.1898147720128857,0.2163202076881933,0.32356595755150624,0.20275270204467025,0.6462297519326775,0.7944040997376787,0.2282498843387453,0.1944858380190605,0.0688108930924164,0.3777102670642288,0.2516182211496764,0.5679719672555972,0.1220774134642345,0.3149236240085622,0.2717994686377102,0.3485271062531604,0.5564824722656359,0.4129277459671246,0.6051826991391549,0.4879284509743302,0.0782157539499981
TARGET-20-PANYGP-09A,0.3480330908621004,0.2679934521222168,0.2159562613599448,0.20143867165267673,0.3818094391948967,0.2429724095809025,0.621699097112415,0.1838173334491944,0.1610142511504218,0.3390611449719229,0.2684302762743928,0.268369754953964,0.7604859552318306,0.4538656575447818,0.11608454767848968,0.16610205598568045,0.24484283229439135,0.288211934326071,0.1828190052958678,0.4593577440472592,0.337060657667637,0.3074856708256622,0.1747258544306987,0.7919544205560947,0.1285883856423139,0.21988633511097788,0.0936082759520697,0.4418694345816765,0.2534583152342511,0.4322865896940269,0.2840944482098815,0.2554992965196904,0.23358522194890885,0.26196653785627166,0.0486221498247882,0.181591001072452,0.33300190095625914,0.064650056024901,0.9054118620310878,0.160891242692571,0.1427426119447999,0.1131793310771393,0.1926206520024039,0.5184217498291915,0.6308024576138999,0.5694838968975644,0.5874161141162544,0.2309143616852671,0.9076073761527996,0.328064841642345,0.1179668610710347,0.160647958617936,0.8315431144315649,0.18183914504946877,0.1965101862601527,0.3197787948424653,0.2524567197008608,0.24008229990655536,0.3322772872558163,0.2179597060173221,0.3750019432554778,0.2827923240049814,0.8955915114752262,0.1854553583823665,0.1423010608647584,0.1543168952668159,0.1641038970009916,0.4461017094984197,0.2849111272611059,0.1628502549179015,0.19601412846936808,0.4974165048667145,0.385286958194194,0.7318360614162862,0.1664561390027355,0.2536443038323709,0.0306336334824681,0.0760444648965407,0.2276250659959976,0.37381563954972,0.17038554822622085,0.3850162718455519,0.16879078349687507,0.6108816707515545,0.510896223199869,0.2150050494937514,0.0397363577088245,0.2596994305402472,0.1206005669983109,0.2587502692222137,0.5391890531299157,0.7332359383372822,0.1903705671578358,0.2408277646263268,0.7050748484825914,0.0837266021208519,0.4663324951847472,0.2491367471640125,0.3251449204543695,0.0829254919348315
TARGET-20-PARXNG-09A,0.3590588262929177,0.1063197996789287,0.4935528697782619,0.1442269552222478,0.22148765270186455,0.4947301140451798,0.5681578756049908,0.3503694624981984,0.1683149127728013,0.3237816018533743,0.1014154692502059,0.7305040850841596,0.3605448265322555,0.0498175675662014,0.7123171103164264,0.11808814721751945,0.1931010962420085,0.24922518611817485,0.16757565613353068,0.71406449272795,0.15328545792778608,0.1384077406072134,0.1497336178048464,0.6824306118413195,0.0662393596719533,0.1194121754077588,0.0568747411895474,0.5403915333764386,0.5914675208818198,0.5843730183500733,0.2455252367019657,0.20409623149728523,0.5047319632911292,0.097917927838517,0.15458660864214294,0.3085419670168315,0.1704096323866085,0.1061938951766439,0.5052150266908759,0.143853449234202,0.316246768560159,0.117285132567231,0.4449917692211714,0.0256345499478497,0.3441099874811851,0.1716507459187647,0.4641487567617519,0.4542292074437437,0.5078156858589873,0.254199514014104,0.5455961430837051,0.476825611525663,0.5057845028589462,0.154426331274485,0.423670285636299,0.3405865609935645,0.0862244763570449,0.22029653235504704,0.2846776256954381,0.0981096464504007,0.6464651841144735,0.2505553139625041,0.3562679409197977,0.1197071231045003,0.0338114429875397,0.3686657080978657,0.19538202313239322,0.5080492555856894,0.0461457974629309,0.3343131203323813,0.152773579601134,0.3173877270150163,0.2408115720486501,0.3794221480319953,0.2696953283514526,0.0687459102203343,0.2692665607984719,0.0251495386786175,0.4144980034118068,0.1629351158507364,0.4913288644006909,0.1721992829511266,0.2438589956825598,0.639066936009148,0.6847651327479181,0.0967796744468284,0.4260232380785029,0.23457880384195443,0.6236630814403629,0.20383917075063399,0.4142053632900215,0.2048334660897868,0.2496766551917736,0.2153249862023679,0.1022445761202551,0.0198938589561189,0.6190906503275082,0.1624534002148226,0.2501668486250683,0.0843116573475507
TARGET-20-PANTPW-09A,0.3196739275064032,0.347373061633244,0.3420015639296258,0.4255279254646699,0.2260243688498737,0.340752457008756,0.5730115528523316,0.1144346040692715,0.2409602497353542,0.3912989616537601,0.0962650589661316,0.4174809741298652,0.7426162422915894,0.1627663052493699,0.17126406420798732,0.1288398773709973,0.2084744126543495,0.0935605807411737,0.1056437028092614,0.342571957155078,0.2237514380629809,0.31552587096257384,0.0780982126214017,0.7520693061360684,0.5437699452713833,0.3542531439087399,0.1858238356004634,0.548344868270707,0.5525677258215353,0.5052576600537101,0.3032231291776436,0.25475104315010594,0.19824794395400316,0.175270329699252,0.0965208928771299,0.2985257565531494,0.2059447226988385,0.3785211604562696,0.7884495707862542,0.1738508457350401,0.3477549164577664,0.1644513611565564,0.16832099809492718,0.21780656900472697,0.3989391264353464,0.1981130970774378,0.5017511850530205,0.4511323168395386,0.7890130394529935,0.3669841476217563,0.6053435422555382,0.445328234437397,0.7106479284759569,0.2039982300519012,0.2821287475883602,0.7185073252840659,0.1543393812843731,0.5496591740448142,0.45431829726942,0.0926996236101746,0.6389313640284904,0.3732316617034495,0.6969770042578394,0.1131061588409046,0.3033271683538844,0.3485555669339216,0.1779830277117651,0.378740985111069,0.4139803817607259,0.3298126182540463,0.27827345163196493,0.6521285173359743,0.2991037536207447,0.5181410067277338,0.1219947761816291,0.3863597699198704,0.0333157725188611,0.0450169650572555,0.3604365761111043,0.2810067494139525,0.0716201228011872,0.39299701209008003,0.20887516467889594,0.7964230954735421,0.6666209154544817,0.21049903668271183,0.3876463517943486,0.26698010695655044,0.3947677589484312,0.27576088568412216,0.6189690109109527,0.7835105710874981,0.4306832908769216,0.1425657354516211,0.3414871457080339,0.0900197303565148,0.6763786064923747,0.1075596886674179,0.29596799501841,0.1620097122958891
TARGET-20-PASSSI-09A,0.4362665631512054,0.1434422660189016,0.386427400615672,0.1467511557048433,0.33195766128483334,0.1728902000450141,0.7652849686372669,0.155823809461851,0.0718438701296055,0.34659450444488304,0.197824821462978,0.6134780851313001,0.6024859544521699,0.3001118855734418,0.2154399897490778,0.1006813812311845,0.2550815908408801,0.2325440074053371,0.0796270108982814,0.4037165402551015,0.2099361094405679,0.15607457872075292,0.2533628118940952,0.7180116734891977,0.180140287568325,0.14156835920894553,0.2011115294028505,0.4801664133311136,0.6737763151487974,0.3594852038548691,0.1627057970430182,0.26847188026466656,0.0927491320649192,0.3462420014876699,0.17274054762755273,0.5407295254007084,0.085041648191319,0.263735250169086,0.8122657582564345,0.20912834606089253,0.2277211116967853,0.1280650828081754,0.0535196576720345,0.0345850720561791,0.4754921151138681,0.7348123994925083,0.4540545881335374,0.2650577728748393,0.8112872173208712,0.4897569683664169,0.1424813296081285,0.0857375477034183,0.7411304269959926,0.0608234028750171,0.2140460594922763,0.4195798580915532,0.25378991116323213,0.6178732928995753,0.2936303029019652,0.0698706476883055,0.3083050681091845,0.2676298753513655,0.9387849271479812,0.1587860721371322,0.2036875023146215,0.0405686416071351,0.12021438147367101,0.4678884447668446,0.2433315917875079,0.5510015370165205,0.202647227684328,0.6746132030703882,0.2311761704654605,0.6907114580788569,0.162413916196503,0.243088493335305,0.2090296240645726,0.0631978588454287,0.4758947655898104,0.6833825631751598,0.1005451701491857,0.2961874658915216,0.2166182136092364,0.7516378510534528,0.6716301700107404,0.128373850858542,0.085371080606295,0.1158767750504,0.154288074997389,0.22779721055652874,0.4663215596229539,0.6553180097584831,0.5599938267931148,0.27989630985437747,0.398756773813961,0.3023432406173367,0.5497744700226033,0.2673386680570747,0.3535849783503071,0.0951870037289207
TARGET-20-PASAFM-09A,0.2247025476133518,0.18810353096376,0.368323762642379,0.5786548093472789,0.2628885402959923,0.2744258978611056,0.3727354776991232,0.0619666734912118,0.16632109506340598,0.34302215693111027,0.3167180472116385,0.5923712365678079,0.5422666079172962,0.0881384313319522,0.10537284243957351,0.2329419701248465,0.0992544592312694,0.2341582753556706,0.19886317619662042,0.27285048994436123,0.14749205927155404,0.1292597311276012,0.0771929616081821,0.4859485720061817,0.07939460162375027,0.2037449880026614,0.14660816598320175,0.4386813687931012,0.5844238642356083,0.5172056376199674,0.5852062113104708,0.21021339558578006,0.1216269076015326,0.1732387384730002,0.1644651873424786,0.3708891144714391,0.22864670612950508,0.22568784977785825,0.4821010995207533,0.3935466097118161,0.2215017224018047,0.1355786239633916,0.14613497382263804,0.1427119489821335,0.3697510545091687,0.1907040288629321,0.2093004192913479,0.1860813161873022,0.4806690045415018,0.3596111138769646,0.386076237502544,0.0637577777844983,0.656834955628087,0.0797609879121292,0.3414675643372719,0.3767991807239195,0.15255040460235,0.1324862634212423,0.2408307510520668,0.13354603923224567,0.5281059328453896,0.2978039965133082,0.397409319925766,0.1117951241647531,0.16129219564412658,0.2991351167462556,0.21477338465560145,0.2799250197577497,0.1686687707354084,0.2018142591143948,0.17740960895130445,0.174268514772248,0.28944886335072106,0.3589222008205452,0.0871446669790549,0.2200851912687722,0.1215546561230679,0.1860078948148037,0.3244251526912523,0.2536113615657423,0.12107833659150843,0.2813266263449425,0.1421159717686105,0.356116120224259,0.4980809335701441,0.14032983416710054,0.2961665243826428,0.2429763045945902,0.2338508734911663,0.1761415666615666,0.635801310884381,0.4866470687347586,0.2682811016885352,0.140913229304091,0.4241566396176787,0.253012786822373,0.7623886967326234,0.1063129441661092,0.093171377523547,0.1168633506034318
TARGET-20-PANPTM-09A,0.3274676770131187,0.1583958876497718,0.3427291867239139,0.2697990285951478,0.28368042397033516,0.3046931462017913,0.4852339113992532,0.0521801276246913,0.2054738350998499,0.34467157317119923,0.3734483353682366,0.5952863547253516,0.7077168875675555,0.3599748081322903,0.1552599144793126,0.16651706177626052,0.20771749890260444,0.1869659766198999,0.19874806038439327,0.3713064733508474,0.2032303081189502,0.3531532128203545,0.17076272210470064,0.7121376919720845,0.0945410589350311,0.0939071009285965,0.1960935394182876,0.5600126464490689,0.3422253444768006,0.5081274071913524,0.4885156449960287,0.25057418606402304,0.1024180773903344,0.19179661689472707,0.142797977258739,0.1831403050663916,0.3046852236017207,0.2838335197111182,0.853286855180206,0.4529637127243308,0.4420221307130071,0.1191698120081278,0.19521591591692694,0.3428892463981909,0.5307635036641472,0.7965147735565797,0.3615893452494201,0.1212879404139554,0.8559060223768369,0.4503629714002459,0.3067604029611202,0.1803907291416696,0.7629951293291558,0.20011394817960468,0.4747384737705797,0.53745965070573,0.1284577520927896,0.20168919885868478,0.1680341738132336,0.20382141918842095,0.6285448357727643,0.2077859587855294,0.7803749308874526,0.0941390511717939,0.0932054826230992,0.0240518162381772,0.0580903796438941,0.3414501667380886,0.1780581886646797,0.1421153182762055,0.1700853123553335,0.5584506216926859,0.1363859486725452,0.6672006238061616,0.2984569397484986,0.1024180773903344,0.0513075707323509,0.2784127649369384,0.3009322034684679,0.3318673748668947,0.13265007357291958,0.3076855507976642,0.1000593752903186,0.6311379540200093,0.5651302870138332,0.0761086432357593,0.2055236641349327,0.1279567393315054,0.3149564214731005,0.3841570891981538,0.6128634628312266,0.828770760643799,0.51979253536505,0.1186584638941069,0.6980564427703383,0.2592709392282307,0.7582188462931851,0.2318639032739435,0.26190133029547347,0.1345072117620285
TARGET-20-PARJCR-09A,0.3111883365216285,0.2889176725470687,0.3060723056398854,0.1132602347021604,0.1861025101421558,0.109696183368052,0.4979975941260259,0.0955848024841172,0.0784819683110483,0.1765102230707642,0.2489582229455636,0.5889773790824386,0.7326822680977676,0.1359552494183729,0.1351643942171275,0.161142826183485,0.22988739322031282,0.2958190010029248,0.1497930765214654,0.3769477527420949,0.16429712758991563,0.1076771631140332,0.1667695369735921,0.4875183287604552,0.12039230079705351,0.17648976633508337,0.2173908452298491,0.396442124561021,0.5226523076990648,0.5934083529120604,0.360441971348308,0.27675844865387145,0.1863857406457639,0.1443129715457328,0.18653524815426745,0.5701000487584323,0.1720212675345876,0.10673779878367536,0.800522021396274,0.078422011221399,0.0499864578028349,0.2374712838952658,0.20742558370092035,0.0979822740938293,0.1910864466391785,0.8762229171101421,0.5110651848721097,0.18546858389961468,0.801346470614765,0.4638323227363414,0.5054562816582375,0.1626285404527706,0.7190533358973534,0.172317562968748,0.3564709107978393,0.8080104126821339,0.17630758358451057,0.177670529827135,0.2110292308557695,0.1413335422634935,0.3108289948635511,0.139134946306307,0.4496285447593617,0.1494665566321369,0.0922735370099597,0.3088573650943036,0.1064113431156416,0.1496470093984925,0.0680103971073164,0.5678051109938951,0.2200806133800299,0.2255540406093346,0.2429036671650289,0.6339436920349881,0.0735759746513162,0.1013187963073919,0.3973022143686717,0.1970061972653793,0.5362600449594668,0.2347189895739678,0.0589701221059193,0.31346436665765887,0.0989854107985962,0.4672692541665955,0.5446700656338783,0.15637301452140667,0.3210311779375495,0.20387616525834598,0.4509191204084199,0.2726330269678194,0.4916340212504624,0.5733566361019269,0.1737693967986049,0.1173848703253399,0.3719563085322511,0.1125896272017832,0.5762807596869809,0.4707097694494817,0.2012896922864884,0.1990513932726522
TARGET-20-PANZWB-09A,0.3530099414181394,0.3040774826131253,0.3918081548571095,0.32038355770152954,0.3642000207697151,0.1702501468716652,0.5311703269681503,0.1010197466485506,0.1535881190807069,0.33949326135361335,0.2766347646451358,0.5300671449886624,0.7853640796101669,0.3730086828040777,0.1920134843389858,0.0445352089108044,0.21749758868646932,0.2811265338139567,0.2131372811650848,0.3905209818548585,0.23032441557094133,0.2910233226428655,0.1756714644176225,0.7710348773220048,0.10011780618128376,0.3172255141128398,0.1640402127162289,0.624972199576769,0.2612051902465238,0.452937575331882,0.4573117710490816,0.2318363694585297,0.1075272975212949,0.1531560223090418,0.1486752826890988,0.2188448922416318,0.4251871285335739,0.1976849108894808,0.882373562311114,0.0832274685462927,0.3710908096228965,0.0528713935911896,0.2058923582012483,0.2547725218388,0.6323496619266934,0.196560611463176,0.5449832938623784,0.2610103102990726,0.886251713033515,0.4729930251502729,0.5200047577821751,0.2175522561648946,0.8180279755355532,0.18759647275293942,0.3674578578946038,0.6731874057633257,0.20899244624873903,0.17507203457355344,0.1746278957620732,0.2606340846599725,0.5926083582358606,0.2455420260036992,0.7342003189584467,0.18462657811270441,0.1701622167800217,0.1089004194699147,0.17916613911816848,0.3115059529318215,0.2322370918705828,0.1911627340309252,0.1261363296505599,0.37529574032764,0.28986739831793107,0.470014160032406,0.5291185787077342,0.22550350515724601,0.053682729455546,0.1883069919697534,0.2732107887908848,0.3462909014143408,0.1154037077703204,0.36660753169174726,0.105050929394349,0.621811045124738,0.340244642522748,0.2571009352876557,0.1628563403426971,0.1343399791378239,0.3974231660282682,0.30462163182088214,0.6307795464064474,0.7457371535779599,0.1825526558374323,0.1245778506653121,0.5528151451112288,0.0573785970125551,0.6435437938759878,0.0939886066590251,0.22895569080169031,0.0636184810678748
TARGET-20-PAPVKG-09A,0.4826060950237205,0.7365869773381442,0.504151543284597,0.1723353517649893,0.34614165451216933,0.381322736143751,0.4291037756934603,0.2426527800341247,0.3689237531430736,0.4055152757102178,0.22475153890003524,0.735652331645134,0.4395304497364325,0.206867801346391,0.099172973735739,0.1182338985156525,0.2329579894344476,0.3621234140793854,0.21619898761046433,0.2448424543082825,0.16493354074024302,0.3033827125908784,0.2341116432594538,0.7106154262271065,0.24556627242562132,0.2617454019020059,1.0,0.6230948031894576,0.1927398987619091,0.445729128910967,0.6113761491554673,0.2160062303335123,0.4031952899632167,0.2764558253753217,0.3157999401340035,0.4538265769378341,0.2666372574854122,0.23761704973008443,0.6773252887982082,0.3771204469253553,0.7645861306884695,0.1652702484933449,0.18968048064768936,0.23948224974112167,0.3463522023632434,0.2868155003728161,0.5101225892730228,0.3048244186842272,0.677928820742725,0.5194337781773253,0.589751899510939,0.2402402087887669,0.7086636549421607,0.312332813183706,0.3565533633204598,0.6992331181140167,0.18949573816853757,0.18741268780506945,0.4495747606232161,0.23460857790001774,0.1823147273072876,0.439993859382591,0.734234208461864,0.2623919122194007,0.1598684310584267,0.5120106801972312,0.19870365057518322,0.4995214091296518,0.4160418015624142,0.3664569360721454,0.24425817105328868,0.4776908607992207,0.33015635928786874,0.8214266992213881,0.5229263902960379,0.3374684742636146,0.22779758706315398,0.2688454696205505,0.473536084058258,0.9194062756458814,0.2509153389055583,0.3176742807361814,0.18532676133064044,0.6393243431158043,0.3170392482906238,0.2121361134032607,0.1002544418555304,0.3566512844205597,0.4040348614996927,0.6897456071456998,0.8057796443878458,0.3887547309271239,0.2513035440713186,0.2242728726789988,0.1838315501140532,0.6309281868113887,0.948854341455752,0.2495248063977261,0.2186805202388871,0.1094679200057367
TARGET-20-PASEGC-09A,0.1188057967106545,0.1535362159042476,0.19602897622361842,0.0599322631565124,0.0950514040009031,0.1478022167274569,0.0946667512556476,0.0729681153172598,0.04793847794098757,0.24231350788201747,0.1106222183467122,0.1595138286474361,0.0173692210066362,0.23086529865747124,0.1329900598444424,0.18285201424309955,0.18376257000907514,0.17227285141526694,0.14908619602253106,0.2663366401289544,0.082942772344586,0.19450786663471603,0.1784369867289159,0.6255864771025679,0.11094581738142649,0.0474480251612286,0.1522956315698529,0.3844005622661395,0.2398472893567601,0.8981833262079788,0.0958612826828143,0.0875038539198557,0.0517483285601188,0.0737074988966368,0.1050504035586031,0.1932417544419331,0.12483695886658808,0.1111482961071215,0.7371380523887887,0.0400538513181507,0.0255304616340857,0.0137987366988772,0.23333261195642896,0.08058096597221766,0.2282355533765159,0.9166725685696604,0.4132753725202149,0.0635384404013202,0.7375647930070808,0.1508116025030783,0.1411893294424012,0.2416733695071791,0.6318009926466714,0.15153873505222332,0.27817096641981975,0.5833105139485625,0.15598237518781208,0.0429365228429257,0.1105227021253676,0.12184797108175469,0.1534214596957868,0.0758354296273914,0.4260635009858977,0.12575233387741871,0.0488270390486627,0.0898988943402835,0.1540721590379677,0.1888574203075942,0.18414041203968612,0.1675473287863585,0.1889400085190608,0.4274545980130722,0.2662817533816986,0.174290421668593,0.072192249447426,0.0517483285601188,0.1756188899047324,0.0523947494118916,0.0962860380582344,0.0647417187580281,0.0301188463067519,0.25694651162100474,0.1899593931551359,0.6375485401218786,0.3801900524311289,0.038455077236205,0.0348650206145084,0.20430162985744746,0.4066025345182097,0.2332678603758879,0.2515950265391897,0.2573023462885839,0.0755694864936361,0.1659306880019405,0.2402266607053346,0.0149750573712732,0.2387331651377658,0.19103260657633633,0.039641417771495,0.08616183877851817
TARGET-20-PALFVW-09A,0.4512355248771975,0.24010381176189508,0.5608162087287427,0.4232447751392625,0.1647431290754957,0.2059302998115753,0.4980930984281779,0.0456955195283172,0.14442671545037097,0.2873689415578902,0.4178751811156996,0.8957018190861576,0.6307252684673599,0.5670737334900575,0.3116837343625258,0.1461294342130693,0.16853739794496148,0.1272835105969893,0.2602336210843073,0.8907184061209454,0.0519420442329595,0.0953188259944922,0.1062478940922978,0.7877966345597556,0.059664511946253,0.12880925611414587,0.1839702907052668,0.8822024827957158,0.6901198341881447,0.6299332227971504,0.4058775888766971,0.23181216229015605,0.2097274150013964,0.336106545041426,0.3134951656058981,0.1849427054447842,0.1534949552296536,0.2305500974822099,0.8042934360802461,0.2730869167811454,0.6093721619921939,0.2017562634712874,0.1361648758962062,0.2129473002372654,0.8535522511385959,0.0537562585820002,0.6580486287444527,0.2258114402376847,0.8053004199607265,0.5870411099874475,0.2863336937827562,0.2160636392464598,0.7953216978495417,0.3976649430828874,0.3900126540799001,0.5058346312841456,0.1921037433662258,0.2927409538558987,0.2739206911805995,0.3390857702740492,0.4964673688358493,0.3210879352661969,0.6961623430515576,0.23394003718996578,0.2213815833937039,0.1576249637674742,0.24005925657777638,0.4853715072248417,0.1995752107490294,0.1180714588441963,0.1963784151915409,0.5559962289880058,0.119436786850734,0.4946664393457979,0.4155558377318198,0.0896902224751968,0.4373735780000037,0.0328116641703373,0.2637584240263298,0.5048077134733722,0.1730466965016259,0.2246619755045087,0.14519016505483093,0.6412901272648395,0.6606728161813737,0.2209421971766688,0.6278383999681836,0.27089972140643515,0.1908906750607533,0.2985414017867468,0.6666485335243462,0.5879542061397627,0.4385405432984263,0.3444636589455667,0.4180211519931119,0.0259547750541925,0.5278508793915535,0.3526911522883972,0.2702749473468282,0.4736231833277085
TARGET-20-PAPVGE-09A,0.3407520625277272,0.39721455229372776,0.4639856692533022,0.260815953104405,0.3094910813713067,0.5788523485977276,0.7347619942775598,0.1692702074422154,1.0,0.47320877581660065,0.4432073217047628,0.4167571797399101,0.4618186171758776,0.4086609988175865,0.4817048906278801,0.2335674413660832,0.26743780617478663,0.34386083237429593,0.20049641987581782,0.2490328961997346,0.20764123663039163,0.3546075231912238,0.25021141563167226,0.512805740233774,0.1743713733265053,0.20500989142589116,0.27377305339288255,0.4422825335663713,0.34202979757533,0.3582343525228177,0.377455853764114,0.1912916549466352,0.5639330402459495,0.3147040269087937,0.505607000243406,0.1221276997764343,0.37502204411730805,0.3196692917997247,0.5725238334330212,0.26779275968361715,0.40102858259569835,0.13098972126928057,0.5967199682032763,0.2726030154628536,0.2971132584098999,0.252117205293598,0.6673860387013291,0.3293718480270237,0.5701276802172477,0.7468157413634506,0.5692964078058218,0.4796836507661668,0.5852860911662995,0.22977920450585734,0.5013958285971438,0.594007538718629,0.17367163477370784,0.19056551213363124,0.5528013487599593,0.2924540881409591,0.076937759772746,0.6835773680042683,0.5856659045718953,0.19754545181147035,0.4156864893629433,0.6377561431515081,1.0,0.4956592416175611,0.18083832388521728,0.1646356688652276,0.1556313679948282,0.5643671753835557,0.3302722020795956,0.3950183780465414,0.8145888056671773,0.20225716581465272,0.24895593738857272,1.0,0.1259402193254437,0.3343387470836572,0.6018788794733284,0.2672905556477807,0.23036968598919316,0.4074797182838888,0.5047673480943476,0.32191509860668743,0.5157946472497182,0.20971781703503165,0.4909325864462171,0.2627567460328564,0.9093217762129716,0.5096110492130606,0.4459548897805219,0.26925955713788635,0.516607297901058,0.7605672786901738,0.8265844091892094,0.2898494545308368,0.4756232746249085,0.19861204016065284
TARGET-20-PARPVZ-09A,0.202282537964538,0.1896256326693918,0.2348100930393634,0.0489586379049181,0.077068843955963,0.1250509293418731,0.0300146376231504,0.1526133790987425,0.0325009832726104,0.0730964822993621,0.1392952968541584,0.5976928449017878,0.3221742464917225,0.2355224320336448,0.31793879518536544,0.017378064240384,0.17056483741680917,0.0616612112172591,0.069624607084429,0.3335663970000719,0.10126263325447135,0.17110945587768073,0.0266296018981751,0.6479181365622912,0.028903870234544,0.0743590808487904,0.18620042695930436,0.4246429877955744,0.4342213744705313,0.4486928797602584,0.2338685093096038,0.21528688928176545,0.0419581793735924,0.19360766298927065,0.09334724369987685,0.3964186629557045,0.2746539850795266,0.023974185483816,0.7741367888884381,0.16384240681746656,0.0400105516363447,0.12044782781560805,0.2939053112779249,0.08681168909423331,0.0856484063550736,0.7511141547474598,0.264092971008489,0.2080125922957715,0.7729009666799311,0.2121967168189984,0.1264815897877375,0.106565336701964,0.6461215848968163,0.12285968315308536,0.1764953461545945,0.6519098708771071,0.14375684070551079,0.0348134592410822,0.1596451712329169,0.0887243857028788,0.4378682832574583,0.0623628029565894,0.4592571186243943,0.11737955905335352,0.1342306045078696,0.1476663469752508,0.0668014181103012,0.2225770199281719,0.0544374141493232,0.347580332412987,0.1559323389070352,0.290932459051112,0.1568379280269072,0.1593278304864265,0.0724972482706738,0.0419581793735924,0.0113598727720986,0.2300347406929364,0.2829176320214578,0.0524933794808113,0.16394741849339045,0.1050996107100818,0.19889700489522422,0.6085190463018262,0.5501377400312962,0.0602656103712832,0.4461464485977617,0.15374024843549533,0.3516097662154966,0.17852510202167216,0.270675693466146,0.4035638261056757,0.2310648925408446,0.2141745833576441,0.4224141946505505,0.0340824066792031,0.2742496169752804,0.1885548958545046,0.0621248066492752,0.14613720325883303
TARGET-20-PARUNX-04A,0.4671358354187953,0.22908118234349875,0.3408737583846316,0.2951062101171682,0.068076650297863,0.1586347756775686,0.2836671801658874,0.2226176104702828,0.10407146066049085,0.1252749061576247,0.1159900710384611,0.4412259866818561,0.3868908516560427,0.0759378940862088,0.06725334988667,0.1120897110376321,0.3565753863763389,0.4078971604669687,0.16577680776055426,0.1177433702606298,0.0606871627231764,0.0393885099818411,0.1984581940830307,0.5120733200354697,0.0132092989540375,0.2481434413730393,0.2035742822194328,0.3678302425476512,0.7280024044825164,0.3427657044221794,0.4497504000368715,0.24962923091073919,0.1359167193235491,0.3139494497112615,0.2028511032993436,0.7823244185721892,0.2020999438624763,0.0410876658112007,0.5361516873698651,0.37836344839206,0.1563282617012255,0.0191746411398415,0.1710798713975361,0.0821908002689322,0.2139511513555707,0.6611284843858539,0.3909689665526299,0.0670680837742773,0.5351892533414624,0.3362564236519652,0.2540905841601981,0.1286595696560508,0.5386230590302136,0.0687200958849706,0.6658958653321579,0.5928377973726674,0.1704733840061078,0.19294923243803105,0.1450220039034137,0.0279203516477683,0.6621683653634727,0.4628906412635892,0.4379504404577461,0.1249298104546284,0.1210227966409923,0.1549303702596712,0.0594361257667981,0.1901835902175117,0.1651716983581801,0.7257047130906891,0.0434767856095416,0.2976296924552537,0.0493547525579155,0.6053222350818384,0.0282007032602591,0.1935877321758636,0.0916941808601255,0.090018858592896,0.7226938077654863,0.2070114360253006,0.2093549762582388,0.2731957481689891,0.1023773927862036,0.3607164506611092,0.782244677591478,0.163795414545826,0.3214944106475903,0.0463044270270594,0.4042438345285517,0.1041397267656189,0.3732587862420558,0.1845344418440927,0.3545477989643777,0.4167382712197433,0.6965960209563619,0.1679920794243577,0.241070297321048,0.2462445413041871,0.2073164856345397,0.0843739261411296
TARGET-20-PASFVP-09A,0.4129953950339654,0.5154113311711447,0.1337018143973488,0.2011888032518771,0.28113471458148565,0.5196024697364903,0.3445052528728016,0.1697912075797577,0.1605442424186999,0.4213146357093006,0.1036493377811148,0.6975222646367499,0.6387593442055586,0.1752517469304359,0.0463327182993781,0.0552378103328855,0.2544758185754683,0.1014031729321744,0.18058972398824183,0.2967878110039663,0.13963288563726228,0.1417376653122262,0.2570325136823769,0.6909048699069071,0.08773509247164496,0.18871070252017694,0.3410836645021757,0.3729052108370756,0.7218116484636032,0.2848625452250047,0.4017035272739319,0.2255186928153878,0.31012701483830407,0.1899621337488239,0.4211270673237805,0.4349691346038635,0.24590443839321147,0.0762042015912807,0.8603981974603183,0.1871865578918242,0.1644178707911931,0.08514850783897115,0.17170981849511327,0.1242697743270198,0.2423527094101024,0.9204375041039204,0.3043362453265954,0.7350620345100645,0.8650926176519596,0.2752227125745174,0.5319800640514891,0.1772249435406934,0.6602979640518195,0.14598558958958063,0.5164255667234725,0.5512333920294858,0.1664432636984119,0.17218550450310346,0.1427038328646812,0.2497875141066817,0.1830047461605813,0.4532824172694207,0.5834562526401368,0.3063231905800852,0.1189442748671117,0.3720596552909588,0.13619221375588159,0.3846971869120144,0.0895234850563416,0.2715530985677426,0.18536795360393096,0.1086878508283153,0.20079186744155356,0.85327257391383,0.1616828843766884,0.22729800005078,0.0361084231771163,0.0487904527357604,0.4627570121696594,0.429765943695897,0.0776235850643487,0.3340689896273125,0.21303595031805392,0.5514373877935976,0.6946301548531468,0.233109202357144,0.0849323382293686,0.3021434956667184,0.3275760067854026,0.24268264139666998,0.6864870329833603,0.2585903782067654,0.3685429962206921,0.1545161200548359,0.520216894589279,0.3071287466243271,0.8292512588423806,0.1165757376030604,0.3691173146589666,0.0765978874274775
TARGET-20-PANIGD-09A,0.4852740320780774,0.3512915936082635,0.5386606919962241,0.3456999659857306,0.3124677575900335,0.6995068839698051,0.6446742445049751,0.4360715959014372,0.20440865354012885,0.4922573213261208,0.2041470263694428,0.5994109129366909,0.2902931988820822,0.21004646865931287,0.1989382520534808,0.29552430460270546,0.8533875452118497,0.6507724126163614,0.28264431697545067,0.3502580563129075,0.23377210857055697,0.25324388944567944,0.3634379275079286,0.6133359186306311,0.18183096290622483,0.2510851359273106,0.27310407712126633,0.3788401207785761,0.2317379078695247,0.4126479992505308,0.5008572567468803,0.3256988630245536,0.32763380944464215,0.3275158444349106,0.2460790752234027,0.7152341978227199,0.24253158666040264,0.3722552608938042,0.4367939912474281,0.2962654742419313,0.31325641601940113,0.2858709883094504,0.19261166809520033,0.16181768861046145,0.6224299495240766,0.4764811409909087,0.3042553434617627,0.3665010384834093,0.4348344534958133,0.6536511714538074,0.670894421401866,0.4147789419945592,0.3471536509214775,0.18672655178831737,0.5935415043835163,0.5008421410786136,0.7182339132237339,0.2347696106252824,0.5991757515091821,0.4313870696243626,0.3697586230903091,0.8566316795520932,0.5616006824939421,0.28822879962974524,0.10962206380459896,0.3934960867105165,0.2794171665273056,0.2051917037887054,0.1841780666708103,0.6111608329488083,0.3117432617805268,0.4942991262627669,0.3881326954832507,0.2133964399066102,0.21729011913501559,0.572640695563285,0.2831279664582531,0.1577629434610383,0.4889129608668904,0.3681564424490626,0.23325472659600993,0.4121427910359971,0.24454502256870964,0.33726259717206,0.3501334620533947,0.2853468937025848,0.2011076472959403,0.30342560313855826,0.1914139628388,0.26408585957231473,0.4331370525525366,0.3591750959790072,0.21864225369639861,0.663444062124182,0.3376779712063655,0.3026203334881657,0.4301348812983802,0.20887691305889525,0.4291806342979557,0.2732188109419388
TARGET-20-PARZWH-09A,0.28207929954484073,0.2884658097661856,0.2232935387415367,0.1577614177256766,0.184941456399145,0.3014725860009714,0.3668433635872943,0.1087867534895174,0.14629330293888904,0.3035468078657694,0.1120014125720254,0.1828731859253455,0.8016142464421563,0.2374121937985218,0.1704233049616595,0.1287898542958284,0.22411437012082436,0.16733979474968308,0.0864415653779367,0.4580560063634297,0.37914324481149,0.20201109037381354,0.14500662221182695,0.9144177524506998,0.10231457245860476,0.1710207778377354,0.0832999289336879,0.5313122188360635,0.1785211840447711,0.2902841417619468,0.3871226652375928,0.20986637647644954,0.1006866900150039,0.1434126337928986,0.2485435240165082,0.169485102419256,0.20663285941687282,0.1925861853250634,0.9056102185594456,0.22859671728694092,0.2176392527558324,0.1308084786868209,0.16125025988875855,0.0375448950490415,0.41857206942893943,0.0375596400149661,0.6122537873706846,0.3139683675989657,0.9049498567999524,0.6168407249916588,0.1926298106247645,0.2691159648255261,0.7699995610781281,0.0660287268957731,0.1564248005874063,0.5444406158513513,0.21673880078092791,0.20869172578044265,0.3351149877910744,0.19148548349470737,0.2936426104412112,0.1734742065139653,0.673128016682623,0.1596040643459772,0.0917368666063887,0.1152030964102946,0.1482215218444786,0.3614425838371611,0.2199138887240547,0.1553916122972832,0.19022413788459988,0.2170512408168141,0.232515798660597,0.4431176919004381,0.24591676097404386,0.1865207112852797,0.027260191111487,0.1416273407253468,0.1975014266842892,0.5519030362464529,0.14610041643052377,0.2522066515336877,0.0983678619991556,0.587113310261002,0.1399216121671435,0.1386067638937257,0.0917761951824793,0.1257936184380846,0.2065008530928044,0.26508413040959533,0.5190815190875329,0.7416266849232455,0.21194701768683694,0.20126583764987593,0.3154303526981433,0.1120304581616735,0.6076003992681358,0.208226290987486,0.2965628835344689,0.1659797499243474
TARGET-20-PASWPT-09A,0.2659435031222372,0.31027678893383565,0.4519681009306483,0.0975012326267392,0.483681303882697,0.2002600602097467,0.8734089664470934,0.1466530498236043,0.222967952574842,0.32384120657601484,0.1678477308620896,0.5754174712191997,0.6886997332452145,0.2527838774617216,0.7370026062900681,0.0668925483104673,0.2593186401537486,0.23460504593156398,0.13774091115660225,0.2705696886902904,0.23099670898360333,0.6629667269534496,0.2710682566507964,0.9806312169413314,0.09854337705405952,0.1480862693490114,0.2381415345679143,0.6000720037079135,0.5635477188367332,0.4848273265127892,0.3341397224561521,0.2813235296687508,0.1615076053318392,0.2300426308062318,0.1236958298344783,0.388865933845804,0.22483081502939045,0.0922826811143628,0.8486954571330179,0.2149286868589624,0.3894752792370916,0.6501827592930787,0.6869102515558065,0.1073350126059249,0.44543321183331425,0.1189210595767124,0.7892917212346522,0.23679123150924503,0.8467399375361127,0.709784424469613,0.512151790922877,0.1978302261032284,0.7997722087485613,0.1887658555032214,0.2880312148384553,0.7206390247595824,0.23152778028945883,0.1982036261725156,0.4241995381499572,0.14457111873966288,0.48553954667013,0.2637287749852561,0.8807612909329827,0.1972837416096482,0.1790196702261155,0.3901829883190116,0.0916052941840146,0.2474726862019946,0.20236307651456253,0.4020962991747789,0.22963782987803688,0.0682944759611043,0.22427470504665012,0.8150136356254707,0.5773853397189684,0.1615076053318392,0.1060309075377003,0.0590848496174618,0.2794510998040757,0.3601226845476499,0.2279384821190098,0.37701140454010496,0.3826104387037362,0.7448168756222323,0.5511947118416111,0.2139045103289311,0.5677830839798369,0.21502782042726667,0.3421975500453764,0.2520568935436027,0.654742245941595,0.680376302409606,0.3900784343737265,0.18176684188295703,0.3330291282012031,0.2284492436862657,0.6321718334681259,0.3423198845958705,0.1237216859824792,0.6489710895448413
TARGET-20-PARLSW-09A,0.3156241563071902,0.30460495767563245,0.330915647774775,0.1802436911276577,0.6678340604161964,0.2173882575416115,0.5753026606397755,0.2279602791540626,0.20522689428973068,0.2574952946282901,0.1917655056631101,0.7006990725079882,0.7150494318111664,0.3242397934025371,0.1809044863971698,0.1100132051888617,0.2294449802795872,0.2019683660308308,0.15405663047510768,0.4089866049483401,0.1538275032938477,0.1570807761637168,0.1492943646429634,0.9552309587639308,0.17243843628551253,0.18751177799142835,0.2197518913575326,0.5749459272192583,0.4513057303090037,0.3605416844854744,0.0989300161442513,0.2515461117079353,0.24047966239508847,0.24786004130341072,0.1562423754002595,0.4238999642980132,0.28967123748560203,0.0844533110272853,0.8982934053584279,0.2055928511050842,0.3904219765934352,0.0394123613509864,0.18325167984999874,0.2402861812237739,0.1074856916541543,0.5810894199456366,0.57083761967731,0.2580647484871818,0.8993942254279244,0.2385814786291527,0.4375899928565031,0.2019493843435693,0.7349941803676453,0.1592244453079877,0.1342854027159552,0.5621959721761065,0.1853843865369866,0.20842060018777667,0.3195936683816086,0.2738995195502814,0.816961055858979,0.0782630908681662,0.8384576748939536,0.1358571979217795,0.0726952935059861,0.2834486964089239,0.13135911073048706,0.3629642715840501,0.0992144077338491,0.4509241785772008,0.23592734583388958,0.5190072619600479,0.2424823838615282,0.6829070304236029,0.3103470416837462,0.20287583884884,0.22038825707704,0.1330115983280082,0.2778979980163948,0.454877288462636,0.19057765865247353,0.40415862260812196,0.1973489481951786,0.7618551533121001,0.4537448159056734,0.1098365330745622,0.3734109761079875,0.215533586745268,0.2645229278762877,0.21608895498982233,0.585244587193334,0.5470056473906303,0.3091119121134519,0.28559712427680883,0.6327839662533498,0.0427722033725302,0.6825124281081778,0.1291950682566164,0.3427547749912464,0.0835673188237801
TARGET-20-PARGTL-09A,0.2658957994696792,0.3788065435241815,0.332374095960453,0.3969300269658742,0.1718261190646607,0.3349107748613438,0.593684760848411,0.0887208216091615,0.3229263709240858,0.34579010829228535,0.2817971868745096,0.3463406451456116,0.6541258315938934,0.264509379917908,0.060496900715708,0.1014460057983472,0.23517788103925405,0.19280813788620935,0.18493850391683173,0.3742522729260711,0.2100522241072411,0.6246657788432609,0.2298400081226203,0.7650381885719852,0.08116157709738366,0.1596683551493865,0.2548618799422064,0.6485105943610145,0.1477135374381891,0.6816083471694917,0.5194166305800769,0.23464759566438628,0.093546376910789,0.21860396016227412,0.6801690154124455,0.2473545212807688,0.1596683551493865,0.0995002708021425,0.8181778830038402,0.3159365196998525,0.4916992894886382,0.0464344213349796,0.14751900935994858,0.19451273027400184,0.4076149913176576,0.1380964599890602,0.6723729107497367,0.2580396112245594,0.8183867821702271,0.7045002679206751,0.644585774585293,0.2960389315182752,0.9689854750505136,0.114197841859723,0.3343681188776538,0.5754729085675172,0.17619699435279879,0.16682433724055745,0.281543680918451,0.0704712356669412,0.1569022467694974,0.3302407637093288,0.7137057908060176,0.1929289137753408,0.1555628758497251,0.3685084142909899,0.0987699042567238,0.4631014398910843,0.0627931486903116,0.2621899107145076,0.1097358243686724,0.4205874170662811,0.1245718693901346,0.7302906907766409,0.1994478111270515,0.093546376910789,0.10704580965317191,0.2633161649655481,0.3244878239719729,0.4566603691492178,0.0544463758951419,0.29797041615689607,0.1850846831102178,0.6670064142298665,0.3288853389691568,0.1294059954778628,0.0328528725243366,0.22425559977405893,0.4321033779251341,0.27129519364117927,0.721128293903665,0.742386000330662,0.0918837892570858,0.2017525998266175,0.1898334600747069,0.392262955504645,0.9282073688438308,0.0817680145090953,0.2359854175776429,0.17306318253872788
TARGET-20-PANKFZ-09A,0.3221288086716812,0.3649215794706568,0.3078708405294791,0.20994183276335454,0.4334055536984465,0.1684360904769768,0.5259351788341367,0.2055610547251286,0.3656698180609624,0.33790581607434156,0.1395946969374746,0.5755555897687262,0.7091505153294286,0.610623834005321,0.0451044768360527,0.0977275532848842,0.21169419308939563,0.306769495607487,0.1114638705067941,0.4369770975205916,0.4224662677273167,0.2507643796124398,0.14547199709106448,0.9074851092655178,0.0462729684788255,0.1190434144738956,0.3337988884549064,0.5388091869297389,0.41229548719102,0.5694558828235868,0.28185147371000807,0.27931544293921623,0.24568733688543504,0.1849263970664975,0.0557925277501051,0.2541793527009395,0.3439032512573909,0.134821603656332,0.9557069465509164,0.3122915791495862,0.3155852346167113,0.0346199599768139,0.1361556712150249,0.6155491534487548,0.7408920048745891,0.5672941068958332,0.6734076489039313,0.2084596927282391,0.9570146665519106,0.2576667031819404,0.4114323790975182,0.1219322995826217,0.8219456619385254,0.154736625835279,0.0437811100384781,0.44976051625672,0.21927922237524158,0.2341164748226856,0.2938775462623483,0.1777530976099781,0.7753525100316703,0.2824615087214507,1.0,0.2168829743827602,0.3375470255497417,0.2057062808073446,0.1614072710850456,0.4232002443234955,0.58797868560286,0.2241154733676012,0.1523017941429848,0.454310317102131,0.1728926657909117,0.8706207297885036,0.1277334925812578,0.23776247938364023,0.0638835578168082,0.1705475454937504,0.1629159389546902,0.2952025881221669,0.0755658489934374,0.325213101181048,0.3941790036957009,0.7731675204980494,0.4991536690337331,0.1753434809012986,0.4121924274540084,0.28110442733923763,0.3318926683752067,0.23272134145953915,0.6034401565891945,0.6695090934757673,0.3849106801060556,0.2786005732729806,0.4918231593437855,0.1543703546834975,0.5243246153320825,0.24547507124936768,0.29052260500179744,0.1085024047678651
TARGET-20-PARTYV-09A,0.2813771241093462,0.3257006839075994,0.3257952068307712,0.2749788226975771,0.31044124560145453,0.6752634336057232,0.7686682239222282,0.23899231457754716,0.30917677875972177,0.7405297945609448,0.2864279999878476,0.0512051548060043,0.4139169424249038,0.6712357911322521,0.14117261237459336,0.3156047773201882,0.2529479062794823,0.4204937262713509,0.8341063989099821,0.8443195822468972,0.7632177090320629,0.2521378431501628,0.26012580404005836,0.5614121031700487,0.19863790385423089,0.25346594039656056,0.3032797158547981,0.0964122614817561,0.35981630625522104,0.3775131252898209,0.2845124787113857,0.2877370363652424,0.2683914871576741,0.31972819189119583,0.21626705437953236,0.1817904887783986,0.769673146513385,0.4277558581666128,0.5577581118351642,0.3290111748119909,0.2097128465625617,0.396440087054312,0.19835648381555843,0.1585044739382577,0.4189860375064725,0.2177153839951558,0.2397064340945207,0.4277289479913029,0.5571320463436327,0.3322468090377009,0.6572848687839836,0.4829914597842427,0.5928744512690222,0.1831087261113406,0.4148864848223942,0.5042518524119017,0.27659054163352725,0.3176496667301684,0.7088128743659621,0.37280690917909737,0.0448635677367165,0.3538695412819311,0.7921484173385038,0.1844839248288259,0.4778457560697245,0.6984486728647326,0.6121194923725524,0.198199926437129,0.2060126432941313,0.0521956294533764,0.25851718882244074,0.686186578269774,0.42409606140530137,0.2336908786939487,0.1667010707277454,0.2743837413864245,0.1809391203976017,0.3181315101631842,0.0624352634272177,0.35962503551219693,0.16342416299757345,0.37577165867369144,0.197757802221096,0.4610486488078492,0.0568593484179495,0.22165497760364028,0.1492825590421011,0.5310669077453589,0.5406818678538595,0.29248687649209815,0.8848597799112741,0.6093894088483989,0.3150556428128164,0.37403118898010934,0.5356796397699518,0.2429163171070085,0.7680124663883805,0.138447534938886,0.7442584012627734,0.2689292047311575
TARGET-20-PASHYZ-04A,0.5360179364026997,0.2999966634445977,0.6537169003659716,0.11636012912785756,0.30877831829335767,0.2817115978380207,0.2079196271846617,0.4313782750330431,0.3330908787835525,0.3059280777315806,0.2152171248079086,0.3683088507402213,0.3529673668621211,0.4890097807340334,0.5781795920824745,0.3429365226598297,0.350916054808282,0.3269510439384061,0.27948498026327395,0.3703878248893897,0.1608887181534081,0.4422572017421614,0.2729172044894531,0.3757921125667341,0.1532592428933553,0.14544433724654948,0.3557586285745017,0.5699423829791459,0.3963011348973224,0.2263516688573483,0.2878203521648767,0.28443130582593645,0.430014277490668,0.3907279454442977,0.2899842236375956,0.5491074550545466,0.22701897007054425,0.385575223885931,0.4013697183711104,0.3328364106539889,0.5364003302899247,0.4862581462980705,0.8011476076423306,0.22494961031005126,0.3780942096587642,0.3903225405816956,0.332304026497332,0.2650058565587377,0.4007683419859249,0.5717481789855559,0.5244161447121767,0.0890238535203229,0.4608980460214763,0.29461965176777205,0.6545395451241482,0.44383395602558295,0.2765651597707321,0.20096746134068244,0.7557646963373071,0.19175623945557219,0.2997618027824925,0.5756973579313911,0.7635161022178338,0.395253817536672,0.2114948101000368,0.3622397888060312,0.28449320739469647,0.532051428457143,0.18317432078110085,0.4337879780508459,0.2006564692571207,0.4376779645229003,0.2431765053034568,0.778971544185832,0.8188459513984018,0.37323806048960867,0.6178543792942107,0.1573135139159226,0.490558726408463,0.36741971960574227,0.28715999104708906,0.29840481068915786,0.23252557193919246,0.385877398242282,0.7593304777704284,0.319551040848856,0.4138112566975931,0.1825064729484786,0.37860121152360027,0.23854723105530165,0.3968270861477201,0.3569751664688684,0.3560604642447434,0.3131853251881535,0.3417821906634262,0.699570195584816,0.6821076178968946,0.43816162156377303,0.37375849603723,0.6115749418419889
TARGET-20-PASPKE-09A,0.2937948809631208,0.3392567217335138,0.2338002361040078,0.3546904196991153,0.33106942177005666,0.6606318149266984,0.6130419920898291,0.24331999325936704,0.32871673794603157,0.47205760418439136,0.28019967956196756,0.3735572715334526,0.3407510707352594,0.9202135730041808,0.25605644592583787,0.2930225064090248,0.19471389184728638,0.7713050678858038,0.2284363467482488,0.4022132771605521,0.3146960487122477,0.3258657138666304,0.1772955157894158,0.3704323794174533,0.2202526613993576,0.31455755705646454,0.3121368326967082,0.0872064759958484,0.3347018856053929,0.4456412064016525,0.3676689216496836,0.2494841991489309,0.43984908404028994,0.36891080733458437,0.21001543120160185,0.1189610897077759,0.4707498256884232,0.3682626413395237,0.556568172688287,0.23592926124375835,0.332886194808522,0.2391966844923207,0.26299067647559127,0.9029647949345064,0.3996165113241552,0.1261056992941317,0.6909185683938217,0.649261024847586,0.556033571656807,0.3878149603030267,0.6615034595727258,0.407221210228772,0.803873638551368,0.2552431627339243,0.3799529612893851,0.4806573087557323,0.2198915240956484,0.2913674918183574,0.764292835627366,0.324440415760791,0.0025819989252756,0.2908612304531799,0.7916901617239684,0.17724435292776736,0.4067804992336096,0.7984754984934807,0.6556811646175241,0.3324971499767377,0.27731110426895844,0.2782973452230122,0.24773474403448628,0.3014738720314402,0.48654688340846347,0.5151548218446953,0.2154239532477316,0.54931100080231,0.312983861477421,0.4645539310224927,0.0176780716259199,0.3256815309467765,0.22594889810071217,0.3637269234027609,0.1917744985837593,0.3258983672546316,0.410429166327962,0.2847137609839824,0.2454510639865573,0.6862855301775357,0.386417261373251,0.3225832000651642,0.8408754391002613,0.4387611795284659,0.31266324511935084,0.36052763266634374,0.4235188150477195,0.3392256865547935,0.6149714334637517,0.19067385542107093,0.7771040701938008,0.1262549485986238
TARGET-20-PANDER-09A,0.2233484916961982,0.31798716869642757,0.3027508916354532,0.0433635431906595,0.4515410258249626,0.2752221626579852,0.4991900675571687,0.0691748171828887,0.1051718145347781,0.29513368662980677,0.145023637930299,0.5437127167522634,0.558491939201831,0.2130049291007039,0.5245716423933655,0.1217415325474273,0.2527501704325672,0.16984976051461567,0.0616677625366503,0.3474405562970625,0.1719899571999512,0.4444712514620855,0.19409927418799527,0.7780427228599671,0.07472095852704229,0.1746823195597195,0.1123290455752703,0.6856986152830142,0.2667936220489609,0.5327365117120964,0.3041370103996984,0.2295886191951836,0.1357749032477809,0.2754610442554852,1.0,0.1373123793736433,0.2695105783099419,0.18295975733293043,0.8206735721713576,0.055597541405861,0.4740175198821845,0.0362044957269507,0.3004172801771187,0.12422897870667172,0.5608236657217904,0.0261594751984038,0.6279631396703138,0.4058037504741259,0.8204226268078587,0.7164943872629765,0.3372823514142495,0.1678094108374342,0.8536955668264045,0.18411119436607332,0.2107163428564053,0.598728825713838,0.1763366589978258,0.0595988906939766,0.3302281491076416,0.2860136882514573,0.0634760442912925,0.2406014211761267,0.6220665399640115,0.20221622582228166,0.1445675565508655,0.0454167549018271,0.20686568000101804,0.3744688498097105,0.3278701787685212,0.1501929752917461,0.15686067813124216,0.3745839436398179,0.224866649396748,0.4469587977607113,0.4921601592024284,0.18402266026596795,0.1791248753428328,0.0707502531955196,0.2309801956617225,0.241953962933819,0.22440537539588423,0.3400979186556876,0.20575123989037608,0.7140478790267716,0.3813315763508569,0.1008966769828303,0.0679189899318632,0.0897416764325024,0.294872462567363,0.1040255025247396,0.6630887972653072,0.5932893908020093,0.0716409542726061,0.2240613481468358,0.5172030467291585,0.294265046412995,0.726875713841773,0.4269461572450267,0.0550250548550617,0.1457314105171724
TARGET-20-PASWAJ-04A,0.6769235952002586,0.35269956111320006,0.6681924232188887,0.24609445165670374,0.3062502677893154,0.2656138060397784,0.5206715198503518,0.4754713264254722,0.2429497210413462,0.3674591577414602,0.3999775736310131,0.5693810992436572,0.136029759636147,0.3553234753032712,0.2615495297744001,0.5615706914262037,0.37334330226900053,0.4837574481482359,0.2534801625899123,0.3155154395436607,0.15202057058474247,0.2500223679121511,0.4038088663342524,0.1262364378910134,0.4385891108053973,0.16005174966047117,0.2557853215417217,0.5045927116822315,0.3439816382530312,0.2960165083980626,0.624646683443441,0.3662253363278245,0.2952523874834587,0.4444787114375555,0.2856958303349667,0.5992516257702398,0.2249898942826513,0.280166029269056,0.3542408547600297,0.2285290280603479,0.34141334528121897,0.0787293052347771,0.26080552746235053,0.15017271683001665,0.36766586764042947,0.9431080775621032,0.4473120975847713,0.1889671961245283,0.3467229282785602,0.3637957019991809,0.5483860634544737,0.2216850880661945,0.2499272748860256,0.2286110378719378,0.8098833283877479,0.4694376102941125,0.30641101507486923,0.2449762385056399,0.7411501671826238,0.2224223028906441,0.287218617988804,0.9557236680703122,0.4324856007334183,0.4506936581452426,0.14755255169261422,0.4356125454270492,0.427017280366249,0.5845781487580286,0.19609429463490125,0.567699402900115,0.2621521351814884,0.4247447503311485,0.34724101482183767,0.5567341753510457,0.4427899803514931,0.2952523874834587,0.6523516645128979,0.1793789203715193,0.4117341231355609,0.3693867524800021,0.2853844164886011,0.3201419199649586,0.208752273819675,0.1932089089671078,0.7320545065697492,0.3643725150129094,0.5231427476476527,0.21083152713132042,0.4402374824157493,0.2472210596493845,0.2278898874838777,0.1851899549473821,0.4924222562717321,0.3420704201108265,0.7974317137132648,0.3811252991278149,0.797939000412053,0.3033289957861147,0.5767275607940198,0.1816734889696621
TARGET-20-PARBIU-04A,0.650129010926443,0.1232315620793744,0.2814448873704824,0.0481029597103991,0.3226578297782738,0.2335990892832226,0.5197660455516107,0.0763059805827242,0.16199276290907594,0.2716817678547497,0.1575716872434264,0.2048888611635564,0.6661545224629855,0.4054935625892837,0.027681572649564,0.3864423479996255,0.0650242023195693,0.1138753992408636,0.328430437822534,0.274920799618802,0.0461454204064919,0.22758839124850616,1.0,0.3048272095309403,0.2215262098065863,0.09422403383641165,0.17398203913876542,0.53579088252888,0.4782603095112162,0.1679963405113182,0.5483079980434074,1.0,0.12519244944482957,0.2133267943771607,0.0342410558453228,0.635492475511644,0.17029639439799601,0.6485083194667827,0.3947039736102313,0.3663971845056022,0.2594589598971114,0.07504317677075782,0.0459788540708714,0.0558481627051435,0.3148090418065414,0.9607757854509088,0.4245664168325758,0.1358979446619205,0.3904965250744181,0.539362361841057,0.2653906213517568,0.1158435414828646,0.4608120758378632,0.0982179622042321,0.6067025954868721,0.0915080993631428,0.0999397754984727,0.0661127487952682,0.8564003015318464,0.2025175054137029,0.2720311413292663,0.7705299502486863,0.5632206270026301,0.2944384327399514,0.0391896612681259,0.1972131621262185,0.0849488796392395,0.5358663422366162,0.16442369035922969,0.5307467845885466,0.21694047218552182,0.3262491011206279,0.28081428401209396,0.287807212097016,0.2194441495269637,0.4521303250225155,0.5198472488023366,0.10217949461403862,0.4573990144605525,0.265648755323083,0.15911255141264402,0.2616788965381917,0.20807968683281858,0.4423712293560027,0.776492433411325,0.3908082229562138,0.19916900663685225,0.16092292098439345,0.6353476182409358,0.20178769108591027,0.4117431535048959,0.43661147222431657,0.0790263493028148,0.092315956408802,0.2679855449928766,0.2843428131589597,0.8176631804888264,0.3213622341851346,0.2453884691234566,0.018314066355933
TARGET-20-PATBFL-09A,0.1199824659676109,0.25995961615146024,0.105908759245832,0.121943287481613,0.3345563872560922,0.3780606446315797,0.2604848267511608,0.0558904250752693,0.0849745277207637,0.33335249572707837,0.1507490238548906,0.3544402525278335,0.8395508377380523,0.204106738112065,0.2020209080639135,0.1715871078760948,0.23097150862251487,0.0834081997319724,0.11317092054696061,0.2337428889683901,0.2036988687779963,0.220390543428861,0.1282002315199832,0.6130336728901375,0.16185559550149406,0.11231954739233037,0.7276162385592603,0.3749244999354097,0.6234400047634313,0.1342602295625927,0.1885212518836101,0.4762692520362183,0.18520007731087768,0.1963311518107375,0.17685645499151376,0.4472813976611172,0.2582518876806439,0.1154165256123809,0.6990899991745536,0.1563467022313375,0.2576649322508717,0.19723787363731798,0.20528091608164178,0.1050268936931433,0.28984299632640576,0.7582770955152215,0.5622969449646846,0.4658151463245176,0.6991804512598927,0.3655458953020047,0.3822062852042957,0.234957379429381,0.6116318992490735,0.1324651484224658,0.2368198574333781,0.6984850708243553,0.137591813119335,0.2118802218157421,0.2626349230336565,0.1521688244806643,0.5432057931988992,0.3015946055423563,0.5361535987884469,0.15513750313212535,0.0993476525997005,0.7000117360038053,0.1994997136127407,0.0636595135526746,0.1355895001870488,0.4544614216536543,0.23577766994734434,0.5281803558664069,0.23186641855365206,0.7547378024609372,0.1104580533207915,0.145556002462357,0.0297006344602053,0.2662586719147708,0.3488596930976964,0.3951335176347038,0.1508987457361992,0.255146920505376,0.221736199035966,0.7339298813253605,0.6053526749613064,0.0815203913057461,0.2674230791505644,0.207494790825434,0.2050193827196662,0.1588697033339223,0.4918656672780022,0.4776134145687686,0.6988831917672026,0.2340253339767978,0.6926473885607983,0.0317454189269667,0.2384907929350128,0.3206988615026816,0.4000790651894746,0.1972938330121479
TARGET-20-PARXBT-09A,0.0806435809237328,0.32565981138321043,0.2641098175829252,0.2614724373452132,0.2345645071566969,0.3013427940669146,0.4141793332583832,0.3458819382060766,0.18721576221519579,0.4048728377546736,0.1376332928468048,0.5918297485829659,0.5810687025533721,0.0487989076744594,0.0807374239839412,0.1330051433388692,0.0549534308599525,0.3293128215279685,0.1096353601594264,0.1373461911716245,0.16314243439322837,0.21148520412909624,0.1474982399923982,0.6034679149267757,0.0240003872509907,0.0617442135436177,0.1056507673128106,0.3813599107239618,0.4936392744543156,0.4913822422277738,0.5469167634863893,0.219897471159599,0.17328246613231033,0.0959157211743912,0.1861235230233578,0.658400096716754,0.0617442135436177,0.1834893652480323,0.6127001222530772,0.2155260978872441,0.2600134398896179,0.0962342042578678,0.192480095141069,0.0476188517971952,0.2335311794761311,0.7931532122832857,0.3417804453666366,0.0430990254258085,0.6130770697427534,0.443151780724617,0.2891351225344082,0.0747153736549006,0.6568909225781915,0.0837453975114406,0.4262829453948729,0.3807590177078989,0.2914892202631838,0.16383282099259694,0.3178018865146101,0.1750748304156658,0.4984482586066772,0.321878221069444,0.5562689061240627,0.13405940135589242,0.1143024761507384,0.224765960562367,0.1318154738918357,0.1887334157523809,0.0857206346482013,0.4673958761517032,0.1474525266252021,0.3567444968387732,0.0896741892350565,0.481112363731025,0.1698574038162603,0.1823987217236882,0.1576158864328797,0.2400488531856636,0.5461407997390371,0.0842485328861054,0.16857703524152506,0.27931816173576357,0.192882434992373,0.4549633335047113,0.5308999670214403,0.0500416717585274,0.2221400180316401,0.1595462622977555,0.1662550597417829,0.2641520469034166,0.5923652988303609,0.365146518815554,0.1226254628375406,0.1479524603643649,0.6056697765119535,0.2510695780082011,0.6561916028537711,0.159433019394927,0.0515854591574232,0.0915065654249683
TARGET-20-PAECBZ-09A,0.1616727510728046,0.227832463629021,0.1708999787067589,0.0382005339634482,0.4042280189701276,0.1725527682534304,0.6264895946104836,0.2710416171525218,0.1334974002353223,0.2096763043965988,0.2280065323743229,0.4062329297235308,0.6989419640485348,0.248932471343307,0.0219830726119068,0.0498487502116391,0.22187195526331965,0.048111861239008,0.1479597204918645,0.4042318198070959,0.4566101404458243,0.127909586407405,0.1396729296654982,0.8199118782955805,0.061423808910696,0.15233957567093784,0.0523509867605155,0.4854380659051176,0.1672684263226138,0.4289712909093032,0.253988257808321,0.20670235113477584,0.0632779360488014,0.245475577845278,0.19463628919177664,0.1669478047578667,0.2422334505429038,0.0687696378134601,0.8899849546306307,0.1703382410880147,0.2039207588123991,0.2147832419954987,0.0694501173533998,0.201642812896244,0.1921204085361964,0.0627181923875844,0.4598986052888745,0.0770304637115477,0.8912083872916963,0.4948361505066445,0.0965627844453977,0.1701832308319738,0.7083175554057825,0.10217152860700897,0.4033134234481956,0.6539533550542455,0.20996044312311418,0.20695724051149877,0.3143513502646147,0.1657864831207924,0.1369510454575319,0.2518717918847845,0.6034044146060951,0.0581628264416707,0.1082383200831222,0.1117077358825689,0.21785462047760634,0.3051961793873341,0.2048654666521665,0.1669442863734297,0.0742290263500574,0.6252106037625225,0.18155203532138728,0.4683764850516508,0.067587851026982,0.0632779360488014,0.0171320422746415,0.0440304037484581,0.2345631119592223,0.3305218684138234,0.1280873407838182,0.32305608158268795,0.1364039084289288,0.5710372712761174,0.3651074804398749,0.13427508455854656,0.16770440039108325,0.16281441391014495,0.3431129822924386,0.19228785223587672,0.5703892213345705,0.7705328044657356,0.0333882891057127,0.2031728126552815,0.4547537816672738,0.0348290540493106,0.7397905652032792,0.1052024833984577,0.2631471982754552,0.2948370220401168
TARGET-20-PAMYAS-04A,0.4942995416301881,0.2766935286281471,0.5647959962139898,0.2504796286881381,0.2717876966331297,0.2985936295523382,0.2584087045523515,0.22940996261119467,0.22390226005025488,0.39491920838187666,0.0843753548235418,0.4092802066130223,0.006022428248011,0.3340937800850226,0.2560415293180347,0.2659726905809165,0.4558565806623247,0.3505359715658686,0.315294076772141,0.1645945743433445,0.09340916947778483,0.310879156103982,0.2181891874028942,0.2716761559432415,0.0701648473420132,0.13821704407733723,0.1917575038126452,0.2982192787563331,0.3987215216461276,0.1657768582143113,0.760820610569812,0.3328945141630454,0.1968682969157938,0.32202116596091584,0.4580385664276971,0.3243749547092735,0.14507691770231682,0.42060211235379114,0.1223264981742122,0.33709252586372135,0.1696084662578206,0.1634751275511659,0.22279298277814125,0.1342233859935559,0.2976314162976626,0.2566691177252113,0.4037792135897657,0.2040463351812846,0.1162379310482462,0.1502998156578292,0.5146632322719102,0.2420366908443763,0.2374397924932509,0.1277314502734808,0.7331558261863117,0.36887326947051374,0.2685836522224865,0.1034226645358159,0.4867350298985733,0.21333719749914612,0.1880396873630946,0.8454256404495107,0.5235293788866855,0.5134534350514,0.0968261410153458,0.2094052002891455,0.7128388872418855,0.5607423712333756,0.2635558899267506,0.2951970858358017,0.18944826038332752,0.1167064152902022,0.319716284560353,0.109131786146877,0.2190703291187764,0.36294743020066605,0.4654526601000163,0.3756990364892016,0.3653512657221087,0.22098248747222868,0.19634718370801643,0.23105067926416098,0.3358662414862703,0.2818360889540887,0.5739540374615857,0.32758074415989424,0.2945104189533475,0.18708778908513882,0.2607871209153959,0.1859578278275877,0.3027303933407002,0.42214824889165786,0.2924663697794797,0.3370462733301287,0.2002580788942313,0.338321704839551,0.6191602189781007,0.1629913926451702,0.4279181600749883,0.19119183316182395
TARGET-20-PARCHW-09A,0.3703835014144684,0.4399031931084817,0.2695036816022172,0.1232273444252715,0.3749317081767426,0.2910302403316008,0.438289250110738,0.1808769768482526,0.0859401322660942,0.1932840401874046,0.1791391779151569,0.6194420491723928,0.7290908583256992,0.3028910222235261,0.0988156929388283,0.1607873777851781,0.090539171395674,0.1551993200281683,0.0952503788591435,0.8637778429748555,0.22768264439507638,0.175021784645013,0.07041483914892,0.8444813970495539,0.1489685358678188,0.1482616001928682,0.3928027627064347,0.7018071513242874,0.7605371689722622,0.4667808051063172,0.3177902668067729,0.24229893653720258,0.2425869826416259,0.1580270746166727,0.3294937248345318,0.1795183890134039,0.1871594566151121,0.2388240037480841,0.7685166808009742,0.3674937194300582,0.2597815840572693,0.0544293266950796,0.13945672646289758,0.1558581724735198,0.7151995081562367,0.6577281301130263,0.478414534160223,0.1820467089999478,0.7693313273704487,0.4497814820074912,0.2968468813643677,0.1517455101254698,0.7046344030511219,0.0727573734338524,0.2703502002627486,0.513170280722956,0.194426457738195,0.27251644692556065,0.328324755372974,0.4324877482023282,0.7328128026554728,0.150611235709505,0.8108473391240043,0.261446618476869,0.1398964424193877,0.1547441306406035,0.1498767970968012,0.3787676045209404,0.1370172510932117,0.2075928308663429,0.18146100225248105,0.5194235984813491,0.23508500748830166,0.6173723601380678,0.3250858002135785,0.2041220687508447,0.23311402674336446,0.0405881549280238,0.1989730573017457,0.6587701583545245,0.17902381807217083,0.5112983995809995,0.1727317731642034,0.7205003535219752,0.6891953967453518,0.2113718713240406,0.4067320163009305,0.24362080913157558,0.2450099614408554,0.2776695295325073,0.559314994522522,0.5379777737224655,0.5633217418907699,0.25824041104586865,0.6306789884967178,0.1027370143733581,0.806939190121859,0.3103210622292007,0.35128774294271914,0.0815990092086291
TARGET-20-PASIEJ-09A,0.0861622118100692,0.24881287671930574,0.2212895878361781,0.0319764487004938,0.2621352931488114,0.1505195483862263,0.2741585135283684,0.026986192825909,0.0410291921608189,0.21164124073338433,0.5087158857028256,0.6103054566370375,0.9531693501686188,0.1060498040510159,0.0508405578992013,0.3071682847409883,0.17866870121155076,0.1112689709097023,0.15649701302304125,0.4650398387685173,0.0306751741945707,0.1555277187330614,0.1439499442167822,0.4162914291309479,0.0361833558250312,0.14041740655924645,0.2177752755049412,0.3850373184091089,0.4316920164108808,0.4399650291067093,0.2413285470350235,0.26735502166520747,0.0529679422249359,0.2512632902414335,0.17688249898503167,0.6057318412000051,0.2413558442575622,0.14294957561949959,0.6749210839869368,0.21315474390211928,0.19136875506226556,0.039022691385312,0.11303883354968527,0.0845750557685703,0.3035698685967417,0.7701744652156587,0.4067394274661353,0.21765887423577984,0.6734044704200266,0.2980903948767539,0.4767225165277117,0.111645757708457,0.4311135716335846,0.0665772576373337,0.2474957939127309,0.8261002063352367,0.10602725569136784,0.15336705106389825,0.1668670704704237,0.0764803659865994,0.469330994045883,0.1575311657727206,0.0352231250989099,0.1386303081498401,0.2183408442797282,0.4786053101456737,0.1285020250299089,0.0613694654554702,0.12492125682328252,0.6094207643006272,0.2300572226156802,0.1613628531084736,0.1915588824262787,0.7935714254507598,0.0889486082201777,0.0529679422249359,0.0396215125415959,0.0535374121849001,0.4645277832380728,0.21411748394226182,0.0849587881166743,0.2555246264321949,0.14437861849141617,0.52321199748616,0.5234291122144273,0.0754435999878904,0.6259466764881765,0.1828356011963935,0.3242920135865864,0.2417233459232161,0.5455443765653223,0.2261486925427602,0.1902444226209122,0.061367043984716,0.6098010456541477,0.0293790136260701,0.6425331325517816,0.088740428863898,0.1439886404052235,0.0336359990353833
TARGET-20-PASLDL-09A,0.4753712679246565,0.3414530927251868,0.4752808893576652,0.3376224207001858,0.5057409632822358,0.4116777239663493,0.4497355051363931,0.1004550498951229,0.0827893578798839,0.32830243251505786,0.2582529577762458,0.5919642459621532,0.7765029543347439,0.3713730802156339,0.037130494954544,0.0816635055229618,0.2079212845368144,0.0812633089343992,0.16650764177462196,0.3400391533211986,0.12699766359336592,0.8299694374777958,0.09865707941253926,0.932324219184206,0.0702727672806884,0.0979978310481496,0.2277920111613215,0.8630116773799328,0.59154374351002,0.6744830453693539,0.430296529758594,0.327098935053868,0.344254607422609,0.2808397665487313,0.0847297125616351,0.3725273998281706,0.0979978310481496,0.167461514045935,0.8057492080498063,0.3572929600968823,0.816651682283039,0.0734190774299537,0.10553123697962177,0.2246902911095761,0.2951610701526913,0.1940950926717113,0.6250943073172872,0.3856545657197013,0.8048146626098887,0.4323318836683378,0.3736401112635355,0.3353660575032649,0.8224117031172855,0.2661697738720276,0.4667235177004937,0.5478147845341741,0.1340535589101636,0.19654620400930775,0.2914272149010061,0.1485347845154866,0.5079128633463883,0.1457919224170917,0.8334881041329929,0.1812326552851742,0.4741750370335273,0.1084046128777466,0.3417693182915611,0.4454016274654414,1.0,0.4231231813762369,0.23683092865605904,0.5475857489693627,0.41331854827098746,0.8252392544261868,0.3062698260032594,0.1068795580432823,0.2114391231611203,0.5816770772569506,0.353750715278703,0.246678417449298,0.2686695885038618,0.2677189551814626,0.4509804056260396,1.0,0.5305497705221819,0.146521250555173,0.5529362142098854,0.24792885106932253,0.4719330995702107,0.1547842756926459,0.6414342494565246,0.8440772324599978,0.6173609431092237,0.7448199860201871,0.176810762016646,0.1335822249227313,0.6445163779539738,0.2538692552825697,0.6430199209266497,0.1477608333145996
TARGET-20-PANUTX-09A,0.1991676466490436,0.1679857189726514,0.3783504592470198,0.1208279023187989,0.1995112036136188,0.3863900068799958,0.3421183897979012,0.4316770466399364,0.14111780370133944,0.1892277918661961,0.119678532019902,0.7118061804409213,0.0870151579707767,0.0787119608045644,0.069532236192302,0.0828962473126324,0.0886391212848566,0.1521773301840447,0.1429603258101311,0.2797633923131131,0.11452210494171797,0.1154353071227837,0.2608954369878432,0.5228052401545327,0.1132840556007835,0.1490618889910189,0.2443711948812781,0.4327397464549054,0.8794193290704719,0.3923031279129867,0.3785985468918443,0.22388085054294352,0.2363806133509793,0.1547107270512044,0.14526859112425775,0.6815264383979992,0.19341017815937808,0.1595525139298295,0.6618289242302273,0.1549166375223633,0.2558199232706272,0.028963302500132,0.17458448037284782,0.09932810754950257,0.29003168898181453,0.8934344383453687,0.14735719882080917,0.2232858972151833,0.665227698057842,0.2288639779681196,0.6141755174416959,0.1423719434071806,0.3965564476062814,0.10599658921616902,0.2917029269396478,0.1771569082512296,0.20167003196108427,0.0901229965134903,0.2944759680960854,0.1507769737886433,0.4921802991430929,0.4630817181428658,0.4644563171564821,0.17654797329688546,0.0984389441339981,0.3287755486430674,0.2650313847287597,0.1766313395907899,0.1727273365678243,0.4339843261900803,0.2347856591121506,0.0712232657076294,0.23280024252198936,0.3359819325168166,0.1368182362842535,0.2792392260206129,0.0541884763302683,0.4194114619719463,0.4715347017089599,0.1358917142697426,0.21668126750701927,0.2772130842413638,0.1955380481303449,0.2850101537632438,0.7287746825607367,0.0807165220239887,0.4026275748336764,0.3488694746619302,0.0669023716516518,0.17553152189904211,0.439490116188955,0.1751460847685653,0.2984572809287342,0.2318847619893508,0.5083391584317797,0.0579191627849992,0.3353761601566478,0.24748065430853233,0.2672521110958825,0.080185973421248
TARGET-20-PAKERZ-04A,0.5499344369240924,0.4708535103299712,0.5534588336451667,0.1539277888640047,0.30703530201891166,0.1802558230812436,0.523295662054641,0.3574763636968407,0.2862241845751615,0.3442577175391007,0.1304843292200379,0.7980744044987915,0.3328738054812956,0.1455920921690238,0.2352402486796301,0.0585291161023347,0.17442592996777614,0.3563790576437639,0.1165085607486742,0.0751289902568968,0.11733432464605884,0.0796298406962635,0.2221699455956431,0.7071591752600321,0.1398356912793412,0.2791517429726924,0.1169121828683424,0.5454171084283481,0.5630991577780179,0.4011818331789564,0.6573099942412592,0.1266989797197533,0.5967368594335772,0.2763945935090092,0.3484156732023289,0.8303035553896639,0.3209660402582036,0.14016690718847294,0.2841139098933118,0.5612905594443347,0.3461634051315849,0.5656957038396326,0.1471307250996439,0.4241426509039152,0.2214010772802248,0.845759485379378,0.3776315544981961,0.0904440920754953,0.2816560573984972,0.426521433715435,0.3794789950884303,0.1452587583253849,0.3775973304382072,0.0926718989105949,0.7308101411833969,0.403266064900066,0.1772437383756316,0.2115584841150015,0.2899509256479054,0.14195515376309942,0.610840675835113,0.3959511660658538,0.0764452544512193,0.1846695678090835,0.0368518337038043,0.2937255193350348,0.6386382787343671,0.5435568379282386,0.18273080593681415,0.8208205346532087,0.1657710396649543,0.484894592792781,0.1944324240830508,0.7443325083556724,0.1193972225597041,0.2009102689275587,0.2883168393357983,0.8095106177928151,0.8356050629575835,0.176797085091707,0.1169348977957296,0.1876837773994994,0.4918584862428718,0.5270520014465517,0.6157639987236495,0.2601325097596222,0.4807723651068336,0.1346332834133016,0.2263429368367416,0.1085111718157968,0.691640083110689,0.3558063123598977,0.2473171210051644,0.2954078321255721,0.3109902302140609,0.1249506840455243,0.7991654313785463,0.123521820285167,0.15390579998904,0.7168058115542473
TARGET-20-PARCEV-09A,0.3277198318951543,0.2269568959133817,0.4363998474946454,0.13479446576939488,0.1454299925892534,0.133029328138675,0.2375317665176795,0.2085890153323839,0.0613298125917129,0.2593589958520456,0.1567773728329245,0.6146000041249331,0.5270096740762598,0.2966870346377425,0.16853777899606506,0.0327926516601015,0.1870389833772294,0.21057646999477458,0.0679739224351373,0.3144688612221142,0.1346843800371046,0.0841444267556846,0.1339950784143369,0.6076177656399824,0.3121401205033084,0.0725961496319047,0.23298396558835563,0.4817819527379654,0.6934302711672592,0.2600995216105991,0.372893068766172,0.1338821342078736,0.17269716518027278,0.18097458186398643,0.0340239122910659,0.1206513882268423,0.1935809527136176,0.1527687599668435,0.7386663812723313,0.2069451640313854,0.2582968523888747,0.1485554834041601,0.22258339522929443,0.16358318615937467,0.2317318691711208,0.8512697811734151,0.3268599298942283,0.0952827920910672,0.7383353681567204,0.275312518108046,0.1004590969026694,0.1851610249418465,0.6307984117957884,0.17568596779053613,0.488264363436642,0.4479444141343625,0.0993059960332188,0.065693487271326,0.2650391814108267,0.1762106153437129,0.617942234270002,0.1117913881564613,0.6206382189733572,0.2457539604619504,0.15403859770165199,0.0495806329429703,0.0449075506655119,0.1793088383516186,0.2138995414091652,0.0690190785803401,0.14312451601378265,0.2718029186939079,0.20280703075116036,0.6251597454867566,0.0827973626398899,0.2111255570693536,0.021436239708035,0.1338217519602408,0.3056590097373433,0.0990557454480746,0.3769089524959158,0.2719955023820924,0.18467739911531023,0.5327647077184355,0.6847388131125176,0.0588368121046095,0.2173739511089917,0.0989186813677033,0.1862246179865855,0.1146631748750473,0.4286468668828058,0.5609834772239113,0.6446150634578774,0.0917305242603371,0.5612288543681133,0.0229120495948405,0.3591642393272974,0.3403269633192389,0.3136286781241326,0.1781776458936825
TARGET-20-PASBHI-09A,0.0926738842666425,0.2809728366564571,0.1388526304854807,0.2031173159226844,0.38187072291189417,0.3328273917201768,0.2829759630237447,0.1630301738582737,0.11143192536086761,0.3215837614133499,0.3639512268325953,0.7949407015276595,0.5875316359349889,0.2318863184689355,0.063115080740842,0.0752457223981651,0.21222898792065592,0.2432984412839259,0.15369946753546065,0.3395240895868183,0.12810493040122692,1.0,0.1769078587648737,0.7743063660075857,0.0647501611042984,0.20017402412853325,0.4346939747653855,0.3770828348543495,0.3436514914067775,0.5513902746383281,0.2141795976791475,0.2728308727411187,0.1816757881548718,0.2305746307334255,0.1855169927711088,0.5622286181567036,0.19435902815680994,0.14981000091335883,0.8261180915427229,0.22871294220899796,0.2990465219387423,0.2576964554813599,0.2081465049153952,0.1818401293556986,0.2327022989785433,0.2367408862020198,0.5219718745695527,0.28556919780068807,0.8263038075897664,0.090572469457927,0.465213357739469,0.2112106567392577,0.6645893105910285,0.18362983278006023,0.331605338651987,0.4697433421992266,0.15345105367683326,0.13945132513675132,0.3636238147503804,0.1368617118570912,0.0262162700472942,0.0961976789270502,0.3383928014191957,0.1669899177330341,0.20387029775076987,0.5819649454181741,0.1030444602645525,0.1293128520530376,0.31218716416779924,0.4778866857731363,0.2271061105884024,0.1357467679886681,0.28853346553973636,0.6359641999374683,0.2377125494299408,0.20437934731769572,0.059889271006806084,0.3106608429694809,0.4198874863752519,0.2095617125705906,0.17190236843267706,0.2877385614636871,0.21228610846103815,0.44210017414738,0.3618382938033828,0.13202321382603752,0.0638033423218768,0.2772808356628876,0.1756315198890834,0.22171101694249928,0.7437328913204482,0.4246552901007409,0.2342515187058029,0.2104840326874044,0.3130883315616061,0.05257378211607,0.653262086715531,0.1588011099132753,0.3307075196200123,0.2578765788651347
TARGET-20-PASDGX-09A,0.1573356647729574,0.118070524975295,0.3703188258204404,0.1233513517983442,0.282548782651655,0.1661859076722298,0.2075650861339,0.1320200323908794,0.13377995306976298,0.2970190582025478,0.1110583315788416,0.633544619640175,0.6461811355557923,0.1480684182223177,0.3688164219214279,0.1073238095600966,0.20261781288896827,0.1553555017593347,0.14179588018331643,0.2784608368317663,0.0442128130218038,0.2171502673541181,0.0484531760503305,0.6819042091920009,0.1102056701849019,0.1188187704766974,0.2317287747236811,0.5301524229309438,0.608334361252788,0.3807246836178066,0.2378381674782385,0.2516962536544774,0.0763438770025075,0.1783074554153352,0.14789699032476475,0.5070060237185707,0.19450476099034403,0.2715086006466911,0.8605187856031096,0.2393360361540086,0.3942881930422394,0.2074810478174064,0.2985971579158666,0.0284677433459075,0.3184482310745803,0.7778833643481092,0.5638467536628926,0.1979033476291628,0.8594467195216278,0.3823791394706963,0.304961190179661,0.1056270406909331,0.7208638659422514,0.0500650980185354,0.3105551386971852,0.5041482005142693,0.0957542171819372,0.19782821424653907,0.35093260727004,0.16775133052345206,0.7483310508832985,0.3199361701473537,0.6554299920154016,0.0701725742849226,0.1004948078672484,0.0834476639270023,0.0433013869383663,0.2430054741244936,0.0512459442954698,0.5069990251578778,0.1687332776456903,0.4702858036585191,0.19586536169667482,0.5256018492991945,0.101621830084038,0.12141648130243125,0.096205468164884,0.145631229732201,0.4029070564210429,0.324189701720195,0.1799708405399505,0.1912311704857207,0.21610823395207684,0.6886104052065666,0.6890561752986534,0.2640585816798618,0.5426136448521919,0.0953807552150776,0.1705465759441496,0.23675947579611104,0.5185840298904516,0.4135968264367808,0.6501589035839914,0.20714075637714657,0.4603503817589406,0.0220925770912542,0.7687200615749414,0.3479588130902693,0.3354520823929347,0.1515595484521759
TARGET-20-PAEERJ-04A,0.2297759125670194,0.22499817811470063,0.4312365594552761,0.1577935740103912,0.0731625520518761,0.1198693855185253,0.4552650811639864,0.3024072367092318,0.0308536466665857,0.4084162211756907,0.1629024298080531,0.8185591574997169,0.3638537585886285,0.0558829339909252,0.0613156263788619,0.0464532814218358,0.1728746244772756,0.3050323971191606,0.12232769353857988,0.1514127393858547,0.0230675023365208,0.0819553163487019,0.0921631862560617,0.5587889868872395,0.1023361904890577,0.0707074804378355,0.0329533221225173,0.5138950488252885,0.6759957432031126,0.3092904148684657,0.1921870278732109,0.17846381915365875,0.20739224658793812,0.1098395880259808,0.0171166635553244,0.4066742351421678,0.0365214869480953,0.2735068141821912,0.5147138750417473,0.2023112992877205,0.141660179090333,0.1124053980657039,0.14411943565469743,0.10689079050610929,0.2088077655601261,0.7747739071756182,0.2122661825271088,0.0254929232105669,0.5164163414288903,0.17382781766644,0.1876564368120346,0.119757661716825,0.5070241934546462,0.0261208615011937,0.4770249317069653,0.3951151547453448,0.0967224406181548,0.1508484845779247,0.1970787792189255,0.11939863974455468,0.6879032418593423,0.2336252268808243,0.4041388396282053,0.151968728979814,0.08851444260044285,0.2153055862359795,0.2714991791736398,0.3212677617297492,0.0517641201600764,0.3797455740810353,0.0904617544582762,0.1479699712726057,0.1734196953382589,0.3993252111932944,0.0919388009403909,0.0771158318375107,0.1900594323248926,0.4633584002634409,0.5852909390710443,0.0498327133444252,0.0231829469940208,0.193164813790932,0.0389141729705675,0.3837301071919087,0.701102650415919,0.1532195144655119,0.439806305295031,0.0963452023724065,0.1600045493796689,0.0576844593805538,0.3445574657675665,0.3002374984990967,0.4129975288291836,0.2388794682459452,0.5057259296963929,0.1583108084962419,0.3689613999297055,0.2284697283668238,0.2002281046897531,0.1014103562899158
TARGET-20-PANJGR-09A,0.3577010268706599,0.1330916768289063,0.4237407455314499,0.1373130098324889,0.1580686786798397,0.2461945670109259,0.2589374700283287,0.0820422713890585,0.3026111361427686,0.30708734783154823,0.1230388467138098,0.5034861531066908,0.5823347619246726,0.3161605841911263,0.192806019664341,0.1342677837987019,0.23035875385475435,0.1224359655391347,0.1382482735155696,0.5234066831614179,0.277168185228677,0.2417286585157946,0.0546174792529635,0.7970384959705328,0.1023166292440065,0.2632232446517838,0.2606839785971923,0.645405351011108,0.4070316665856124,0.4723092095547465,0.4571782391979243,0.19101710288749696,0.1610308767513887,0.1225741700698753,0.0369807820492522,0.2698708704871526,0.23753707389101,0.0920102865637939,0.875222749354521,0.1760526282679227,0.3887536165406081,0.1163362536639417,0.2832416522139129,0.0320894626176561,0.1654077137110721,0.159643983675509,0.6111159110874063,0.22210957302294249,0.8767472143930628,0.4648755774839641,0.5199582309759165,0.2356510704741269,0.9136722319060894,0.1056014829886642,0.3783207973491992,0.6984443998678671,0.1079362468393349,0.1887231176632771,0.2798588366193238,0.064828881473003,0.3503126470602554,0.2310146989336689,0.758908991758799,0.20363275910531853,0.15828358070170725,0.2641837378982443,0.1935075922367326,0.5295982025281233,0.0577655486701012,0.2987945886596904,0.1009497092538738,0.3971501622617104,0.1145978906022207,0.8463828370987414,0.5584393431799092,0.20660022456789373,0.0232991697667445,0.3797167975532817,0.2652730878109414,0.5987662869259909,0.230268263145735,0.31661130984565317,0.0840745945960834,0.624572333488709,0.4921724928890001,0.2903102717193091,0.2591333276356746,0.1075152723462379,0.4732680805274805,0.24973479922920722,0.5799494253213551,0.5983706861715344,0.2061327044958092,0.1865654673639118,0.5934043642816923,0.213525163578443,0.6535274555731312,0.2886438523639857,0.2992663541901932,0.3291296077727515
TARGET-20-PASYJI-04A,0.5257654896530561,0.3682457901629803,0.8853968701927575,0.2663843111238914,0.32239283782354067,0.4614469434182861,0.4374856198636074,0.3164785292094512,0.2631951911257894,0.3347986074258505,0.5767098088777556,0.5541672955914371,0.4113099126440525,0.4996859882713872,0.4674698430974793,0.2855921609958342,0.3600906772797683,0.7578377460627068,0.3788280023532702,0.1300167075920168,0.1756180086644464,0.22851978835653527,0.26023581185383277,0.2670218813291271,0.18772133220068707,0.24093945860112317,0.30714602387812867,0.7042921960177235,0.4473153623568279,0.2304434550872036,0.8011027530865249,0.29433776455055705,0.9967273598603452,0.9821478432574252,0.4749976027399233,0.615749749228842,0.2570727999367215,0.2521266426592189,0.192474473938349,0.41215958254445345,0.38013548108921175,0.14120592346011224,0.3978918029471604,0.3218523820416608,0.5014443241233931,0.5462746977987,0.4644605126257057,0.6379246450766304,0.1989959703812942,0.2898539827597362,0.603043829599075,0.3136972265970636,0.4860019354168545,0.18058628920556716,0.8212260242136101,0.49734253178986293,0.3038967437484498,0.23207477777780436,0.626889734516615,0.26153703647246057,0.5429177339330542,0.6337487852840311,0.5119567369774232,0.41275066038571784,0.2845629102750038,0.4455728391674582,0.3911011702416797,0.8296075374903584,0.19970554489788953,0.7671732030420123,0.25981873958996027,0.2920759789175549,0.33615440211859016,0.5642319046462014,0.552100218878865,0.4412569054618541,0.8744653336927685,0.2522578420251986,0.4304610477207957,0.4129496628710737,0.42447210854921996,0.38888961374747666,0.2366878213322627,0.48996963805751514,0.7677649657322969,0.5124115149097788,0.6571863933294793,0.2799790332736363,0.4893657892839388,0.24290811451464758,0.486694412083799,0.3308690469202572,0.2328270175893573,1.0,0.5832438483305266,0.4647371402246751,0.4087164670320719,0.3500985672975048,0.41487726670768393,0.14866433882345054
TARGET-20-PAPVCN-09A,0.3270396479468681,0.2521789958706994,0.3826208374640958,0.22239735245723596,0.3639255420840933,0.1781684983770786,0.5422094011785403,0.1009436132995647,0.2328210072392894,0.31349255170749596,0.1078307195425968,0.6809945240909018,0.6726321208637311,0.3358360164801307,0.0256311513992557,0.0820606762009775,0.18827951933742862,0.3523639509053858,0.2159997429042151,0.4316076040710008,0.2883609521357043,0.0784089449516167,0.046825245763611,0.725360865090394,0.13816780911563,0.23114053498152495,0.0610386041682104,0.5242563151572293,0.3942593849125813,0.5527638448227364,0.0932126521474907,0.1247564134174927,0.273869403001689,0.1983588527886814,0.0317047624985881,0.2202498949584294,0.3170127841800104,0.3533974309958445,0.8306530836189379,0.1533551209130503,0.1705757551872972,0.16449337527234825,0.1331260115238217,0.2093096270292263,0.5223981730377912,0.087874997564788,0.5428520283494853,0.1610258781720258,0.833015074393836,0.345696661561516,0.2038793178110502,0.0802576769121379,0.7555545680266058,0.1974874755015777,0.2614156348996136,0.4962464572350254,0.174670651126263,0.22419716933382755,0.2132119161776531,0.0555797951328679,0.7443104809736136,0.2259829256957529,0.7661156479009708,0.2762711253161047,0.0974467069622722,0.0590845501713063,0.0418465465130307,0.4286767634968876,0.0934806081768943,0.2246931894044755,0.2324190849843123,0.4186608037911306,0.0982482982524178,0.7304269389219538,0.2316194316657746,0.28258665588095255,0.204208804637548,0.236002292847703,0.2029600808453587,0.5798017420290212,0.18557166397774233,0.3488355296238501,0.0720797372614732,0.5448574603976699,0.5348690939283666,0.1472338570500087,0.2440614517558285,0.092176151660844,0.377462593968,0.23792640820125704,0.5832587556639977,0.6628967076197971,0.2961776161802033,0.3482285718865143,0.5704564332103147,0.0869790113349884,0.533757247444606,0.1731836182260762,0.1517760269099894,0.17900150352682556
TARGET-20-PARUWX-09A,0.2703756160916467,0.1153781147943297,0.3268007619570676,0.0849606559277836,0.2966411736306487,0.2712421776941647,0.3845456994941478,0.1019598641969034,0.15882012342962287,0.2888623058994265,0.2291279105426714,0.6869307588242266,0.5759958244054979,0.0540619625581049,0.0259174485250117,0.1052093317630512,0.20336695479471986,0.1070041401170942,0.0640481683616225,0.2602693239269499,0.1660430935479759,0.16816753396636572,0.161219488089611,0.6361701665535564,0.10340527192830583,0.0684034442541787,0.19213637165991845,0.4712037132708162,0.4024526896557535,0.2685598077411125,0.2617267191824883,0.23997891604640337,0.0746029765386625,0.1616339719371242,0.17888845795997393,0.230130926037537,0.2781459014158462,0.17256326058608787,0.8157691889450742,0.1548990252190798,0.149662567422892,0.0533634293225191,0.043048659073913,0.0746241780995104,0.1847271370244878,0.826250962002952,0.4625331609536967,0.0477473371823109,0.8151270260839238,0.4788696657364493,0.1895370855184275,0.1997437302496105,0.5335406169742899,0.09500088906228109,0.1860440752847249,0.6198608492224745,0.17100640542220816,0.15457521510980451,0.3627842539449256,0.1060194735326156,0.5749129989742119,0.1059664220804357,0.3998760618662995,0.15359234618213932,0.0366921360100289,0.2464961854754207,0.18993982284949334,0.1177300675924528,0.16378563289109638,0.2045976633526002,0.19387757013902754,0.4496514196267125,0.1874104219221374,0.2398300927875644,0.17413526506349092,0.10577891302007392,0.116520258999544,0.027292248193175,0.2006272254807644,0.3201931538107244,0.0434208340040158,0.1868704483627234,0.1698572815722678,0.6313005555052037,0.5166598159313354,0.2905807212855136,0.4978840479349363,0.1596304552086318,0.3716895300467185,0.2121162308879814,0.4909849825477022,0.5428951645324515,0.3816187156222564,0.0864327355440204,0.5884459645899519,0.08681058442256881,0.6705474311151651,0.0652097651398352,0.2323826511638344,0.1255956328078835
TARGET-20-PARIYB-09A,0.334498657463552,0.38253075605693077,0.4468344466813763,0.2245641760416332,0.34230794108492146,0.4133372599509508,0.572759682100892,0.2818982986537806,0.2881397749183401,0.36284828985306505,0.2772465066628355,0.7872117145102153,0.6642640749886959,0.5502922533911473,0.19955599658743906,0.2162130348220178,0.3035594172285785,0.2828285198134957,0.1960020030200251,0.2917355621083133,0.2154255865765032,0.29601241757850055,0.2167068208386647,0.6450396718633558,0.1325766827140965,0.23215748456300525,0.6282468418122487,0.5625015218682858,0.5619154034857586,0.566055771441289,0.2489785724321672,0.2716418351745384,0.30753124745604,0.31240988732806213,0.21579398288982535,0.6185056451931855,0.5476422037632721,0.2125448436810466,0.6845082079730651,0.30019927757641757,0.294671026346723,0.2024886794272674,0.2146479871909333,0.4990441381726936,0.37462475792136285,0.437589628795367,0.293186155940941,0.2380764009934178,0.6894177266800883,0.3197477138282383,0.6716578747687159,0.183440986985465,0.6776156396332518,0.20359991228882576,0.517314014771676,0.6994674399056998,0.22856672243667964,0.24246261748318326,0.1592840562062495,0.23396944028892439,0.7377484057083026,0.5242630664433924,0.7414533368437053,0.341913733682986,0.1829532744972626,0.6424312857668584,0.20850860131400292,0.2621167060905708,0.20563408791473467,0.6028631324775019,0.2663917135477886,0.2193828581185322,0.2867833934841267,0.6571585123640324,0.4228993406008822,0.3719832184547706,0.2680640378247227,0.2193167161266119,0.511212025014141,0.2987537479462789,0.24032484521617226,0.41128764431812165,0.22257543371557525,0.6395385887252653,0.6564211075558429,0.23427327302475934,0.3111854203301669,0.3000660411715363,0.4087082944644495,0.2346556386144519,0.715186313634325,0.4763012871594118,0.40068179192372,0.4309684229670438,0.3943958242383435,0.3538296424216736,0.7211451502740582,0.2343084547407067,0.2849549459287311,0.3191436274165292
TARGET-20-PARLMY-09A,0.220916766420987,0.3682539999132303,0.3435723686324189,0.2259038701822858,0.5136463565880196,0.318444401885833,0.3950282192147212,0.2649348750968593,0.17489349702011342,0.651908112061221,0.16751000021867637,0.6507936030410794,0.5252720103782638,0.31047110549252305,0.26601033664795076,0.1603590535471044,0.2520484513637711,0.4564160721007581,0.20842964251600796,0.2247596952557178,0.20608932419882592,0.9455885807451172,0.22280445451039305,0.8116403179449947,0.10730565186025634,0.2509402794068794,0.3095844295888095,0.6516046295557749,0.4049716069061893,0.712540636288444,0.3795295695412662,0.29469173192657194,0.2064041046203616,0.24133705701156238,0.1608048045516414,0.1300013054404329,0.23116258747447455,0.18756593345798553,0.7747721121624025,0.3003258472353123,0.184615807333776,0.513004108556032,0.2938023663035178,0.3317779092922556,0.4365382232131051,0.2107429109149109,0.5398773340048695,0.2394967057145921,0.7728472850278303,0.6225962347680765,0.7162701091408425,0.2665558021075315,0.8861089133551706,0.20113275550513973,0.2810454345175495,0.79330128234829,0.4693428887988572,0.1643943313847094,0.3606917555874075,0.21510896704169177,0.4428193414780336,0.1981408782074755,0.7758267329444792,0.2634706891265735,0.1840447283265312,0.1409718289693183,0.432651666775438,0.0967566619451638,0.39510412158004304,0.0385805346699495,0.4389630874894503,0.3292602093687093,0.41545546610466805,0.8153032513719443,0.5462143670820531,0.40373251647768316,0.1625241518554326,0.1368956662201468,0.2205217382459477,0.4681601471996905,0.19156197483740464,0.4100427191003255,0.23726463822262836,0.5073451641225382,0.2100688616992063,0.278076253841265,0.3801012732732956,0.7499764422730192,0.3617798327193892,0.3124528753505905,0.62648928445531,1.0,0.2802287851238169,0.433539473618276,0.3918387635947349,0.1737133694336913,0.5531044666433887,0.18451252730583206,0.39106873731365216,0.6230775604853891
TARGET-20-PASEYM-09A,0.2843938232341338,0.3245414486941341,0.451543518720654,0.1356330791459731,0.27751080686087043,0.3716889337669094,0.6299388746002859,0.1968909815974414,0.13244539713100864,0.2769165719106505,0.3021582964278914,0.5843390023011882,0.7335376996819658,0.1151873418772332,0.0552211178169402,0.2554867270636429,0.24717753260698672,0.170823787163142,0.1506016303130765,0.2680902976435794,0.0920540797749532,0.0902024684878476,0.4643638365597941,0.5244059358794575,0.3242778224092887,0.1457440785731353,0.3919535900729888,0.3589765159793789,0.8097890500504165,0.4089013711276394,0.367921266566409,0.2874680331041944,0.18900406688487797,0.2339774230329598,0.18446176873871006,0.6789735041508,0.0778227644063018,0.2208129459592618,0.6539538513464178,0.0656950721153422,0.5235281892285538,0.042384991974218,0.0489765638213704,0.0592717752585592,0.3730314114458158,0.7967640828801021,0.3408143304069386,0.2473376938074504,0.6522227630219173,0.2751518350112616,0.3901171634557873,0.332640617977963,0.6820731991750745,0.1860645168824723,0.29590678722391,0.5885264724067388,0.1064556064283317,0.1318862889996525,0.3726003150573749,0.1197440710900963,0.5722520144737369,0.4917703374810185,0.7163337028986922,0.17943153434744752,0.1105007770932335,0.4656974273242673,0.11916361106107332,0.2793623157143515,0.1508112647283344,0.5851614016158692,0.186462096626707,0.4254722230268282,0.283317256773784,0.6036691719261815,0.0623368423239897,0.163698621722033,0.3494546051564838,0.0310504569530652,0.5560821901379585,0.2810841719838107,0.2013618164013133,0.2126029622630269,0.2194975419513334,0.5381028023852085,0.7438101288230514,0.18476476711130502,0.1663828107289683,0.1985892108976197,0.3165602492770112,0.21528290419473137,0.6971514639157106,0.2971570838621241,0.3995060728839671,0.25020428539426276,0.2277303993357743,0.4899255054897772,0.3438509707337186,0.6162418319963272,0.2960398379299579,0.0888234052802882
TARGET-20-PASJEJ-09A,0.4543298755676665,0.7307923442744236,0.3966447184387089,0.17828854059509605,0.8679384241082142,0.5021493130047686,0.9020254359079708,0.19350186835036767,0.2957955759791534,0.3579348133245434,0.3128998734127209,0.3521875780005138,0.7982216504521333,0.3424225506227049,0.3154786207134365,0.13261685650811336,0.2785207848236722,0.3592746367144165,0.21361575547800765,0.5467637295969854,0.3102058702190624,0.8776812812226016,0.28864938850373867,0.7171459899630306,0.1553899196444797,0.21364342047474352,0.5091347954881984,0.5042973161446127,0.6961386436372955,0.5129880696797418,0.4886570674520783,0.34075267234699674,0.4902208954732605,0.32703683336892847,0.3137314357597011,0.3397348042478368,0.669402567811817,0.2598951951347529,0.7749079760731705,0.3050611966033492,0.3601868890687363,0.2202146733123416,0.163227563150442,0.2294769360203984,0.43810004364209976,0.3388793522223478,0.9468617130733644,0.8248208100515309,0.7718677800478129,0.6442759121975843,0.5434730250861193,0.6090135578219393,1.0,0.1855029771424398,0.2638191301604528,0.7413452633401147,0.21577376511332605,0.2454859687324618,0.51506139348293,0.27633821062991276,0.6333023194253846,0.2502039988399774,0.9542898517271184,0.4343300758269675,0.5136200283954234,0.3117192372408138,0.11820847447131123,0.5371753928002237,0.46530090356160636,0.3709907314158098,0.2335413828109486,0.5521781956197285,0.3363154440603784,0.8204849675120629,0.323876134648097,0.2828720412235733,0.27013195922804134,0.1034839937248729,0.2474183075601491,0.7699244471591316,0.2750228076503884,0.34950863116592296,0.2763574600610415,0.9645958673973802,0.7230685679682864,0.6748250651261077,0.4224316177295363,0.3534081576738475,0.4978802372901338,0.21265872734577915,0.6249887733276813,0.2963812421652871,0.3852187517772485,0.3277269281501603,0.355053462421888,0.4226318230744109,0.6992442365897245,0.26752904580791553,0.361975817523746,0.2962079574974023
TARGET-20-PABLDZ-04A,0.0451958277713527,0.2413502403400221,0.4867787418232436,0.0502471189785346,0.23560756095119734,0.2111678755983453,0.3268157110628613,0.1421672998737068,0.10450016406624361,0.2718693786901813,0.2741090858043686,0.6401498057567775,0.6852729361391972,0.1599950912970458,0.0289154613938422,0.1576164135159228,0.2061937995330332,0.3550625069020372,0.138619676680935,0.1375981552279806,0.0482023235875492,0.0884560660332336,0.0990440729168566,0.6462094621332755,0.11866935126241965,0.2024383649912272,0.22613003803158438,0.460404121313781,0.6864494506580718,0.4902789650243369,0.1044525573244872,0.21753196845726888,0.0832327104223866,0.1185521365099731,0.142671379021796,0.7105774611747494,0.16486700675344504,0.0475577460170477,0.7322336924547135,0.064423155313933,0.2098601982528738,0.0416124660012656,0.1264979166574885,0.09690215214049792,0.4192542040166653,0.2473188339387552,0.3844700020577043,0.16342735053901988,0.7358498955761319,0.2109943974878576,0.4941759797462711,0.1599390636048856,0.6563913765550596,0.19374385799476712,0.4000328300667877,0.5095939305320991,0.19266372456572914,0.17525165884834523,0.1194868620654015,0.13573996567141863,0.6203776433039141,0.1169064699871253,0.3592033740556519,0.1400922502352207,0.11211137600807097,0.5156713282134542,0.0472086556438623,0.3892115536217165,0.15569355666080723,0.7240455417272141,0.2633522748584222,0.1556913167458222,0.2521022952305791,0.5410549813767244,0.1492424510313492,0.25102838124884896,0.0898878957253311,0.1392194246601116,0.7132993433705983,0.19526998254639613,0.184751446020971,0.69896538591658,0.16582734667207452,0.4414752349834692,0.5899185683860843,0.061851665492019,0.5148279462762575,0.1949696437767896,0.1812543870615299,0.21924854551623338,0.6288804794672758,0.2668036373020009,0.3212801225781438,0.30448872453249887,0.4126373151312467,0.0240860844866474,0.454573070249376,0.1929867476748254,0.1195455196556164,0.0191304043806769
TARGET-20-PASWTY-09A,0.2251481436630892,0.2737423049297575,0.1831069470521812,0.1467581163560627,0.2012123033855761,0.1175428949954916,0.3409911206197982,0.0292455999658168,0.0444643432512612,0.25839278758441736,0.1507003459794803,0.6001418398524241,0.1780089055414326,0.1142158402496112,0.22535407343299366,0.0237747949637599,0.18777399217385884,0.0833755059476756,0.0492813477094979,0.2705006560227718,0.0816244394182039,0.1165392483838105,0.17086997129005807,0.4971966803022782,0.13558873838473318,0.0526324796953497,0.6431659510020201,0.3819328154504304,0.2873460789361565,0.4129853630166585,0.0733968217220482,0.18025902706399777,0.31986620751832107,0.27329524277198164,0.16905809062313026,0.409588586463311,0.1269341630532367,0.05555949724961666,0.6769061036191144,0.17325051411604744,0.18079455444089987,0.157780744670771,0.21396595044351346,0.09430885332188711,0.2309936709606027,0.8014725352933463,0.3847261079684663,0.0367388043417342,0.674978357691153,0.2215646972677585,0.2987169378222238,0.1028800283715313,0.55233553376958,0.0376437496792095,0.2666099713982379,0.4927024211005557,0.13070156144708572,0.12257904585246368,0.024579948921023,0.1402450502619023,0.3120823404564037,0.1069176876093152,0.3647572157905816,0.16133592497387142,0.1562268656421414,0.1535567460384939,0.2349058187182725,0.2419257158121485,0.13952427052168315,0.3552250730812141,0.1286352776333992,0.0931055345747129,0.17945498415261107,0.7755227194771808,0.15190601606528242,0.2431000234265634,0.3462839331517625,0.4182425418782403,0.3321231075435539,0.3041395497145017,0.2289603160818566,0.1437859626273293,0.1753620026794397,0.361742530532263,0.3378388991468042,0.0426569085845017,0.145449608126469,0.1370014535981255,0.2894012788852336,0.17523840884883388,0.2439082709867788,0.3426231622114963,0.148564624537859,0.1826050525750424,0.2841270768207815,0.2155041097076583,0.277383471873152,0.2776485188617012,0.1207378780203889,0.064714807324712
TARGET-20-PATFDF-09A,0.4591797054787011,0.25564514265624494,0.3131091338833285,0.0509270648421749,0.1549507660232313,0.2428908354471062,0.4261179435550246,0.1138440327824949,0.2186375601033182,0.23935532938925447,0.1209719650124671,0.6593924989567318,0.5334658038675872,0.2633334316449624,0.0549046667816979,0.279342457563771,0.16456077077635034,0.1201636257228329,0.09703297439749776,0.1810218177596992,0.2731386640504842,0.0896530567749095,0.14932167514291816,0.5049600599926751,0.26901991764661,0.0773487558895193,0.20092825830480457,0.4875344370021504,0.5748825807744277,0.407494954885012,0.1495616950069823,0.1426469112937852,0.2234507175568506,0.2520422529096434,0.0362513342588004,0.6957136148565296,0.22371702682923736,0.0903026295306044,0.3767609571367345,0.3650540734702202,0.3464988384368455,0.1257628136844226,0.0486782538274865,0.3155760805177359,0.1149302552525142,0.6531063291023669,0.7233451916538125,0.1430127489522759,0.3758487943120847,0.43263525779203,0.1457504632937004,0.069492663644607,0.424006081430888,0.1850997221862483,0.2715534938334781,0.6222786048438542,0.15758851195946832,0.22807042506506153,0.4592699639660326,0.11756078608403746,0.4704497245586166,0.2275496453675879,0.4005979811588505,0.0775398070726799,0.0414904702862443,0.0524750682097204,0.2181421663254747,0.351768168038763,0.0566261203101081,0.7256575453434833,0.1853935539053051,0.5298704385641324,0.1123374414321926,1.0,0.0876309355935561,0.2822571208899561,0.2171750426311782,0.4781242441452881,0.6275196119725335,0.3531285289123613,0.20883361636086928,0.26521861289708587,0.0824162189787273,0.5891001967855934,0.565188921920695,0.25380475866017216,0.4136526762293834,0.1974511723380812,0.3632807522637579,0.1221697564939381,0.5821082775865201,0.6346243668768776,0.4884382790101067,0.1831029215509132,0.4540961503508413,0.25625687785914686,0.5062310528143625,0.4464197936443991,0.3292012489450688,0.1337267864425212
TARGET-20-PARDDY-04A,0.1896330829570016,0.2497172285963528,0.667872416749262,0.0974761463984833,0.3105606446330847,0.1634576684494094,0.4700762678146013,0.5374461583721097,0.17349043295639788,0.290328345572638,0.2673125013149683,0.9825913573485684,0.6050296977417267,0.21610111058280448,0.5512398702722081,0.2583236716805356,0.18582691182013136,0.497847196806348,0.20114769969493843,0.1741031616777976,0.14410434927797794,0.1715990213523054,0.1447282169565516,0.7176949348674044,0.057547309464305,0.0791320793968528,0.0714008415455577,0.5481321387738916,0.7104643514625643,0.2825705438823148,0.3474502842582891,0.25611308301798474,0.0863039679809449,0.4870809014451414,0.0370871312384993,0.7941884420254097,0.1480481680260397,0.2498293895757128,0.4447349412857797,0.2646876681265974,0.3646698077747586,0.5178942124489789,0.3948572926798467,0.2441602965600251,0.6948120944007975,0.5396147099736883,0.4199379170148019,0.1033413722808396,0.44164780005932,0.3864824096372661,0.2777754275341499,0.0992905260818304,0.5119718446936938,0.1571693068626725,0.3822242909285104,0.6178393945317491,0.21237210656620312,0.1339712986305193,0.3847593997456895,0.1266722781468531,0.9385183653218618,0.4304084553594087,0.2097627165739508,0.2645177371391203,0.11932857928690548,0.5316448551780624,0.0489506383299937,0.4019434418075126,0.1530701338635474,0.666900139480072,0.1894099031819382,0.3041774374563042,0.1149274507704924,0.5960335128979741,0.2445992588019774,0.161466050814596,0.5249381895228068,0.32871796240156,0.6632336573576636,0.2852942842830138,0.1726934710264244,0.3910498646316243,0.18602794436375347,0.5771179368934484,0.8372782688223555,0.2541224972457716,0.8577579716407282,0.2219052799840105,0.2287326158891449,0.23996953799084086,0.6948208310834638,0.3706150203828323,0.4523359775553123,0.0999891477122335,0.3428783277955772,0.2480798208351467,0.483308999035045,0.0754374924941054,0.3307566631124485,0.5574197715282798
TARGET-20-PAKVYM-09A,0.3177200088254341,0.3242935723127003,0.3479993327158197,0.12305950496953241,0.4225647592837487,0.1327996166535755,0.7115101801677106,0.2010372501240379,0.24804112430898548,0.27871001622101566,0.0985986330216879,0.6671643076832303,0.7059875574417234,0.3788340508301483,0.16628760348912827,0.095283089191676,0.2722256722317754,0.0960291151098388,0.1706903367658034,0.4252632918321251,0.2285188098571526,0.1696389355894871,0.19631554104331841,0.7902839443158838,0.0450139241036506,0.2010072140045521,0.432499811760589,0.4747074837981837,0.1596845469103238,0.4678898855674446,0.1539819059102339,0.2418259658726659,0.2858432459727694,0.4530950690027688,0.2121425230415385,0.1250970823733596,0.3025188765638116,0.2141296562285295,0.9456315854727332,0.2462192151204883,0.1946750782108902,0.061344279054789,0.22830140500079868,0.2340968386713027,0.2313317207786047,0.5723914885745176,0.5417744538711291,0.0808343731778147,0.947198007016648,0.4170279059006765,0.468789155356056,0.0956866276730376,0.7821859851849046,0.1508661910086145,0.3139677607320642,0.443344668955971,0.22199902436599836,0.1781549434176202,0.3952593855238363,0.0951454421913682,0.6801761027774793,0.1684385633600326,0.8577364994768808,0.211458069885649,0.062118350256915,0.1356537493308363,0.20196491244380335,0.3642517230729668,0.1544245537606826,0.26260271751217396,0.19731730098408165,0.4494699900817449,0.20535543987519217,0.8122360736259187,0.2265354839202077,0.1262999195677896,0.2149489996470958,0.23319069114974642,0.1674504896179788,0.1580123281145186,0.2243642050546591,0.5762561032561748,0.17593654526642674,0.6867636827549889,0.4217545327852914,0.4292575125792731,0.2028649042613546,0.20229755032530025,0.2252844369563115,0.17937300363576428,0.564024375921728,0.6136082909518766,0.0666415261285611,0.2773559174308342,0.6503243891585372,0.066573782679657,0.6315538791866337,0.21600022116172612,0.0967511031834856,0.0528763147251759
TARGET-20-PARUUB-09A,0.6127160899752856,0.36477178413296796,0.4721801037831825,0.20235325917334968,0.4508376221104316,0.4185200234711854,0.5814527184078453,0.3538108225207509,0.33273250534904475,0.34092679926142894,0.2971708342468433,0.2941768859415274,0.5304662306610846,0.9797227756401508,0.2412563118100183,0.32407766431115503,0.24273896360567346,0.39857037112375704,0.24678386986146944,0.508784313310893,1.0,0.3862546072112907,0.4407482877595007,0.3889524958392703,0.3223187152453329,0.2523799884409891,0.32371422168949465,0.3476395992887835,0.42279893949854486,0.5660290520391673,0.42909871829179685,0.32245724359754746,0.4377926801349751,0.39974779853081277,0.2984249106906708,0.324920532770951,0.5110082439528114,0.4665869516712444,0.5510666332253122,0.33290514620057976,0.4230316260434836,0.19333988259133192,0.28611204315067146,0.36293575620588253,0.375462564457034,0.3438650394998863,0.6396494420772909,0.4444629823895238,0.5515741140540431,0.4782368467683155,0.6180491912471695,0.6186998428522452,0.5732206971480747,0.26388970053603966,0.4323096728572098,0.4320490508092652,0.25452031796355074,0.3387041950975301,0.9477816348542836,0.2974277365552937,0.1409448053712835,0.5308367092262656,0.8818904807394627,0.21779295536307858,0.9827407817788658,0.6901511815825054,0.34676104182028267,0.5076651852952085,0.3365454196964863,0.1242941732207736,0.230821653571198,0.9999999999999998,0.9247739872769534,0.9480934434032042,0.6771763128411704,0.30522363467629743,0.1880179993907974,0.18377681997354786,0.1341373527364684,0.3706987720211478,0.2493909155898943,0.3643417104624615,0.23379204418020388,0.6514117273888624,0.650817600626763,0.4416378104608347,0.23171924027102153,0.35459095743642904,0.6186547686023911,0.2589221309979291,0.6048849585314466,0.47516097412562974,0.3973976125303888,0.3907543573732413,0.4121364653107401,0.2009623789171331,0.7764391661499765,0.3059914047061279,0.4587865184329223,0.20518024447888988
TARGET-20-PANLRE-09A,0.3900324635134394,0.2768635177706067,0.5259379072769473,0.2784102390230452,0.445823170286951,0.1463803275720281,0.8020221508240921,0.25996739134305047,0.4400316814292331,0.32503151758676246,0.4455810766745507,0.7691903099310182,0.4754257704151152,0.1851031815754771,0.5859802463984217,0.10717041023961037,0.1155477828694424,0.3021701149934503,0.1981215852096579,0.1673831475767868,0.21989547647422286,0.459599014516894,0.1914649426013953,0.8777679594694479,0.0504643930590508,0.1298264160824515,0.1171423199514637,0.7559861174652616,0.5968350891762195,0.5286529471013081,0.2894570490194761,0.2394264399669919,0.14631235433560164,0.2016771064261467,0.1506788714861444,0.23085605449159,0.2125081292977265,0.19728399201088606,0.7211019109405945,0.2175312154804216,0.5617176115756544,0.3632956751424803,0.2495450606183598,0.17656233278849262,0.5280206621781381,0.2025159932955682,0.7124245251283086,0.0906221277517195,0.7190253565101119,0.5291352464157397,0.3790250400498722,0.0293133037255511,0.800674926130996,0.18498609981082975,0.3811553275530646,0.6300254044551222,0.21984187517017942,0.18231158540955694,0.3795717700544431,0.1066660391897049,0.8652058784054644,0.3312750733753583,0.6449558169807079,0.1301470869208225,0.17112997587487924,0.1906319054747565,0.0803098564800778,0.4450435253303849,0.095044402097632,0.3071705469021621,0.2747732456454101,0.3063377252844812,0.7564793738561881,0.4794915012456469,0.4374120355407533,0.24759978673780264,0.3019756090953387,0.051799361982218,0.1928640703979318,0.1771451032748349,0.17244376047731166,0.3546710380913477,0.6112267976739463,0.7651096892925587,0.544941184457257,0.1898172130337906,0.8998793211451548,0.1768999864412498,0.3728262132025559,0.27056266552356795,0.5588812061328048,0.5559925267458786,0.4486497329176912,0.1640451355955952,0.2124915396795609,0.1459065437024838,0.6213054718617057,0.24403860890012516,0.3312823948916596,0.4539749306460709
TARGET-21-PATHIU-09A,0.1230212298461924,0.3870140945370768,0.4766830075471666,0.3607482163015443,0.23337376298654836,0.2645924061445356,0.3440444434069345,0.11843127835727517,0.2435371897792944,0.2933138893199399,0.2561102099048613,0.8793727594962348,0.6061235526960789,0.1449578474822215,0.1293034319188595,0.2314953476383697,0.1439643716189301,0.31335532264049265,0.19285424011570715,0.1393718659095273,0.11805737195276236,0.1018603989092,0.2362229024894592,0.3343996698724082,0.0634895259986534,0.18009842806698095,0.3514266873364229,0.2599408733282722,0.5878792178730952,0.309286416821397,0.2491222900773665,0.2266967504743341,0.18680667860159783,0.2390016127525059,0.17296398135995036,0.4897640448506641,0.2294464343470916,0.16849874989329577,0.4412446984964215,0.288085843199003,0.1836269004120065,0.0255572893590802,0.0553063836464608,0.11086440548168092,0.3763684678187002,0.9378096298184764,0.329947385379294,0.2382138255894144,0.4380127548201877,0.1920422841111384,0.4194669580811167,0.1071458969330708,0.4143411491938011,0.1641044501293416,0.2937441420623703,0.5215399805633048,0.1202141218382682,0.13978815568679015,0.1071540172343555,0.17959032619693868,0.6304070200601424,0.2249208480764619,0.0096355747749787,0.16307003204435108,0.0876143258372362,0.6917434735562217,0.1560955732884469,0.2575190975258249,0.0643364477571522,0.439292639052219,0.1124328573870738,0.0795925547857263,0.26018941815448876,0.4098322558299206,0.0698608683028684,0.1781387023393655,0.4210754555249114,0.035063474254901,0.4158693191723301,0.29860117199703873,0.0557845320931411,0.2789938104768991,0.1396423684991435,0.4716447899097863,0.542856818242263,0.1859588533855174,0.5768205444256919,0.23310847471159024,0.2118585269903796,0.2704608773066667,0.598342891437059,0.3505754597837255,0.4426922371608944,0.111043691823318,0.3896218239499894,0.183411562388805,0.6648148081737262,0.0837776684780604,0.1364618127231466,0.0855468604399961
TARGET-20-PALGKX-04A,0.7305463381136922,0.3891109832061676,1.0,0.22623659513690855,0.32442270707348575,0.4541817041033326,0.5624272222433973,0.2267152734822515,0.22306496185372618,0.28817721946802904,0.6859803938148912,0.7571842405067997,0.31068278497085,0.4381200943813517,0.3109193207184834,0.5585367742106412,0.3079556383099709,0.2869245110121046,1.0,0.3973513187085917,0.12213323720458846,0.32324158269542463,0.2395056902148291,0.4287073632645723,0.2882646110381755,0.10488667705169877,0.20294095316877064,0.9421979783002654,0.7888735396191356,0.1748370009373719,0.9362924256664692,0.4043099984651556,0.30307130074663946,0.6398380354469099,0.4294717994890841,0.5507602091684247,0.20505117395078518,1.0,0.1369246245384403,0.6927229490107684,0.44154397369413,0.1612131713560059,0.18880024953756605,0.2254427903901726,0.6053522253801323,0.5775251887171823,0.4855493372780199,0.241524281156665,0.1369155344332129,0.2569894952962284,0.5317269110301155,0.3313564198783758,0.3611624592869079,0.18683169309786915,0.8972515424396973,0.1626325399819584,0.4733163385062372,0.1578230082171603,0.6543029124400224,0.2501045144573758,0.7680620002981919,0.9124043975328422,0.5039887190363022,1.0,0.15293843751301905,0.234700185366141,0.2140402221550981,0.896805041193848,0.22071275854960762,0.779804458653306,0.29251429050392014,0.5330563035382261,0.3366189725527905,0.3420508152861538,1.0,0.6045852125164566,1.0,0.3980063112263982,0.3971817279215763,0.3787878546901054,0.3518840047937632,0.3920059318695036,0.1788726191393766,0.3024931432718128,0.7917013817378693,0.8084704730757163,0.8420856462461104,0.24081081851989963,0.256606729692944,0.20368929196925908,0.719196097032587,0.4020761082804794,0.3762238185566998,0.4372098121611584,0.2746867206329829,0.4904519704968473,0.6038375648879719,0.26926842226214787,0.7655878387971423,0.15836333158942928
TARGET-20-PANLIZ-04A,0.4603380264942072,0.3083803194157867,0.4269501550984151,0.1203750551403616,0.35595696146945505,0.2477278552907508,0.1364392461820451,0.4210400445344791,0.1544540269303514,0.2927215611591014,0.2284836178271113,0.6182324955740398,0.4063847896818502,0.1015961183429182,0.852743677588096,0.1578110276251426,0.20737310450638816,0.1516069894492189,0.0637899666122998,0.2791513761973243,0.2013689708515975,0.6887184265989845,0.19853899985661494,0.6167571141889105,0.026481685059881,0.14034986409980602,0.2094247194619878,0.5306308124212527,0.4966047809076829,0.3576980146717023,0.4337572472348084,0.24171018826603477,0.1401978854358038,0.1058320390362341,0.0602467939558208,0.500523395993123,0.1828273587746319,0.1139322296587599,0.7289377279912048,0.1543360302218253,0.4966691124447911,1.0,0.787227946290898,0.22943319516585345,0.3876827158493549,0.2064844576334154,0.6027484865471178,0.10661574893291142,0.7324461650837977,0.6497991544955524,0.2178798341151989,0.1628604453110239,0.8191026248389953,0.1307616013545216,0.2286037040284362,0.6959541402147941,0.0931934769161657,0.1955272894318607,0.2988885584852797,0.11335208989536462,0.510134776469104,0.2649877892150927,0.6707131177431385,0.0682959599507172,0.0365442164996585,0.3290677073880563,0.1130959275229276,0.4240511343539745,0.0941080451959478,0.4710819579031093,0.23621728218528476,0.3011262370162653,0.19771087890107394,0.5282147204446325,0.4887057958928908,0.1993973447682976,0.1823624334727796,0.2063431581161495,0.6133796750621341,0.3782532266876918,0.0815987430215637,0.4994635998186722,0.2695873506197529,0.475800196134803,0.6543091864148305,0.0552152670505165,0.5545418005529296,0.0928300023851018,0.5957249174892951,0.4378515923791348,0.5902077896440987,0.4224764981014481,0.0739747188866927,0.2310156882226607,0.1143341272313425,0.14902626234562133,0.3062410346652582,0.1225456624727616,0.1527468358191311,1.0
TARGET-20-PARUBT-09A,0.5115307257988068,0.2758001348429048,0.6304867369667673,0.2566642942425611,0.3344657909343953,0.6911071715713482,0.3437523391404027,0.263901001393068,0.15991030798759265,0.3106755195137664,0.3801600137274083,0.8250883927009842,0.5866210728469592,0.3080945243694822,0.4065330704643445,0.2145345695142028,0.1455283327191643,0.26505634911296105,0.1531009022123899,0.2321537630932156,0.17171487667217075,0.22015372831810304,0.2698338106537504,0.7447704498641274,0.1515277338604753,0.1684880724532369,0.4811012087836603,0.63796902570905,0.5420268383359835,0.4770257829218951,0.2106418532008481,0.3015491059369866,0.4251560151654355,0.2540051597440418,0.20820501760297094,0.7664703993007722,0.23321828179709206,0.1798180434722261,0.6573019860950122,0.1380305268083817,0.4793931696755295,0.6071980263734752,0.1815973534029655,0.1173504806615149,0.228858602929902,0.5764316773237257,0.4037471506555683,0.2014183542734567,0.6538229374818045,0.6627554565997495,0.8103418843082466,0.7671448051675835,0.5281739030444779,0.8025130358610545,0.2108068764513892,0.8907862726871759,0.2788755186139296,0.2611178649409141,0.1347581378464746,0.2370778374275234,0.331255274985625,0.4929059753605346,0.5192558780541399,0.1639156381671458,0.0877089739009805,0.8158237765824662,0.22154099483897854,0.5642471341590324,0.26099193896032563,0.8178729129771427,0.984849406229682,0.6942461357683534,0.371550938725703,0.8588516740608705,0.1667339437954425,0.3391798842157771,0.5251179501919073,0.20993201864141917,0.6989850005042004,0.985725465568658,0.2474516382163402,0.45774864746022387,0.2371465018047879,0.9381195058696142,0.750020062568084,0.1325209535335003,0.8373457702992535,0.2227992562516408,0.4739175752122538,0.2582613286831919,0.5749901439217004,0.4192482998345125,0.3526867648007071,0.4423660251601193,0.4492876432514389,0.0910706025837121,0.5107331009556276,0.1558775860630077,0.8964222811382514,0.5344943170375968
TARGET-20-PASVYA-04A,0.8634762564201847,0.34728009089217154,0.714549261907725,0.2676660405977521,0.34055420607059445,0.4628643381085818,0.381238807230891,0.2258939837933588,0.26527121499920014,0.40579769892788853,0.371251446732296,0.4301267891882705,0.3310540697653743,0.6277171276065895,0.2538179373093734,0.4141758412740224,0.36870088029095627,0.5263854516396154,0.3806507636641423,0.25523250099534,0.16258575708968484,0.1428873939860363,0.2672255867634227,0.2681911110495121,0.15635560722243305,0.23796045718952386,0.5727651581138798,0.6220556358977953,0.6678380952968247,0.2618176506805293,0.2967664293179314,0.2797417907822416,1.0,0.9860963979369975,0.31806940734836736,0.6448140292181561,0.4065350182318793,0.2533397702179646,0.1062446793725018,0.3447587538180595,0.31057666396744293,0.16087493661035518,0.2558465818832227,0.1653312605992612,0.3224314132169998,0.3673885630909871,0.4415805822748953,0.5543975824912071,0.101494126913421,0.4069612156687123,0.6703594584590049,0.2485047989351279,0.2298263522664279,0.13354645282144512,0.953205567009642,0.4069606739561755,0.30862222243171206,0.2559257764902878,0.7661075159378092,0.288204737269263,0.3741827457012446,0.6355925622766624,0.3370744027926065,0.4047282260458115,0.29327752062207707,0.4961331674579216,0.7257275408968998,0.7797628233612885,0.28171741502319564,0.7320694380184831,0.22555676744330153,0.40218591154437,0.3643062706916712,0.6446322200253687,0.3815430394943453,1.0,0.5719839406070092,0.4056150350057512,0.521140317472377,0.4042195948348343,0.2580584901232902,0.3105004635288856,0.23523363743258405,0.2727990939564008,0.79458701751873,0.6437032293109138,0.1557121578885416,0.2870120540145311,0.2895474421901161,0.1994081730005662,0.2579354663313209,0.363402256759582,0.2339472834544764,0.8020955882225542,0.4038160214636582,0.250668922852385,0.6588580874784149,0.30896104580857275,0.3396479503985951,0.17131165497175566
TARGET-20-PANKFG-09A,0.5975031126867884,0.6305415880814207,0.3121474014420098,0.29344329033861766,0.37084337143050067,0.2248172594743026,0.97313106948281,0.29747771924996147,0.292116080832774,0.7102746181172513,0.1023389956420977,0.3679519308729033,0.6847174912172598,0.3385925662186194,0.1416388990330644,0.2230445311700334,0.2285438800418845,0.6186359824468072,0.17164791514519934,0.1901407485582579,0.2667463138008501,0.29068372655282754,0.2587584207045463,0.5338842756325703,0.5272171203786915,0.27782353294278517,0.1975485696051395,0.1706027628837614,0.6078968997281461,0.8227120592741175,0.2728884018584764,0.2759082226340545,0.2387818554632171,0.23589136991065085,0.20541576464163883,0.650817879127531,0.31734917875250535,0.136435864913811,0.2414680439437664,0.1848201324045606,0.4657870395481404,0.0636713888870526,0.18774943748195871,0.2406281214968506,0.4692764392696355,0.8072952018080621,0.6105441689942059,0.24599589366907504,0.2429583178339196,0.8253577090203941,0.5086013056926042,0.1114885661750129,0.5059795674715856,0.6191358033328954,0.4493288599420904,0.2781039758393757,0.2994918590050104,0.198121618163218,0.7746834633747872,0.13830298445878922,0.3408278630650659,0.6453089155472425,0.7622218738560056,0.2194797821157801,0.208021232184995,0.2678860358584471,0.1354343782794031,0.4143613098568117,0.2185301245009446,0.5120296503444005,0.24061681128043153,0.701519007927957,0.3179759932323711,0.9608272907335949,0.1598903112616649,0.34645327162932615,0.4395065026111547,0.2154131985811915,0.6594344184242686,0.5100753673989397,0.21666554279215178,0.336356490161652,0.1833107589191414,0.4494876010677773,0.85673948540123,0.4795400797047386,0.0838586177008089,0.2419473642982062,0.4192063283074175,0.31296581844124,0.5556355766751933,0.1497701726729064,0.3880991238693131,0.2766453823094704,0.450177310631299,0.6638050921801103,0.5941686252038969,0.3563714742868107,0.4125339240695373,0.14140293025046866
TARGET-20-PAKLPD-09A,0.4989357182632726,0.2629192854317698,0.2700847658856413,0.21025464270606523,0.323971409773799,0.0395894569522445,0.2464603158517475,0.261673426064185,0.11260537971800262,0.3757011576035912,0.2201257914493242,0.673115753768959,0.7454796830027446,0.3400724825287144,0.0861239998273713,0.1290623323123414,0.18639587065846777,0.320335098004816,0.081415532967015,0.4336761595931542,0.18665608498295497,0.100783699176035,0.1462332860988008,0.7505408317695335,0.4823147290194809,0.086951789773124,0.0784565628884559,0.4737544802507014,0.7580850991051107,0.3045225116456865,0.2085707346315807,0.1603568680576973,0.3690384960875598,0.2587654959403543,0.11896548063829206,0.575250285509594,0.1617209526154908,0.3596057534622182,0.8483259012541029,0.20200530325103344,0.411401371989443,0.2676399954133819,0.1430512229269903,0.0924414891248393,0.6726390470182311,0.7635278663056427,0.5971754638172773,0.1128853223425903,0.8470848154078294,0.2680959606942381,0.5641448913858829,0.0872224309140649,0.7610314696475801,0.2043504534102783,0.2677844293750044,0.4827561490984159,0.22575359837925776,0.1463440333409005,0.4134982332438268,0.1867553350165708,0.8913635503731165,0.2719559988820901,0.8454934689147562,0.087166560419698,0.0867483685030457,0.2797174337634369,0.10285472007929577,0.290279750656536,0.4668290682561124,0.5823674451731703,0.2700894479693112,0.548042343771771,0.33683610862945806,0.9135592090429732,0.03719053330977,0.1763780254829286,0.2043634237429192,0.0906924760131848,0.4690813454503613,0.6425678619187358,0.21500021204757597,0.3740094545499149,0.18054060959275509,0.6519487726308946,0.7969896738232376,0.1842236841944942,0.393400170190074,0.5263701079391323,0.2217338562991765,0.3028234519526435,0.5732321178866133,0.4907320186041952,0.6140514314869664,0.27664728131078903,0.3641228986481449,0.2184331283818421,0.3970093336390337,0.6597855781477578,0.3227435146612166,0.217353529779283
TARGET-20-PANTRL-09A,0.4331258435630393,0.4154873964031318,0.4843582613554186,0.14043916639429227,0.28434853434608415,0.3964438145716746,0.7518899189969852,0.1871978680705853,0.18043335983431627,0.36302137156351105,0.15154726939786428,0.8051723513593998,0.1589674727658112,0.18332241273511374,0.0933311592780378,0.15106558572075812,0.2065139003491747,0.113792400543905,0.16138696091994112,0.154873743606565,0.1481268585282276,0.1590548768543444,0.2331956361213354,0.5577899246549014,0.0533405152780664,0.137225626045662,0.3738409655766815,0.3879040489955176,0.9293439577363832,0.3817595318554903,0.3956238247651902,0.24607185854972882,0.36995516396763506,0.25275035716083005,0.1864085250667584,0.739999617157679,0.137225626045662,0.3003290710461391,0.4654130079567731,0.2098270124870961,0.3470143457917768,0.0979750245922192,0.2120195229524027,0.1001773183166464,0.3232871526899354,0.9653379871242116,0.0787645614803769,0.3783004112653439,0.4669225328600883,0.3514583834918963,0.4589679799930541,0.1818748984317666,0.4030768739838817,0.12735597954301722,0.4178893253855246,0.4232884214857526,0.1790741091440716,0.2185184062514432,0.0640858819189511,0.18932990681658596,0.4511941242118416,0.1945538909527875,0.4669283353687032,0.19733149697647825,0.16296904460107936,0.5642159241561122,0.1523765607329252,0.4134252807452885,0.1545205030495689,0.4890818743905223,0.1835504306613007,0.2319321042952873,0.3577532444858812,0.4768332024941811,0.3724212966362566,0.2686523049993199,0.2948274366716947,0.2377635571220459,0.6058879020574559,0.3062016317371306,0.2677107960942213,0.26394088234268265,0.2483541300799191,0.277155810123428,0.7509016751645898,0.1112168953384503,0.39917440663608655,0.25043579551285705,0.1510447827496859,0.1678667348703653,0.5494919251210262,0.0938722903754011,0.4429109728599255,0.4256910145807394,0.1314995624955622,0.7603264501813313,0.5575581720379995,0.4594376983125768,0.346152262508806,0.1832980420579243
TARGET-20-PARBVE-09A,0.292238207432224,0.3439509800873925,0.3160920756491975,0.17227221985622718,0.33638280421816824,0.1286684931960243,0.499536620894111,0.1570282894620086,0.20768499031119933,0.26727418607366127,0.1925570715380089,0.4992981316821931,0.699052535259646,0.5358169986128726,0.0422921096029691,0.14829992671431166,0.21493642272943633,0.0925599503147199,0.190932485940263,0.2901037157534625,0.1784938751381779,0.18164683430972225,0.0772629522245384,0.705904860481555,0.043387743120811,0.17086111534925108,0.316865155178086,0.5366859982352474,0.1247280851651771,0.4301835000177043,0.2563542616452272,0.22821503336168428,0.24015353434006223,0.1733958134942186,0.164586569858549,0.2691975371713201,0.2825993744824792,0.2188412277253278,0.8209669423082802,0.2964489191263772,0.1889575535721938,0.2557172336747462,0.0702468302795233,0.1675322708077897,0.3699995760505193,0.7541864033489919,0.4295646334243796,0.0779141363169082,0.8211729146476574,0.4949289496317675,0.5563989465624719,0.2314840826279588,0.788690487707249,0.13932197838618923,0.2196595088168784,0.4547398414950146,0.20193151436138657,0.2557289677838572,0.2178657618032607,0.3832877515468594,0.6725596285244202,0.2378960247553947,0.6114406770092247,0.1118964884534513,0.0598742517499605,0.2123470332938518,0.22468209571871423,0.2701590473684139,0.2068876996788839,0.208498858522947,0.21467445792664183,0.6526990740414196,0.21341792575959248,0.7880164369932086,0.274522459417981,0.21513902905170823,0.1862420503857033,0.24883167832478253,0.3050117561805349,0.1523039468047183,0.0708541455760193,0.3651996090929982,0.1639049838938369,0.5080471479291877,0.1572510638691391,0.4182161382826522,0.1345080552286384,0.20581457528499952,0.1881199403830872,0.1763012736680057,0.5429504128028639,0.6476572667727419,0.0642340225701479,0.26115391235809243,0.5727198470569715,0.0891911060909468,0.7346298544817145,0.18169067657895124,0.3897560612970766,0.3267220475351454
TARGET-20-PARTST-09A,0.097149566609606,0.2708353149394905,0.3276064269443304,0.1617367924116658,0.1902688643704828,0.22837175553231,0.4013687935775891,0.2075849211410412,0.0802389767483358,0.32050539549360146,0.1697055894245162,0.6598094577652655,0.7108688075659595,0.1941455093244318,0.0359866654073394,0.1867057938463409,0.1562899387614618,0.0787599387537276,0.13345337789694273,0.4044245029761961,0.1551549494244605,0.1100877765092621,0.17569742372759772,0.787065743124777,0.08165174839785352,0.0949789428040778,0.0856994596503458,0.5399173697764852,0.2698911798612809,0.6741120094678263,0.2245233946521707,0.21596184035152152,0.17157707043524661,0.2727884675082505,0.20948185637555694,0.4070222702223936,0.2456481580741641,0.10932870182855499,0.813833649332528,0.3064815060030832,0.094487204262716,0.4435214228285045,0.13903323783523905,0.20283351917276046,0.5994051871240339,0.1738588058672127,0.6018238388208379,0.11371160759206014,0.8135960509122833,0.7884161851937483,0.4090016542589094,0.2093792513567919,0.7990508307096267,0.11613431746678414,0.3118355590531602,0.622074767672004,0.18821805821277174,0.19988994093326543,0.2525528217780096,0.16389671529430966,0.4720728300220572,0.1014093966403194,0.548100272735593,0.1760369583882103,0.0941949234467503,0.3577845510124042,0.1902613486568056,0.2141170479886951,0.12531473407583205,0.3745942813154771,0.22883306229405662,0.2969614403121219,0.1379426378852772,0.5955094581222737,0.1050672565703144,0.1915184676639782,0.1596835203868173,0.4435536485459206,0.280715186258904,0.1295965423652886,0.1729024150485292,0.2594716950342926,0.1515965376631338,0.5232051853603515,0.3401142852306159,0.0802734619629418,0.3166426673594464,0.2392749333757923,0.1971490425833508,0.21585634387819,0.6546249842810115,0.7028276342194936,0.054657199645513,0.22919351818101874,0.2757640246885171,0.2806761566228208,0.625026714461326,0.1674045041599227,0.0793520897528938,0.5828766723683129
TARGET-20-PANLIR-09A,0.5029583409099045,0.1698552042682629,0.7507439642970729,0.20082966115601292,0.306731554831195,0.4176134250151417,0.7865688735376752,0.2112627000429495,0.0850729396221242,0.2841083641983135,0.2240250848242887,0.908583491875705,0.4302338494809188,0.3414481925255505,0.0979478947506044,0.0454879471636626,0.1820695097885502,0.2499038527040158,0.0942892396834875,0.2245265594075164,0.174901563264097,0.18189292835694781,0.0697043069571938,0.6823601533606538,0.4723066475242899,0.1854076946997403,0.0908623869836894,0.8883196396042701,0.8230165302126343,0.5856514570180452,0.5515384753713736,0.1857130527329637,0.4146620667223366,0.3203521968462386,0.1373869118443782,0.522310892767755,0.1854076946997403,0.3739973135348372,0.4660465006216974,0.2182262406345259,0.4826008190874403,0.06516968992111548,0.0633745731892791,0.1051327070913779,0.4759950726988063,0.2530756348267833,0.5139022140677412,0.1804479770622982,0.4667640361496217,0.169541039165683,0.2381711256244468,0.4464597604013937,0.4739542451982566,0.184892747610094,0.5290430616467741,0.481840287913351,0.22725156776196095,0.265689211596309,0.3768453780161535,0.2652242636944487,0.8050284657489655,0.5179564604928492,0.3676701900866199,0.20213327613733206,0.0540167454471933,0.3052309409817291,0.14582594698480028,0.4042620791418436,0.0737219584485488,0.6113694276524272,0.2372069440000594,0.3482509468522159,0.3139668775626981,0.448122794243042,0.2049899253926242,0.2022115413717234,0.5584245369973048,0.1031435733711472,0.5283797600182167,0.2529844558342858,0.6402367868527153,0.506512784790407,0.2754483561414649,0.6867206581810456,0.8238507541165727,0.3501438697540555,0.9136111892034332,0.25890482934953035,0.254713215310226,0.2928452132562213,0.5983147963816038,0.2600868027155243,0.5161400672195592,0.5458977057080626,0.111415999816486,0.2622348896535587,0.3851155993580403,0.2464424384392724,0.4004143877483341,0.1082977114120635
TARGET-20-PARYFN-04A,0.4143408773593603,0.3923508134824465,0.7078534965150378,0.6982468102299553,0.27910544062472553,0.3533918196944969,0.4143236406473178,0.2554312849292446,0.1965111237531873,0.40911263610434573,0.3782665207867858,0.945789034058908,0.5420158618941353,0.23478485835948334,0.3776419616130349,0.1443067310261908,0.2117676784770766,0.5129486487325187,0.2177999788221388,0.2700653610381346,0.1469200984672653,0.17988652455451432,0.15589631702626564,0.6274536608703725,0.2404461554884207,0.5706789135095676,0.1162669869034197,0.727826128468521,0.5495570628863051,0.460249529504489,0.3781788714704395,0.2512543385279021,0.4298867915073009,0.3613454761763595,0.0603915711447281,0.6859477991265029,0.1288563025269647,0.1449554338395143,0.6509527020256285,0.3327377349138246,0.4521927302126347,0.1146296858543554,0.0810937387362542,0.1299213893902359,0.5876299179360246,0.6506348677307014,0.3780057426941774,0.0899449639108632,0.6513910903481759,0.3298069900483347,0.4240583332711502,0.1587651378181764,0.6486394317875556,0.3287807862158438,0.6431691298200612,0.7857924754872874,0.265669520665445,0.2093311102734185,0.2888836721611678,0.1058689889925994,0.7678355214189678,0.3572247801462717,0.4108804741062504,0.3202543397068153,0.15145906964526878,0.3621864572607344,0.1976193295407634,0.4603353737626662,0.0943341933001443,0.7126687655600749,0.1648562093772219,0.3778565207697317,0.337831611055247,0.6666029830450739,0.4701312354455111,0.6746430288691243,0.5131572560184705,0.2956145834677137,0.6659726220433817,0.34605589723600816,0.2631602855012215,0.8727428466084443,0.1372982554628319,0.5793522169554645,0.6799151076006561,0.27670945253740625,0.8960762176866923,0.33301734299897906,0.3791698118509736,0.2035241927473789,0.6388455854998027,0.3144630178316346,0.2981264418746137,0.7210943856662321,0.3596219976351196,0.1635049121809686,0.4996900925573401,0.3757600301159644,0.1943390726231857,0.1298639922143852
TARGET-20-PASINN-04A,0.4346595748531335,0.1922141587332198,0.6219922606429888,0.0750300473133406,0.2197335364884742,0.0946306710243897,0.2398661649508247,0.3397470919801117,0.0962715484101537,0.3219400570462685,0.0971513666524074,0.9312797819781252,0.4013939746675015,0.0900645210844063,1.0,0.0938844895729781,0.22192699761128035,0.4721200563819385,0.1946075321460085,0.2316517558813637,0.13576649373225408,0.1320844449302803,0.14193170008168723,0.6267411574867552,0.0442957329705172,0.220744960786402,0.22142088381293154,0.7722067540320876,0.6707057543815731,0.5356913005309587,0.63115174364936,0.23127845477179484,0.5166266547804347,0.3015202966936776,0.1348261065532939,0.7264751723340369,0.1139567110730589,0.1295198438641652,0.5323085879930041,0.2428451701259249,0.5472705040052653,0.2957894649953488,1.0,0.0463443635861851,0.7239475744941587,0.5721794929970916,0.4011623513853699,0.2222796266842375,0.533793416320584,0.2697527457328681,0.3458962830740368,0.1285511929769836,0.611682823119849,0.2370238043240826,0.4845719294501578,0.5337599656123929,0.246202568816262,0.21805271165329307,0.3207488605814467,0.11307318846975298,0.8478625858394038,0.2417266034286537,0.5217830407130042,0.20474076598508065,0.1645396558447548,0.2869101201881084,0.11110857222008504,0.4875679711119328,0.1521578543511701,0.7211243901750714,0.2659074744562102,0.413236149692985,0.23422583022589083,0.67154351811917,0.1790328000559345,0.4565169522354442,0.3523108733075329,0.1670090731345628,0.7349606516638192,0.1554912625723031,0.4575830751163336,0.3113168046485166,0.2840852917497296,0.4370977791945523,0.7684022258915832,0.2331518559714608,0.8522996443902588,0.19584355255373692,0.3707926416513064,0.2964219841498195,0.5902010167747549,0.3582181814780225,0.3518593452360994,0.37707010735762575,0.5956836133885454,0.1321079876568846,0.4182516418205748,0.3404504254823082,0.0952074522841048,0.2990882335015952
TARGET-21-PATKWH-09A,0.3274452056028529,0.3101372000155202,0.5304235313012543,0.5593906960509292,0.1999263104729899,0.2546925791161865,0.447672030972114,0.3508402760643062,0.155333970514231,0.36407335606287694,0.3383994869238684,0.7989746894349214,0.729803053542001,0.19986604813121372,0.069666287505406,0.6098498899097113,0.0888235455506999,0.3130597365615521,0.17216193588537,0.2134003483256367,0.14854987207513232,0.2973000275083267,0.2217989950457028,0.406934783175117,0.0387928370779188,0.21653865423987229,0.0900492933203238,0.6010064703488776,0.7373650706979176,0.2632092736981605,0.3475882313621716,0.2629061468756379,0.18666527950127737,0.24210653321944425,0.17328136447959747,0.5875258921959476,0.3775280083204998,0.1598411486419734,0.4791698350798465,0.3622406473287594,0.3009925863430893,0.0931868295460957,0.16156024872430438,0.1619749171930841,0.4412998398715648,0.841344174217015,0.3592633635866784,0.1947536104288874,0.4750995912948854,0.3711053156983517,0.342435955147792,0.1634607103742243,0.4919573297782833,0.15820187001231154,0.4234675719660289,0.6964613128426949,0.4383239835564256,0.19019473754122465,0.2223695912466803,0.1590690701676654,0.5962653323052374,0.3834908579014758,0.2180852422958987,0.1868419271182587,0.1375872547034669,0.4228649332246521,0.2679751168216959,0.2245978217161477,0.1877788413634595,0.5824231176655768,0.1276818600813808,0.1626708948892425,0.29791309065851374,0.5574251287860443,0.0786433985983167,0.2005333359603603,0.140599336436871,0.3203205877859088,0.5624935876590289,0.1361744531921858,0.1303360662702418,0.2726416580663975,0.1063381034275143,0.3836069338782915,0.5797483664845772,0.2078828810372867,0.5511297237666607,0.23075492257115723,0.2174987208039132,0.4051292088960679,0.6198197484516978,0.5141215769854539,0.5136761594574223,0.2148158828374113,0.5412650853135482,0.2095847325184021,0.5077896767712154,0.2445219477818206,0.083379750991349,0.1664629503112371
TARGET-20-PASTUH-04A,0.7409240994475946,0.2865184994312634,0.3707687632996524,0.37926045654640267,0.28022757865666353,0.1502821355931757,0.3160984123346479,0.41205883359800893,0.2433790580556342,0.6271398054145111,0.1542852301296314,0.2004330137632788,0.1876657801284835,0.28189997328333427,0.1927675493615812,0.401403992050086,0.4740546627266598,1.0,0.4987221058974186,0.1060699035632924,0.2084771499204581,0.21833847498364628,0.37395461159844545,0.2006970023608757,0.18205528327986698,0.2618802404682689,0.16016442875741724,0.0812063661034094,0.4276444598007684,0.28579964782231165,0.5796840464975438,0.3650182946207378,0.359985099421557,0.3287792031603341,0.1546952583813902,0.8061250824210638,0.2898266025594778,0.6038029111499307,0.1639263691760737,0.4136381290802324,0.3076001466480261,0.1438263233259607,0.24671873450008877,0.19780843816558466,0.2617855827079822,0.9671236754693524,0.3402288071322465,0.2073570911730597,0.159647516736644,0.1823074050768529,0.2485103121547098,0.1792983270825243,0.1928429912356593,0.1821272930013319,0.7278682797280787,0.4327643138157323,0.4515108839853766,0.19908293409426434,0.8423560111258181,0.4376157809068332,0.2897187501539662,0.6355025307522718,0.5912641486833716,0.32493246586099855,0.1770522148364186,0.2033873705337803,0.3294850059590194,0.610618996720304,0.265145410344829,0.74161656382166,0.21542947936357698,0.5085212367503089,0.39698698889966066,0.007640534802728,0.1411757876947718,0.49207701355076683,0.0974633549484739,0.3216726003315969,0.6883375588682716,0.21126192200386598,0.18644141651685303,0.3161660652580189,0.23307012130385638,0.2918839616562916,0.747640392308003,0.550463711891984,0.22983403958484477,0.21767052593435376,0.2476068979293819,0.29051631593533017,0.2951372505676393,0.44656534775542345,0.44795115414773584,0.3972097776261225,0.859615211343154,0.2143598780403846,0.6392654580645649,0.2587875853395674,0.6634459926082958,0.1335174940993111
TARGET-20-PAEFGT-04A,0.3916062579919527,0.27724741983686674,0.4309059206434082,0.2327792324862756,0.302152532616496,0.2189220995819699,0.0313073157533978,0.1626606173023516,0.1418120434670541,0.1006350126414594,0.0870262877280437,0.6898265511775452,0.5436677440068931,0.0418605485615057,0.1905869281271241,0.1012323263456264,0.2283601265477105,0.21948317967515604,0.09924249365912545,0.1616458913091624,0.0334536261875992,0.0613907369367096,0.1796388636854757,0.5045977657779532,0.0205879480482894,0.1861797508477806,0.0477905281570466,0.4569272576555743,0.5680149402820701,0.5143014680927216,0.3827441711718278,0.0976787554277985,0.1103210577538062,0.23693816985756017,0.1371975561558654,0.7573277751167957,0.1011533409824964,0.0905804852046072,0.5163530307097988,0.2735140688858988,0.2931416795020653,0.3841614153246086,0.0636593045514188,0.0215401187847705,0.1152838886262321,0.9149181971282888,0.1611867379381104,0.11907944225213682,0.5165375299908421,0.206677232449004,0.2988246561042645,0.1438012019060399,0.6058525584797665,0.07234679173775,0.4030190415964473,0.3859365916794932,0.18275570584087464,0.16000692810964015,0.2024429670858455,0.1194241975431178,0.293507045943248,0.367795611068997,0.6027469242817425,0.1457137767199831,0.0779694114744197,0.1832347718033249,0.5867328710049821,0.2978212440512626,0.2987985991788601,0.691625911732909,0.15659711609917976,0.2557989391839455,0.20681714405407053,0.6093829566100465,0.0796317619634468,0.19330867099403323,0.1126624472835135,0.777560298013113,0.7922912425358817,0.072269851318009,0.2416020052115904,0.1446950704016828,0.2387897177861921,0.4449978582298185,0.538670334878476,0.1228325414540626,0.1753020337220633,0.0721698510538682,0.1911443065941265,0.1494106888779168,0.4034249297110694,0.5362278075911443,0.37609085393645,0.2831760744458534,0.4522587965283474,0.0167163490630432,0.4037907158193129,0.0964306063897551,0.2706977010766008,0.5639998485648171
TARGET-20-PARKFB-09A,0.3531492304615825,0.35017763809453,0.3453218782483163,0.0821226975856785,0.6225360203155749,0.0567896133435659,0.800929861750934,0.1726755284608864,0.1514840552511839,0.3532430156915411,0.0583023293427481,0.6622139486435252,0.4854859089425427,0.3544706893847761,0.4300915176807979,0.2285729395691808,0.21716549723235398,0.1872369256747603,0.15715709972799208,0.3592923919005726,0.2425750413269888,0.2617129616164001,0.265839931447846,0.5614020480541564,0.2521639118954679,0.16139629282468007,0.112543040842291,0.5096013232146546,0.6725731090172826,0.5708890607903305,0.5557117573735115,0.2967749824792891,0.27441304405986133,0.2440720275651259,0.16834652058576544,0.5698149622116409,0.2257945541334332,0.16963954007750853,0.7043593887009094,0.1052916746056912,0.1672109123433063,0.0656651059752336,0.1421003414026563,0.050725333274744,0.4013296541316374,0.8439519015702647,0.2823414540661135,0.2169178427573719,0.7023782872964475,0.3670444968834798,0.3057404893001286,0.1991177428186659,0.8219683478791173,0.1614925560020435,0.1660430888709089,0.6359425179083135,0.18322413361508008,0.22171559912265795,0.1451280081256726,0.14046158631958894,0.6346460679874559,0.1303944747192582,0.935876650770104,0.1784784549538458,0.1666936725511098,0.2390432519851824,0.11976999227238437,0.3340322352565783,0.1653015545070905,0.518763654874388,0.1871520546095536,0.3195723491354503,0.31000265237433783,0.5679613849248755,0.0533484460079998,0.1360335646343031,0.2034267127447192,0.11820749149785346,0.5744130155583287,0.34249272426927835,0.24702392456018535,0.340745830729926,0.2405873656745737,0.5814563440841591,0.7171751392402854,0.2518602538824959,0.0477740935089751,0.7602329661088356,0.3730772857283985,0.22666382094319348,0.4498802023943156,0.346149778823035,0.6006081295930575,0.23330025490958375,0.0594456352737959,0.725186882112438,0.4304809509557962,0.4275640267201391,0.4227590392014597,0.0566006946940787
TARGET-20-PANZKA-09A,0.4893198877880527,0.2168792958974524,0.2667610684314374,0.22072604143993743,0.9193956890003616,0.3529407649138297,0.5102010216170318,0.15417540986010556,0.12694736373920362,0.3583342198700223,0.2110761242994773,0.5351455236715977,0.8316160674133384,0.3109896699429343,0.10700168787724167,0.0580811991906626,0.23996936169778765,0.22549128549583494,0.1247721382382713,0.4042594689170549,0.1466318990995823,0.35037161291995234,0.0890018123319919,0.6056462073474083,0.0902398413838696,0.17259741399541453,0.2094725356032534,0.6119002832572993,0.5154443304960472,0.4073215283383422,0.3350262826410121,0.2371273596779475,0.2531946488901753,0.24965623826678413,0.21119876202968435,0.4793052123671432,0.21863280916693897,0.0801268440062253,0.8379475469715811,0.1959758141640582,0.4824753355468978,0.1334698752527452,0.0809197037577057,0.11142836720699481,0.2529133031789872,0.8103068256180476,0.4561986667454962,0.2225888852243779,0.8366808521997733,0.5333883098713239,0.6443414418784468,0.5613507044513938,0.7662954055786934,0.2280716650117647,0.3961871705671858,0.7204863634059142,0.21503350165824467,0.2885632477686625,0.3774550139106611,0.5769411925081938,0.2785396365125283,0.3567125950600339,0.710887994951638,0.1288973560963678,0.3313353268765264,0.4899624928418868,0.0795386851421303,0.1057433428492658,0.4171660168954424,0.4625057202909094,0.2970133578577482,0.7260272107586789,0.36443478398484874,0.945826577832658,0.0549954178799965,0.25417522336073656,0.1527362322207675,0.0513019612267508,0.4567183116048469,0.7775199329444339,0.22900494289181178,0.2987894124586625,0.3397751724822535,0.8803684059045616,0.5967017971930628,0.2532689052403288,0.122139700359204,0.2551760467884128,0.4428735341786068,0.28440177083618495,0.5599882837081,0.7107274139423078,0.4040996675158243,0.1624699004719662,0.0127424196725774,0.2550870479098613,0.5635835953379352,0.4931076287244915,0.3834361942158012,0.0799356639047668
TARGET-20-PARXEC-09A,0.3103453497501468,0.30586653381039847,0.3030430568204781,0.1492886835045483,0.3231201872981912,0.1537138803354564,0.4344284920109431,0.2821037787172791,0.0732513744064929,0.1647463323739037,0.133238049153391,0.4358940672448999,0.6046476291239937,0.225280753081565,0.0611136147005918,0.2293322587105239,0.18618461359109625,0.1337524468120309,0.137119548972203,0.1950999448670447,0.1018769229126002,0.1005007947689902,0.4957233090402037,0.6033938337422544,0.6757190534699006,0.1445381710054583,0.0782363317639368,0.3443496846834752,0.6172480705262978,0.3556935539055774,0.504361766375752,0.25277733533323893,0.1121507531177218,0.1862203454225771,0.0406376317273031,0.70976965429785,0.1908679734073583,0.3163789724618428,0.6186554572515406,0.2582499906909259,0.6239051308040571,0.0252161578025847,0.14084812548607392,0.1159223743608991,0.2677635473776819,0.8496735563318998,0.3818903537986313,0.0605241799451727,0.6176747753584766,0.3148804370876614,0.1456858391894905,0.09641903476748254,0.5932157053297502,0.6449941920067243,0.4249528024572756,0.3366130500079365,0.1186095373332665,0.1459595199962265,0.4853878829831967,0.10437881575211701,0.4610256644545393,0.499975533806116,0.6823315578350355,0.0869218799377224,0.0465106867418457,0.1300324195181298,0.0997767786671501,0.3409933788373323,0.2086765876351503,0.558409569515316,0.2900889718512251,0.3610623785409974,0.28026697535775025,0.7965550968909945,0.18926990376371317,0.0945661945341802,0.2662881107439316,0.0643554066975759,0.5196017360195517,0.2200846637773189,0.1663472496264118,0.26157425991624145,0.0923883223526104,0.5517135815470333,0.6948572572714219,0.070273773393881,0.1091779194924956,0.15413047006604907,0.2099813860267379,0.24602418390707056,0.7113697949028013,0.3940155846596929,0.4642268701256989,0.1095615116555204,0.2115190092730123,0.451910836099453,0.7026673839453572,0.3218449753424115,0.1347580550727017,0.0404326303655725
TARGET-20-PARBFJ-09A,0.313860409452093,0.0818308984485026,0.3317650276251657,0.1587672143127761,0.0971879106277035,0.10405143057638265,0.0952177026172667,0.0956726556991487,0.09496395487777423,0.2972302639593803,0.1412626394160414,0.6191970707837164,0.5888028865744519,0.1905808890306141,0.0352333904999291,0.0605521000170227,0.15505802576390687,0.172289852867972,0.11952195023325403,0.3005170730735039,0.12736627554368496,0.1077834129702024,0.1191810891605243,0.596975006262044,0.4471623793095175,0.1340498279591774,0.18628456519611947,0.4861280645598627,0.6213719113311519,0.4347551184195311,0.2606183351348448,0.0894707113875115,0.146589548463898,0.0753642504353731,0.07998036185085891,0.3149859593890147,0.2411379203022111,0.1072967424981832,0.7034014894778187,0.040954156996637,0.3499051615577944,0.0500728501426769,0.14761987127615916,0.0378178799319454,0.2619799553323689,0.8578603272101919,0.3061064984339818,0.1201855657840307,0.7018864455583871,0.1836297610901864,0.1138087139159034,0.0970765323839992,0.7355568736854351,0.21811748927646002,0.281858566820835,0.4223611917457482,0.16987079687703038,0.084148986938576,0.248903226301042,0.0398597849448322,0.8269597832542486,0.273479557510928,0.7083963796409356,0.0486343632450268,0.1461955935456214,0.0440991856218738,0.0300108041187602,0.230091353814684,0.3466910394769281,0.3264808590616204,0.0620685350367863,0.3384141654419925,0.24488264597284876,0.438782470484831,0.0736435992710697,0.1877843137144338,0.0975357203090369,0.2406410578894765,0.3845861557010405,0.1829078498379044,0.0590283105537836,0.2540404188979747,0.18142534645274835,0.5296074906702748,0.6385318125319052,0.168390353333842,0.368091984081452,0.1802551285289165,0.1943000771707484,0.2719515267171907,0.4359780381258313,0.3380062752834986,0.6221479626564181,0.1693817242106082,0.4037313327925341,0.1207040590432544,0.345335958782608,0.0886492016126977,0.1119946555050508,0.0757560987587794
TARGET-20-PANVGE-09A,0.255024275771854,0.3000242730131362,0.3460219498362245,0.2587056263022158,0.4643068948319408,0.2086766748680782,0.4849551975050423,0.2183319349165665,0.1084302079968705,0.2438654459491007,0.2142352361285564,0.4705733464392303,0.6731202429176939,0.4876026958166058,0.0486302514483714,0.19857160599036236,0.2062829275698591,0.3800589179732717,0.21614042164931485,0.4208511902011357,0.2011052714538067,0.3690482086208856,0.1557023248430991,0.7728303118161117,0.13001475304715565,0.18837621639943272,0.19587125076290143,0.5673073531692454,0.1022957985330447,0.5891373778362982,0.5120315301255163,0.2699610764874155,0.15082832113851932,0.1993819199250057,0.1086264035680525,0.2901905931069194,0.2556054756690219,0.2856132166709526,0.8389324138679126,0.3869002666928117,0.4511809189985775,0.170810640472367,0.0807744293678946,0.0521974463496075,0.4513827853068224,0.1692067361539423,0.5245550553622966,0.3605916822002978,0.8402430851750919,0.4852530165436894,0.3337334887157634,0.116639652626609,0.8651235032920832,0.1618286249585264,0.1522375491224799,0.4974991721344112,0.1755715426183005,0.1161451207472326,0.2140425091927109,0.166271635673882,0.6599822094746808,0.2983254085783641,0.8325868206297291,0.4594563651128522,0.2771019250112266,0.100637538016562,0.19638809439919747,0.3581594120982216,0.1696790455596995,0.2586739881751452,0.2965270946104988,0.4006829754204042,0.1864075231723067,0.5287171641846761,0.3586444203195422,0.1399814300536154,0.15093425119227138,0.16153142946328028,0.3855571472179005,0.1751291032588464,0.16942244823297556,0.3441734687358276,0.1784394712411827,0.681928289069248,0.5047965271023943,0.104022619746887,0.0491605578878958,0.1748867759776186,0.1432452242163218,0.23228970535855487,0.6887087341743681,0.819963247738293,0.2261156415383558,0.1621782197742165,0.5632786637522905,0.1004897315821042,0.6259024507003641,0.1223564608444802,0.4315941558045348,0.2121825077564218
TARGET-20-PASFNP-09A,0.3530487359725897,0.35528916365203717,0.0365239455630154,0.20864666264913498,0.30173068458239793,0.3685459662553204,0.6434655734579056,0.19342749081247196,0.2513576135425509,0.3453763011677547,0.2086900465128925,0.2134173984937992,0.4751848092045754,0.6397414360361249,0.2065659836316428,0.29869457933597543,0.20942795566508612,0.31863956872246113,0.18636628424985463,0.3166993567570069,0.23991063751417413,0.25270951961959487,0.5602951557545729,0.2652149801603601,0.2799345351144351,0.1906693995487614,0.27619653543517153,0.0777100740884644,0.2406232506302442,0.4677456590596379,0.39243435729430975,0.27886010497496977,0.3056062335872748,0.30625497171090077,0.19276043539445314,0.3814014247373509,0.3531777220652785,0.3133924951397176,0.392264339794852,0.2588276504695844,0.316972512944701,0.16856736446740803,0.1999207102869834,0.2174081246100677,0.2815609478153573,0.9186693710491796,0.3497215353369582,0.323302151282444,0.3975191311525814,0.3834040098691023,0.6404368246051269,0.4004634561493695,0.3568086148042638,0.23401732228732272,0.429940611568814,0.2562491089018979,0.19490799344326057,0.2454023884912277,0.6481352173918198,0.24087320353542346,0.2058268706776723,0.3148402558849676,0.5795382255937218,0.16729726705656614,0.278022485063527,0.6844143429346967,0.5007217135532959,0.2166030667162907,0.1898308985344071,0.4227346432157884,0.21602106903684712,0.4280417799614875,0.35395539101949275,0.5432079697968284,0.22446375167745716,0.23842422869603916,0.2742058997786174,0.29754023743437114,0.0944228894906801,0.2967915983987725,0.18709111024423444,0.270429537157316,0.20566679838459906,0.525867729378936,0.6146018433128224,0.24961807137912068,0.2088185582748742,0.28452803618197287,0.670156165544004,0.24716322338390084,0.6572750122630917,0.28123745234183267,0.28414552490627487,0.2664400446847069,0.3963825904157281,0.6680381167169982,0.4462851572655801,0.2685553986815357,0.39528698780667704,0.18831138615298867
TARGET-20-PANDIX-09A,0.4196802272858239,0.0607077576223689,0.4551641188440437,0.1558791010752108,0.0721006396614853,0.2575114695749495,0.2703098025460702,0.0387359902861132,0.0856902375821254,0.2305099713396786,0.1517937199031411,0.8917711221586604,0.1701354697007449,0.1038303159588233,0.16122965262101657,0.0593435177442989,0.16302532556282542,0.0578077409547113,0.17991659054164758,0.076081385644278,0.06419631794969922,0.15600733214655352,0.0249129379945834,0.4848410649723034,0.1414269517229308,0.035991398556999,0.0915216937664925,0.6717470549374696,0.6745235810116896,0.3613910336926608,0.4221932721367567,0.18860627811148745,0.1106245410755476,0.1898044594216064,0.11555441825661823,0.3257035743180576,0.12384444196522984,0.2023677028832459,0.4785553885692983,0.2566784670764733,0.2246992401536992,0.0542825471915992,0.0438722206945962,0.0412506040660478,0.2411585604582413,0.663400891581314,0.1147186116269807,0.0708018300132462,0.474994402168313,0.056008964910386,0.216584458352484,0.1606960932800189,0.5329576479522374,0.0257417322103492,0.5108059535010531,0.2469132348269942,0.1541450880169577,0.0630836319104774,0.1785697089543636,0.0572757862959475,0.785616731679661,0.3684444595185909,0.4274347847538564,0.0360802971979512,0.0193060642697665,0.1920088001908536,0.0222640672048912,0.337410910236702,0.0742568925269963,0.3505447345693424,0.129769592486817,0.0973160385383635,0.1586190351658446,0.3376377951633778,0.1635439665261836,0.1432809735153932,0.2886250801264635,0.1525604596350752,0.304561765178259,0.0491094201532621,0.1347562492790243,0.1904454570301749,0.1399811934205663,0.4251505353175069,0.6726113216081803,0.02916985494434,0.5417779843904723,0.15042676430451102,0.1108492830335769,0.12795623795937638,0.396784896264331,0.1092659855551161,0.4038530860683982,0.1660009702954379,0.3623836041995165,0.0747210442016406,0.3530659270130905,0.2154777870428811,0.1977987834091174,0.0762204652513074
TARGET-20-PASJGZ-04A,0.4599209680848507,0.1606212450008709,0.6417760762536743,0.183117046702475,0.33342529167400464,0.2788889660366666,0.4274338773778647,0.171273176510237,0.1487105873292135,0.308383943677398,0.2863177857816921,0.9372363747596072,0.6190637124678426,0.0393039531437583,0.4116155750421716,0.3301944277357874,0.21326586797001126,0.4492405449507989,0.128419856309125,0.1614831853924013,0.11803228059328638,0.2460359525848028,0.0659149221457166,0.6472139449243484,0.5045367846844158,0.20113938573594048,0.085922770420512,0.654743040139226,0.6500910471247319,0.4456153996160368,0.3359045467276247,0.2670201865761514,0.0542376146835035,0.3824687257495808,0.0642797380372203,0.7533088373702627,0.1760288445926016,0.2098480797821683,0.5191487222646569,0.2347791909299695,0.3468927276094466,0.2005415234751378,0.2119245386574462,0.0715881030492838,0.5581496006607419,0.4646120498258594,0.5301736051003576,0.0664704632882081,0.5191008195636988,0.4560449808087996,0.4826334505024658,0.1988291795844797,0.471600547401353,0.0681077548906502,0.5867998616940827,0.7517100400422874,0.20724062901651477,0.0861720150482711,0.2781973769885267,0.0782385187587181,0.7694104761151792,0.4064030499528727,0.2996210920334223,0.095461642513394,0.07079420520168067,0.4155254534166454,0.2409855690921886,0.5592087873154267,0.1864098983123653,0.830312509813753,1.0,0.2798710205337764,0.33675807066039104,0.719117677183152,0.3068995379077988,0.2315074602943916,0.4319620295546772,0.388056974280297,0.6968780005370634,0.3794893087481317,0.0604474117915119,0.4234639028691086,0.1014651432660695,0.5976337443233412,0.7441475269835629,0.2948552727111589,0.8173707215334266,0.186882298276229,0.4892789694206887,0.2876164608499594,0.5821518392912715,0.2993792914381184,0.3328002503166279,0.222425270228441,0.3855401416722249,0.1825214676016907,0.7173675640391999,0.1678102577856506,0.2575216142682817,0.2394990810587815
TARGET-20-PANKNB-09A,0.3804073467567329,0.1021106927387368,0.321192420307669,0.075659269374606,0.121273566197865,0.0953603257291347,0.5529004202759138,0.1163786756169821,0.0511427179141131,0.4770961835913202,0.0979004573117356,0.2311459495021437,0.7271298115298053,0.2841639739179464,0.0951397902347625,0.0273456784333132,0.17711194796747706,0.0952894604321179,0.124609213041258,0.6887429434733511,0.14306516246402187,0.1545131734390081,0.1449749378621534,0.6963894826921351,0.3894814041487093,0.0605376772792704,0.2217017783080351,0.4591881995420226,0.6157132517149282,0.7078736637970298,0.2624653580707346,0.2536900714786609,0.1464410224578999,0.0940414435817845,0.11731542438370811,0.4595145985835252,0.1149123825567375,0.1805601247729937,0.8063794298545055,0.051103646919987,0.5054855731105193,0.0730245856104736,0.1511300903503147,0.0467330198249577,0.1991532053154512,0.8017365252550492,0.3502660218599165,0.14677065002029954,0.8061585265166245,0.4443050736347873,0.0198792238727593,0.0883517275354892,0.7952105227088123,0.7023048871676999,0.388365603951855,0.3897847726273953,0.17644769036085828,0.3253598127767839,0.3674823442581795,0.1349605911636821,0.6431717837781576,0.1450085603434577,0.7759318020207742,0.14320621882982607,0.0324728778306589,0.0294317626826464,0.0374482506768715,0.3101925022295826,0.4027725563240925,0.384454002874681,0.20958242347428505,0.4057488687103319,0.31313040384382845,0.8111672100994254,0.0895819655909384,0.0660243203688481,0.2366364786793927,0.2101708384022058,0.3891201243111413,0.4905929055088779,0.19849236347358412,0.1653820654699568,0.18260700425390416,0.6777895142908043,0.6904713834836902,0.0931327390676433,0.11420481531360863,0.4439100550791875,0.192035139874015,0.26816152157861983,0.6036176268142781,0.6110542669235894,0.5591405470386561,0.1452001676312234,0.2641380282613739,0.3573715534972208,0.3025275946869934,0.2762174432324318,0.2721831829140997,0.0629442717546048
TARGET-20-PASRLS-09A,0.1528993470874312,0.8164978049317727,0.633395043271846,0.3187167341834426,0.3243863415845385,0.517048939115541,0.1533452335278264,0.268977688112862,0.16240407885124872,0.4989263937317624,0.4205638852330495,0.8911802174504029,0.2173314399670862,0.3825809932644671,0.1834103449152931,0.4081205176058579,0.2883658302832022,0.401409448995028,0.3475749895096862,0.2903429699716827,0.18935961967946402,0.26717942670293354,0.3350701785678134,0.7289351250282037,0.322549155182398,0.30976190803674364,0.4367775473389232,0.5795090084013208,0.501214574840147,0.2910593773950491,0.8289864709305229,0.36291890192426157,0.3933337290095067,0.7519744524073059,0.23821714229595528,0.952574921382999,0.2810606837037127,0.4573415719000434,0.5991537272923977,0.33581804263177895,0.6110421355438957,0.2752871331859886,0.16770287491352057,0.1968641196281466,0.5603545916552454,0.7500881332150673,0.4032539083760391,0.6306620043211381,0.5975027359995924,0.3852421313238927,0.7486451028619729,0.2928320889661053,0.5334003746013618,0.3462171667686029,0.6274928862614927,0.8191466873141174,0.30138544062163686,0.2629363482147339,0.7103796607054448,0.3977156248991861,0.7787356754317845,0.6558074690730354,0.187172037956687,0.3034393243720842,0.21422810426177738,0.9345429557750088,0.29944380609026,0.4993907497116145,0.26071383008968596,0.7247267622786683,0.93893367008158,0.4060659266526691,0.7030411544578444,0.6178491818831577,0.2070443736665148,0.9853798240632816,0.560744182018724,0.2928172184988892,0.6310598270934766,0.4371060321510902,0.2494584326757822,0.5038166127136847,0.2296731960461073,0.5573577579711466,0.7168482331436521,0.28739225497498655,0.5826234174623798,1.0,0.4456145313256519,0.402135232416059,0.8097922850995114,0.5020390073917745,0.4223332888664167,0.48539509435961326,0.2555245783015671,0.4649750875905021,0.6212542669865242,0.30756785022243227,0.7548428008435981,0.258708239315211
TARGET-20-PASXNR-04A,0.513442100785751,0.2763357619771683,0.74203096970917,0.2561997584153279,0.26412603470482454,0.3500127250049499,0.3647343221878432,0.5492717807772978,0.1609867367224715,0.3620679427623071,0.0890738163793042,0.8844689020824161,0.5261833922258714,0.307536905144859,0.4574241884670135,0.2593716801038312,0.25470804075867814,0.4761432644193569,0.2483548058155082,0.1845208478359791,0.19281033285304128,0.22929249443818836,0.1835988886639641,0.565543305815285,0.3458866991927191,0.2496974459309185,0.2400490437955878,0.748039748901864,0.6308522208189319,0.3898806186145559,0.4965909709254182,0.26795320118073673,0.5819403478248548,0.296023084739579,0.0486132749668904,0.7384336803042053,0.1037251846114122,0.3325107535063895,0.5007482617661823,0.3728928549420668,0.6682985593518984,0.2976190390749127,0.308138559073133,0.0421833661520258,0.5642404869515332,0.5122986215537871,0.4846388917369746,0.0724028068752692,0.5017903582358456,0.3632722080259645,0.3140390315289371,0.1535973447418157,0.5538986912331028,0.2365665782262983,0.7465287021327563,0.7190749953838198,0.6042543790187733,0.3997299150338742,0.4155650549351781,0.0852211355791695,0.8247095781695724,0.5138751327658013,0.6204353157787037,0.2658980835439659,0.14490632336299572,0.399974405125205,0.1178793759564934,0.5864425923841364,0.1395068463384216,0.7729227999892493,0.4231691384719295,0.4825133409149709,0.34318534452118415,0.764039462314243,0.3042837362190436,0.2892823983178941,0.475062755279181,0.1953555398246422,0.7550570569188115,0.141530584411423,0.1683697297404117,0.9036016195407864,0.2030445796726534,0.5734983389347657,0.7685029006542314,0.1544427739072233,0.8055913430114227,0.1413347476196346,0.4486605444446754,0.3009833157042161,0.5844018655756573,0.2262645605400658,0.3070579381803855,0.6186780067076013,0.5497770453460326,0.1228100068640037,0.4400777901064264,0.6782027179896956,0.4797231136959519,0.3480089797213651
TARGET-20-PASTTW-09A,0.2813436745074441,0.1652680630233789,0.4099097753857383,0.0442935132678687,0.32174207020942897,0.1525750287777998,0.3823034787246875,0.1966601198098443,0.14993995496997448,0.0659196321042654,0.2521881654526394,0.8157946271454828,0.7945157684630066,0.2217843321059047,0.1835782969633942,0.3765349780453705,0.18371416635498666,0.3770818159671312,0.14665822480431445,0.1647666773359414,0.0219133547356622,0.0779752155768428,0.17626230625201128,0.6470721594833901,0.0134858626784317,0.1270208294870177,0.031304552476234,0.3315794053364065,0.7790253472704303,0.4944524094950133,0.384185798153767,0.1240663069350754,0.1385329651958651,0.26701856345002717,0.16897548217067537,0.8270115016341313,0.0346941895699046,0.0216203220371162,0.4685173191215246,0.1072262417939049,0.2683932843601188,0.0797773400870317,0.0218342563729792,0.0735110234660286,0.280704245809918,0.3842817425141048,0.4920733258067509,0.2343299433739681,0.468126877083852,0.395352877473597,0.3023732209985433,0.0464508135823752,0.403483562321741,0.0481153733867096,0.4701763697253379,0.6038818876943878,0.11878764251384287,0.1800989382655979,0.3161786025372517,0.0905680276825271,0.6811620004538457,0.1935210304031875,0.34238351625363395,0.0674397883326953,0.1753980765396639,0.6937476842492853,0.0956123745578361,0.3717330393094843,0.0929904649364399,0.794664673917167,0.0860685446607422,0.1269142508547907,0.1423031992507035,0.7787001898116124,0.0981959031283549,0.0733707571371323,0.3653697446363953,0.2204132926518125,0.7441293124746007,0.1336932718783265,0.1845158039105905,0.0947805893577258,0.17283775370359847,0.379857643828461,0.8038899700095163,0.1860694333308057,0.5804863885053504,0.16866260386051116,0.35444444205535,0.1062564227285916,0.6217342449633501,0.1057329906122623,0.3590665391932017,0.2283998117388899,0.4329376091745706,0.1574278165809265,0.6291250442564094,0.1723177912596564,0.21315947212598169,0.0840022154490615
TARGET-20-PATDNN-04A,1.0,0.6137062002120433,0.6847810838263311,0.11415324928540883,0.32677640974379424,0.4099403769126574,0.6681121839251454,0.6917419630120375,0.4070194760578698,0.3643604425017385,0.3417087729265644,0.4731007249600405,0.7624427431380529,0.6272367036587813,0.1825456192581486,0.5735502581441337,0.3238273982249647,0.3514160323830835,0.35592825758657093,0.4554004960972672,0.1340870167648765,0.12704978509409734,0.2518496006372075,0.3844630055787316,0.6639001938781448,0.13029114536162162,0.28979918381671155,0.8366123600299962,0.7805481011566242,0.162625251760885,0.5336480487503918,0.4155310899671433,0.2917419242913884,0.5652083582539236,0.2710624630884384,0.7651683451352063,0.3581652307411068,0.6854375746258586,0.4253792638040887,0.47585152224847554,0.5323157401927769,0.19738640719963893,0.2289795515516018,0.23527840384490714,0.1683735979255325,0.9766486826503205,0.5077048535470745,0.1481855283703229,0.4234533874131798,0.4971727913925858,0.6802970213964477,0.6600719641013478,0.3076223183856115,0.3445848549860425,0.6622820324303528,0.5013088357070187,1.0,0.3518298222995242,0.8552963081590093,0.2989359474667949,0.5189178820674636,0.93982260225293,0.861571860014569,0.36372773020399585,0.19839891907904497,0.2899923908028908,0.28290544769977694,0.68941597508325,0.30040180426054097,0.8174777580298521,0.3242058878724015,0.682916710792117,0.3206883361114841,0.3197784188112527,0.4231386169702101,0.3537144548755376,0.4237920741418233,0.14694233746448085,0.7210180208932564,0.3608746134717322,0.2532449753155756,0.441747250829452,0.2659381638619286,0.6454993724431964,0.8537062891434561,0.7672544840295807,0.4863322763456298,0.1942491515494173,0.1326430910166507,0.18972257416404467,0.4491795585207137,0.5072069512918745,0.5181311739962953,0.7308007860380523,0.71048208671755,0.2307217137943634,0.2202100297140758,0.4356727435505288,0.6107579836737566,0.20229466149939784
TARGET-20-PALHVV-09A,0.3474397341120736,0.3581133544980718,0.3184604806699221,0.1397881514484173,0.4253196451637224,0.5008231838313805,0.3681503138780149,0.19613312373098435,0.21935627895489612,0.3999872561282119,0.20597654005844296,0.569035705792942,0.6994986105232117,0.3808057237562769,0.1662061388951609,0.13085966427310788,0.24866846354264008,0.3017372643832509,0.2093727615238107,0.4366912348714147,0.3043278879616864,0.2460859489370364,0.17991458106032363,0.7613206882095929,0.1414402111552856,0.2123122476455098,0.1915692506485702,0.435707463694823,0.5708946443579813,0.5628764102515749,0.44674786184263554,0.2598420598019158,0.3558914121363303,0.283598296847042,0.0995051849008147,0.2598054330215528,0.3638739037790239,0.1323062801991979,0.909063583026569,0.36357187737912905,0.3670678637713101,0.15367548469929204,0.20979010965653958,0.5441332177659948,0.5235961105378755,0.6775072862968252,0.5004709876713427,0.5103124572650183,0.9115087920366238,0.3882566860363103,0.6693714972598135,0.5368005632771665,0.7925342002830902,0.18727266811615195,0.3923872770916007,0.5170127331136393,0.2410604829870343,0.2591563416442467,0.4205045596564511,0.30035649036682494,0.5595517538259993,0.3340215761585886,0.7850140139475719,0.22465243673638532,0.195184773420887,0.2032791011662026,0.1313351061508534,0.3510135086003861,0.25053682347828937,0.2595133681986276,0.21132200414145758,0.4715155605012122,0.2817451295836666,0.67562413131082,0.3126935074166233,0.2830109745130991,0.1074449301299809,0.1922431934461807,0.1820742164121324,0.7892141776949979,0.1347706239437209,0.36293541883089936,0.22343744240225508,0.7340281222602567,0.6404223810145772,0.2887305329441913,0.2528608469641548,0.28695580193053327,0.4127881567754696,0.29411778676137545,0.6026164915325714,0.7745684987133732,0.2772743370985072,0.459781188500335,0.6566906869114074,0.2083566564101489,0.8019152131233263,0.2903146946921765,0.1773805859848104,0.0532210387221991
TARGET-20-PARMMN-09A,0.214880980876983,0.2819649050005142,0.375174118019064,0.1100639011315136,0.3087808475820534,0.3751996691800789,0.3363788179163209,0.1303122345310431,0.0761090172921304,0.1711733269314478,0.1627201678620689,0.8270810182729047,0.4125854352015197,0.1321184365337416,0.5323920456507992,0.1995468143638462,0.23234494204895859,0.1386205528888709,0.19671330841448514,0.306568734943183,0.10867973752905383,0.8774214107208976,0.0623597389146921,0.7556054213741363,0.2165847977690936,0.1671666303026243,0.22268961770597157,0.6474483960246404,0.5678625815539741,0.7190046899904664,0.6715704263982917,0.26241660593212085,0.0982553596211422,0.19348862018435664,0.078346617503112,0.5038352659375297,0.0900903063973052,0.1834163607621628,0.7271310085155926,0.3351180630967857,0.7363364165635553,0.0486150542313685,0.46107399064077,0.15625117393291288,0.3148553542510323,0.2537071075819217,0.3652746919069498,0.1166865433417487,0.7302302165813019,0.2860889222047751,0.5363566215308044,0.1812249362495323,0.7928839607370949,0.2577086352361949,0.3550561810159489,0.5037749430411492,0.16533963288739043,0.2663430632023632,0.4126727642192939,0.1373449477935704,0.396067780232697,0.3928688773049921,0.7063511634626369,0.090312829170045,0.0483251364248836,0.2778606855148376,0.145072224249801,0.3499215303851344,0.0659540605425504,0.4023104512139714,0.18208126988487736,0.1949928584240725,0.24188994942632247,0.3698512158856207,0.5979441616455669,0.1823172551395627,0.3084796150589465,0.3525656560501104,0.3724715074421982,0.1229261125153198,0.22793593883058444,0.4566802665646284,0.0959925254713374,0.6893337047496032,0.5629601215602201,0.12832007497410441,0.3455316892974983,0.1227560188525109,0.3650214362389373,0.1422946066610801,0.720739562471308,0.3566847330329086,0.1693763253376924,0.2963321532534029,0.4930278967828981,0.4813744016260356,0.743736803894808,0.3318623897854857,0.4035877316504231,0.0419042321065252
TARGET-20-PANLXK-09A,0.357308912730232,0.27530050447506166,0.3660881225649622,0.1049720803861209,0.1715551223001884,0.1021098947853971,0.5541825404524756,0.1857303128337753,0.0723471363265161,0.3152460414496178,0.1988589068763913,0.2671577284315234,0.6853140357781955,0.3977765740282419,0.2693416855021185,0.1509868189176899,0.20696215227121573,0.21820835897829768,0.19560677272593596,0.3773445478571635,0.1007002647971041,0.0992601812455667,0.08591078773828416,0.805553248960081,0.0619727083834122,0.20783373942234135,0.1438564182316351,0.7268428879183157,0.5315536603095294,0.9278164409069352,0.4396337892419718,0.1579327998228835,0.26755945749349125,0.2665928239897131,0.18972369112221785,0.2233723782180803,0.5383553838741345,0.4579635060437939,0.8404797512705824,0.3931939331617656,0.576862450640723,0.0249048815937689,0.1003367775007371,0.3571863811954754,0.369419702331145,0.0815269097814232,0.558640545484177,0.3251261151083763,0.8426990824056992,0.450842189870966,0.261818499972098,0.1854787062614695,0.7950015254844233,0.26519949156502265,0.4128218044433477,0.615869560748991,0.2180923213572779,0.2679450371516566,0.4629232134608751,0.0703600914651279,0.6245256058235185,0.2456816727385607,0.8728678477468916,0.0858488888237715,0.2047910331588217,0.1089623542362418,0.2269189946530043,0.3654690348868462,0.2447031507155014,0.2928059434050285,0.2039755603536167,0.4785324216560844,0.124375399995768,0.7000093832405592,0.3040487198408823,0.1816161062387094,0.1767159241059014,0.20716895138822672,0.3296773814496042,0.4560811994024313,0.0543605054129058,0.346511240504441,0.0912478517485667,0.6835453508516051,0.6985013638032344,0.3774993557658471,0.2626429427651156,0.1166884916768105,0.3389123259218464,0.25419584104692416,0.6731897940661757,0.7961209626300053,0.5867313218247183,0.2014553377881122,0.5835239328474745,0.1204942341751246,0.6845584984633575,0.3186476740768001,0.1873690466677108,0.1349513890470823
TARGET-20-PASPFE-09A,0.4094827735785122,0.2901913565897003,0.4090956772038338,0.21271120186681622,0.4359837413027495,0.099090248569724,0.4451216503995363,0.1668618371927898,0.18182545805262337,0.32268140623666997,0.2535745573364819,0.4021310644067467,0.8291232954294805,0.2939056539164038,0.1408991515689312,0.1789144184558707,0.22470146461597043,0.3083700149044083,0.1451604729587268,0.4744385386584179,0.7526917929603909,0.20460894561396145,0.0829354186154967,0.6723908531506317,0.3898483965680143,0.1198157241241837,0.108109676860044,0.4244357752157162,0.5824457716742708,0.4289104900814494,0.271463168362281,0.29118493898401754,0.2736730929841814,0.1861261311440075,0.16742193634239144,0.5750075495186535,0.1198157241241837,0.0746653711410572,0.8223473372463568,0.2068312209457013,0.2644267138243608,0.0348445614745183,0.13870757729725,0.0885088942685317,0.2949398731271049,0.7609417734112537,0.7623634770840064,0.2777876298898125,0.8194581101441281,0.4315837913162521,0.3121425677247652,0.0491395979151988,0.8067289759510156,0.26911449334733395,0.3575483436239437,0.6597855153725118,0.22076138822665933,0.3936281101266196,0.3309053462835886,0.0984412041140875,0.7932986604591399,0.364942851978895,0.9976099705302556,0.14978716817962096,0.1610813801944841,0.4557125019906811,0.1506275037755603,0.3415403129853511,0.3083048169037188,0.5755393895773908,0.23560110543062704,0.7066720374782007,0.1740143294700364,0.7207476991143109,0.1284411536615223,0.3275129696504956,0.2092240753335474,0.15235601303588964,0.4577668231125829,0.5074113608151122,0.076056092277098,0.341540228594212,0.21265674642025933,0.8585100515260128,0.6615311114109153,0.4396663309066627,0.1150204016159357,0.2965477479547967,0.2147566754228486,0.27721369782074706,0.5985874375722064,0.6567840004011531,0.5394049277596643,0.1513958969486868,0.2189210194512458,0.2345323646476408,0.640349913446806,0.286276028411422,0.1818280730540024,0.1584117654533797
TARGET-20-PASPTM-09A,0.4426096017107528,0.3841942637886449,0.3968831350045231,0.2974452459145462,0.2522644283023355,0.90461503370755,0.3088727454916593,0.2150383316318171,0.1063833521262319,0.3841799831536465,0.6072694154110284,0.5336615690957928,0.7612136229190223,0.0995243747382409,0.1930545719593107,0.1028888602329716,0.30205745559743985,0.1888789005958651,0.1179082964749757,0.6384819393771081,0.14770114034093879,0.2418811821206395,0.1716888031429286,0.5851980514753683,0.0489482992235229,0.2277746603217453,0.3491884986184763,0.7772354820040825,0.6955589257957865,0.4614635521131868,0.5588904476857542,0.2781517705447648,0.24113146041932004,0.1956181527900254,0.1468317550225199,0.4816990344657382,0.1259260614525846,0.2676153809514678,0.6550695338747552,0.3266896069043343,0.2741614211871845,0.1898336555137538,0.1971655274781065,0.1274108294303979,0.0998745892336605,0.2047566589758215,0.2642013395979509,0.158992483880727,0.6562976227369806,0.36076843193713,0.8496698021042615,0.934285612923703,0.570577779130403,0.2767886156154931,0.5806981348983402,0.7336249618668096,0.27100201999507106,0.24953407907441202,0.262296983662762,0.2574023023674922,0.4848392502923228,0.461124556084529,0.484300384681688,0.21465208549255976,0.0675477123177645,0.7113245595870231,0.0778971200740517,0.2394114420875279,0.2293574235334823,0.3824321748369675,0.34178721278077073,0.2061048648928272,0.2887077288637471,0.4398269672232261,0.0538603908584301,0.2484183044488572,0.0371835318053841,0.0502431618849806,0.4255616161011995,0.4274796156532509,0.2456571275058877,0.3440157117930333,0.2499099637241324,0.8115870938233812,0.6250920388849691,0.1621160751808744,0.4163983975292417,0.4268881093238407,0.4868384654478666,0.2220935509591092,0.5698899168494551,0.4465336764658729,0.2227046186846055,0.8248069521141828,0.4750936986699404,0.0397434874978072,0.6259286883246296,0.2171401201552713,0.6671193863521183,0.17877758794492493
TARGET-20-PARANT-09A,0.2732384642303396,0.25493188960805047,0.4770931062596645,0.5416025414263441,0.3488667984752512,0.1109723089768356,0.4697330308155778,0.1696393471237036,0.1471218899830921,0.33672897692765696,0.4137191728591757,0.6870708610101381,0.7576599016974681,0.3244551464809575,0.7314969164224819,0.1100972704963677,0.20593931720315772,0.3783580879663005,0.17023038686893308,0.3997082447079225,0.2276940350899426,0.2018510504549126,0.15864573565937612,0.7685115529695603,0.09585322651925325,0.1741483022366901,0.23531229543065962,0.5831323336283665,0.4886437702934018,0.3477487334801943,0.1779223122420163,0.2729355747106215,0.102664580189801,0.25772979209515484,0.2335929826625399,0.4281786635427179,0.24373259002849,0.0586607837812305,0.9203281223001664,0.16712018694962089,0.1939724529328513,0.2258091665375239,0.439790316728723,0.0382824272791726,0.4821782245020004,0.7182113418056045,0.6815100836900219,0.2865576561877854,0.92108632824046,0.5013133304550441,0.3504822601832483,0.0550320008432097,0.8221912294279244,0.2183528847530299,0.1690642019008188,0.8520754109126013,0.18176909036635835,0.17489882440753746,0.1138258096134932,0.15029523391039443,0.7503005630720834,0.0543610924855869,0.7265846452717866,0.094365627770811,0.2447484828319459,0.0781932622535976,0.1077271142568977,0.3931447600109017,0.1784337809668332,0.5019826287908226,0.2637826182494964,0.4279233438792269,0.2529242323040488,0.9226398774916832,0.2602631149926336,0.102664580189801,0.071969522502262,0.3891470112658475,0.2886944006306789,0.2376212785945149,0.16700286972783993,0.2571610010908398,0.1003002010971528,0.5704490363890552,0.5635186323207327,0.1411415204386239,0.7578076451264999,0.23096391923240991,0.4534473447783715,0.482203395572818,0.6009771264040167,0.5472754829160777,0.2625699547092386,0.1189440545268896,0.4678522696077191,0.0769243715944603,0.5901568127879278,0.0897381508482734,0.5346896580497494,0.2601858060417519
TARGET-20-PARCUK-09A,0.5043017891252941,0.1904365009514257,0.4133934105753082,0.20267507798422368,0.4128165709580018,0.1299382628833161,0.3768663267866809,0.114504731005684,0.21997543244460457,0.37840570738251805,0.1942614148124785,0.7965805428822899,0.787483075341509,0.251346266567614,0.9975797900461,0.1601072756223208,0.25764553969396686,0.4691290290277331,0.15703230943967694,0.2918786463923337,0.1301573953896,0.460709540711275,0.2453433795529339,0.7357811127975407,0.0801011429778895,0.285388216649293,0.5104638846873827,0.6427014797853263,0.7209064495135468,0.6499305978360146,0.3033788804259013,0.3121860724537569,0.3024321555197736,0.21012801447434978,0.1535847763615116,0.6020502222388834,0.4155932966157056,0.3241835245819319,0.7871854868102024,0.2149223053084291,0.6164748162260394,0.12676925422187466,0.9484015203151324,0.0838057357873982,0.2263473547984139,0.8518898477417911,0.5313172952214529,0.2474111714419731,0.7847394433257522,0.4669771027024623,0.2748863815927758,0.2285897657680516,0.7666922897936089,0.5126554038228784,0.3808533185449113,0.6975082584493584,0.23843364114644594,0.2438833678753831,0.3188889418192028,0.0927615132851944,0.7021585519726556,0.432370787847545,0.7378103060087944,0.286093124644566,0.4614114119370282,0.2439290906799204,0.1274742626730305,0.4041314103521249,0.4448770305510405,0.5660577935883326,0.1444456171897603,0.3565799094934729,0.3024291272190423,0.3622227777898241,0.0482901556190041,0.2247475223910769,0.4104487514079004,0.1414195533245376,0.609514076965483,0.3894055357705699,0.2986369588199881,0.3143050090322366,0.6889349749056717,0.7019447602299763,0.7049957127653795,0.1670137678389731,0.4673958839228391,0.18270491950495224,0.4122285864897054,0.3499657283241566,0.7284720279091477,0.5708037704476175,0.6676900041344114,0.3606088045123702,0.6572583563716526,0.4133088945427501,0.708386803806599,1.0,0.0943269434310992,0.1041781959220788
TARGET-20-PASLTF-09A,0.3001739592320995,0.1063889815591844,0.499453435322051,0.0219862021395813,0.2136643359337921,0.3413222346093722,0.5934358804911337,0.2369271432203785,0.1151740258654592,0.2026514288771939,0.2804279371083931,0.6868645684906518,0.5374822647476942,0.0901546657747165,0.1650598366255338,0.1892643773639034,0.0652067771064705,0.1360790529730149,0.15444861456608483,0.3201873838474802,0.0210914785073768,0.2367363803873887,0.0231143202938864,0.8098349946130872,0.1921526643239396,0.1363315891913802,0.169032624530533,0.5135194060464519,0.7011155624193306,0.7387288225978844,0.2052625121240517,0.22999069260037527,0.0979240485850906,0.0979816426534345,0.14894430626493563,0.2869348601105255,0.2113591710503406,0.2652243591079523,0.8784167732434289,0.0962942844213454,0.3389414699102085,0.0954906813409105,0.0671233001643059,0.0761862852597987,0.5442986683579314,0.1884145075171598,0.3569868499193565,0.1762523997088843,0.8807048857506174,0.4815625512913788,0.4149141164281054,0.1640583999931223,0.6925591433429953,0.0238832787750217,0.3590188819246889,0.3821842611856091,0.1787996715963029,0.0812493517362768,0.3323881896626973,0.2193982478914052,0.5984538777019544,0.2675331397090371,0.5404414916258644,0.0734455640528507,0.1606263117950512,0.2640864717365885,0.16889626999565396,0.3884996823871202,0.1867465815043655,0.2069510534447788,0.21592546144809563,0.4393932088092893,0.2722506365113536,0.2833953773105905,0.1603893622376257,0.1789746102074814,0.0905539084628493,0.0425552341707981,0.2200807644550178,0.0860631556771996,0.2330123389861869,0.5725930091814141,0.0355806810320175,0.6208450602779166,0.6290646558518793,0.0270639043157526,0.4022189920797406,0.099829505158448,0.2712773988529369,0.18327995545074882,0.5654688969509787,0.5720854893687922,0.5406695612237757,0.0925751609121665,0.198421326651513,0.0514605189581205,0.5354910859998331,0.2102006523720958,0.3376551554231515,0.0975942415528339
TARGET-20-PARIAP-09A,0.4667925124739374,0.4655189905642266,0.5876134497974934,0.25175708730829427,0.5528818442452617,0.5190107339013571,0.3724358654242503,0.6775653810409309,0.2331578190249331,0.3831636043314625,0.1290060111910262,0.8523126750424956,0.665369337798992,0.2850360151495643,0.1656203518329563,0.2674875404310483,0.245635132065865,0.2288600414727659,0.19442100480382993,0.1902945908594926,0.17774573140178737,0.5298292933089048,0.2724969538511174,0.677597473542662,0.107278803157043,0.23316116901263856,0.4124534583517321,0.5621333973779279,0.9515907779695928,0.8704550864124818,0.6813143654857442,0.32071760762173085,0.3010025115531843,0.2913054531398378,0.1986919985282675,1.0,0.2759891022407877,0.369016699455013,0.3354628751265793,0.385878282670708,0.6753345563638922,0.2035392626928845,0.1965043881729147,0.1122403338919788,0.6870270481093432,0.7578644943940259,0.2394153984822364,0.4133441498329488,0.3334018276984931,0.4302084041061091,0.5246870234822556,0.1782605167847255,0.5855677628514029,0.1973926506802968,0.7190582189303271,0.5357882117134593,0.2573729017664287,0.29023855443259505,0.4358709049780693,0.2267540403861349,0.6167026827989073,0.5002420272651368,0.6038356981486825,0.23883051233683122,0.24908643732424732,0.4270961694625797,0.1707252334297408,0.5258312205625109,0.38635159642985356,0.959407874764228,0.21979418087938069,0.3980044548952977,0.30054914402938165,0.8414468160531705,0.2532762626922983,0.3010025115531843,0.0814942470425301,0.3150030826453913,1.0,0.2919379448456145,0.4442702186596103,0.3120487161898329,0.31773219970887323,0.5673001287906814,0.8418404146139251,0.3704757139584184,0.5056154778402681,0.3760595872362478,0.4575599860031402,0.2208881655372799,0.659676081486537,0.4050818663514676,0.602248228955295,0.5775964103341683,0.4447718645430719,0.1868921078991239,0.7615142639528221,0.4357715398735724,0.2305807094211131,0.1754427027085423
TARGET-20-PARXMP-09A,0.5936735693943002,0.6234210843754265,0.5973591813226058,0.4140093708364015,0.37320652364111545,0.472923353977378,0.1114225500686898,0.7666553988707913,0.365351480151502,0.4106373750877609,0.2021486447857126,0.8523198268163403,0.7195712023260894,0.1708103902393584,0.2925380293632374,0.19615358063883132,0.16717772732957148,0.3064884099620252,0.1892790089650912,0.2672101374466851,0.16466941535226362,0.2505025876054592,0.14584057079797966,0.719678073414356,0.14343308089900117,0.21876173395996623,0.2870047609294367,0.8155399181475014,0.8666747609524078,0.3387168325418149,0.4590200625111126,0.23316105466684917,0.2357103392591549,0.3357329609339203,0.19417310903390386,0.7989824754543383,0.2983513808074466,0.1859231477443334,0.3991891662652282,0.2518570964085411,0.5689851211785552,0.5759072164048294,0.2721663812431769,1.0,0.6123608858143885,0.7251031913517185,0.4513880067367406,0.3411325112171154,0.3978778227974859,0.341131667758064,0.4335661864894087,0.225584782476568,0.4299933988661972,0.2133865772726332,0.655770807104684,0.7642079231416685,0.2365826378792357,0.28604641958441845,0.4011218777169896,0.2160711805998019,0.7790879451846591,0.3384439675854198,0.1403635360009434,0.22946567757418496,0.0637830298553782,0.3703641310913659,0.1336922488924558,0.6113930164991418,0.3166039255077087,0.8105805874384653,0.1521282134475159,0.3374653477012093,0.1726956173625703,0.7892139624240331,0.2689482593265845,0.3253915253148352,0.5478152778069567,0.4361317643252009,0.7517047782522999,0.4097308699718539,0.22204707236333712,0.324842450811522,0.1266979168811776,0.7014510058709876,0.8002412740232354,0.2995515451846258,0.6798251646891637,0.1620223220180166,0.313125759571403,0.2889813152070619,0.7689251068726772,0.430147151106491,0.782155274960502,0.3769887068946537,0.5425189782856804,0.1166504372683976,0.9749780276993572,0.2060322064516374,0.3613132248092369,0.6014772823094843
TARGET-20-PAEFHC-09A,0.2182611923658431,0.24563790122601564,0.3748163082993044,0.1240959647685636,0.20818487816053713,0.0670284040087118,0.5435111533889219,0.1047295046904301,0.0453693159313142,0.1020380636207477,0.0479127453627825,0.4952530101662346,0.5355076731518018,0.1489622362719849,0.0388371468844863,0.1024411059021436,0.19133184778353754,0.19117477049520282,0.17256873625770258,0.3589799095766697,0.1432397095288234,0.0622466451471567,0.1019023229195348,0.6436182742504801,0.0398432749841118,0.14289416273875033,0.0924876607678905,0.4257267534631286,0.4172648466810505,0.4564040737716609,0.4013364624533419,0.0990405903385457,0.2473372314209115,0.2209767132968411,0.13308107307935213,0.1091602692246554,0.1884787296402155,0.0334664458083583,0.7663703539121718,0.22017594286236564,0.2612093802955766,0.0428133337317295,0.16431243537334506,0.0416859841456298,0.347245031265713,0.8542161774872472,0.1804410098719154,0.102761171432958,0.767015295149859,0.2876289111853314,0.144914293580285,0.1329298243049628,0.6137677099728888,0.0384099043672914,0.2902381776982877,0.518391185082352,0.0734625611511118,0.2375645858614801,0.27494629745338,0.084216297339164,0.6608112593081683,0.085016571282695,0.593746767422052,0.18084699877419622,0.0549829538332766,0.0758199616010421,0.0332207904727955,0.3456357059109118,0.1660254951837912,0.0340412389328529,0.1883464783018749,0.1814597854685025,0.1989222885161091,0.4798550616780797,0.18595907244974832,0.1117921293469843,0.18639640257058115,0.0587380063659071,0.3268324350241779,0.1398618042152848,0.1879119102311952,0.3061624858743952,0.16292132924007244,0.4298913713139604,0.62422105199141,0.0830746632414177,0.3344837084784324,0.1964276184042812,0.3183611016574562,0.20908632271997515,0.4705740544168018,0.5222460708117637,0.3792553882738702,0.3317212240044259,0.5811727869429583,0.0169494080085077,0.3437605420216464,0.282207650180573,0.3220954221093344,0.1033557755489091
TARGET-21-PASFJJ-09A,0.3841947597587016,0.2763160868239169,0.3868952527341844,0.3131510578900489,0.1766060905103779,0.3977068107784091,0.2787947484248527,0.0910264078768717,0.1383944747072137,0.5491789816270563,0.2566588758291158,0.2703486167422734,0.6868493441139547,0.1294716070435466,0.1095141292475624,0.1545456933196805,0.1458005792559639,0.0731043669081281,0.1533873151027832,0.176450993947922,0.127524127634119,0.1021826239758497,0.15368794135567956,0.7097328255331656,0.0636770135877359,0.088158721212398,0.5254519326452661,0.6977888125298866,0.6654341179298372,0.3848821621124111,0.4900244443140377,0.1625826962559131,0.2524749774252957,0.20078128145916332,0.4571412850429449,0.7903969628562743,0.17745909551766678,0.1801197315545121,0.5821084945748893,0.3669721758173193,0.6861413623087373,0.06941246195706562,0.0554813397957344,0.0358527355755392,0.30206778032598974,0.1544943236842329,0.4751074669356749,0.2725273922446084,0.5833244730480232,0.4945567065851202,0.3860556570757348,0.0981541567576801,0.6763070994467938,0.438903211733331,0.5346240839076334,0.4725864261811419,0.239512167051625,0.27431999506845184,0.3599121674163436,0.1345934116137089,0.1246099652622227,0.3363008518497909,0.63218104864744,0.15412772150304366,0.0472890192075076,0.6339627314201369,0.1013366358399877,0.5260575552360939,0.2116017983189217,0.8530848009406713,0.2095850716713205,0.4010908168470679,0.2322965190109626,0.3737017517031313,0.1236259836279534,0.1786647543975366,0.0679399094800515,0.1365071189460252,0.8382145814210458,0.2235253505384123,0.23934320427114517,0.2408396234965722,0.1745500810690169,0.7244860166947309,0.5478542029485172,0.1327688665685689,0.0881281205949513,0.1624224088780548,0.2001740913491941,0.1392437328755409,0.6574932103768165,0.3983679904182231,0.610537250486706,0.5492970736201861,0.426383009192217,0.1959263560025341,0.598131778393536,0.1561691934234261,0.3973649953501055,0.0410647326376134
TARGET-20-PANSBH-09A,0.2915293787839317,0.2654112269372379,0.3882392573710791,0.1036022374513616,0.3152203274341226,0.352276270740641,0.321492014435367,0.4177161760240159,0.0713392711775722,0.6279515306249124,0.1303069350783379,0.5461346986992571,0.3171657689284783,0.1750616274244838,0.3888421990178345,0.21458547565563157,0.1400465353765132,0.541967001840546,0.21065426353953823,0.1062071929109686,0.0533362821697357,0.487961334082662,0.21599461676308832,0.5846148703987242,0.1467977040914458,0.2799207498542264,0.0761941046549329,0.6526171965588947,0.6500214228584587,0.6112917850496554,0.5320498161923272,0.2652807795857756,0.25916361200544763,0.131178950185593,0.233570192949344,0.5178249911808244,0.1573525629067286,0.1380328755116309,0.5354264762525922,0.2353291122636743,0.6967130233089146,0.2186229631797364,0.2376725006419905,0.22545354284703933,0.6769550580900406,0.8242183566889473,0.3770166429990969,0.0589442986004387,0.535281410747021,0.3375600008907293,0.2893523297196416,0.1927179428787222,0.6807905448540776,0.5376673135645644,0.6656414733666957,0.5176168465593586,0.3029974744316721,0.0764151283854203,0.3711878138206445,0.1292816604515229,0.4443587398777665,0.5330058494559545,0.4940308434047442,0.22959586124627113,0.0452966039342674,0.2405007158443761,0.2138023747716282,0.701788949320646,0.1621588286486722,0.4740767478397262,0.1080364392752154,0.5504500616159713,0.2285309455395544,0.8637102527404235,0.0361180669003579,0.7688010502579922,0.1361469239132433,0.26871077301904894,0.6490636776125758,0.21470388575596,0.0998835597911014,0.4298693479840049,0.0899766814664656,0.5764936100881808,0.6907734888773952,0.17342865073800753,0.2042353534207285,0.26320573049954854,0.4598285423659662,0.3498545282787832,0.7299927886733573,0.387145411974114,0.4326080889573627,0.1988264276043421,0.5471565492988718,0.1043081995527444,0.4670962623679662,0.1500059504777363,0.3852155881020007,0.343529826044564
TARGET-20-PARDDA-09A,0.3181491630893499,0.37348046415183705,0.4052607848525964,0.1180695693928144,0.8423043743484497,0.2320413555872493,0.6281775992985945,0.174129162100573,0.1514958429667056,0.3407224055641106,0.3051816162753332,0.6115259915900604,0.7799034052170315,0.9270622487332884,0.1187350887902509,0.2606367029441414,0.19165093007391526,0.24266776199600276,0.19223172445683184,0.3915732888097261,0.1132647543861432,0.4873493938319378,0.21695604907492058,0.6336751542350416,0.1634370998335022,0.1897680398082681,0.2827584283145352,0.6780636573143588,0.2249352055241434,0.3001018206628843,0.4766034323468249,0.2820254257278441,0.32250475541888646,0.3283207929137129,0.1970603837968602,0.3023829432507956,0.4204638486678058,0.1117501402602689,0.7094352427644881,0.4947206538670883,0.4381818372955247,0.5608938257981743,0.1128559143554994,0.3526453899341642,0.8238040783068536,0.1748092819160736,0.7299488433649002,0.4557341170600361,0.7070772648846413,0.8372583330481305,0.516660103555858,0.3444087380475728,0.9088366254477146,0.1282571870645528,0.3649569096572486,0.601741965588807,0.18539060587383302,0.2643622911182034,0.5586537994394437,0.20482845894096122,0.1427819504355458,0.1035591295987685,0.8121033074050246,0.1797686880295424,0.32153835172143425,0.1961284745182175,0.1109298554184894,0.3847938624703885,0.3205606130151371,0.1891428217655146,0.21001546206552585,0.5955716964418387,0.4551305649433534,0.9730742395390914,0.0767002087500692,0.2760869148664676,0.19413552906664786,0.3426925714125148,0.3739693830385279,0.2446857902086464,0.1138316042594482,0.2900500111584184,0.192748807950837,0.7313096910096683,0.2796660272534628,0.4130474275601217,0.068685842216177,0.28556508995486357,0.5164827420980003,0.2539373512579875,0.7667945252720239,0.2876277968764327,0.1803370048177037,0.22053239294229846,0.3078292461084568,0.2710776435349329,0.9999999999999998,0.1709532382211443,0.5951026981628358,0.7534586759484384
TARGET-20-PAPZLT-09A,0.4123797228457369,0.2199210179790444,0.418552975648041,0.18264545441104216,0.1385386648740468,0.1277966370336009,0.4275337420268215,0.07244826210938,0.1101486855511271,0.3358913365619093,0.2689330672699291,0.7947920959210566,0.6583586120215004,0.2550163722616806,0.3523989689645895,0.1797246430276776,0.2200418941774963,0.26380987246302745,0.1220815438949562,0.4841630449409953,0.1927051572732107,0.17664728170380964,0.1282724645340073,0.666852429675421,0.1405529125580621,0.069156117427622,0.2121510947720706,0.5960818664000758,0.753238160558545,0.1200113840217521,0.2904433862001178,0.1275380118874967,0.3271046745676875,0.26559572786038327,0.0324116593742043,0.5839825850029324,0.1303830897260518,0.247941995630634,0.8973166219927049,0.3358696959194199,0.5395258584413076,0.0816280821843994,0.1766444776746739,0.10800702436023134,0.4563158746015446,0.9074339489434082,0.7327710936005352,0.4509067233952015,0.8978626937988707,0.5853024955467909,0.1535433772768542,0.2157181009384534,0.7626288291335385,0.0932524635065419,0.3494207366729882,0.5238953590018088,0.21099949299974646,0.28283619864085635,0.365018981563624,0.1522545623354438,0.8448927832712709,0.3730450232983598,0.604696582345901,0.1307051355465673,0.3344242598607843,0.0826425424610509,0.1412363707780287,0.4768329935291554,0.2362205631272698,0.6304368005944465,0.1668095507755947,0.4557455816479072,0.2196902178879829,0.3699472804159638,0.1983712910435852,0.18728828795152969,0.4744756826825891,0.0739381460844476,0.5058431369732841,0.3829874034751019,0.24081755542718988,0.1889266660711374,0.23776892362743002,0.9363503670464716,0.7683350432541465,0.3499993693045526,0.4085429937206143,0.18048026854287236,0.227285819848686,0.2850712665704517,0.5792432376744503,0.5346757632704275,0.7077056607624365,0.3546652962628249,0.6928677373703117,0.13691228093893384,0.732412356121718,0.5239019110405901,0.1089312044622702,0.0173356009571229
TARGET-20-PATAML-09A,0.4116481529151192,0.3548103625178944,0.5394937450253301,0.0524559493449726,0.2748276396806466,0.4418695128438792,0.4384163736818833,0.0827903408742901,0.0673065744670961,0.1513761533889013,0.223559224884532,0.7556470364597216,0.4897122806434844,0.2491837306593266,0.0797012442358801,0.1820250121081406,0.0709084489521587,0.2200714828036708,0.0745981714090446,0.2404530392808358,0.2279633954031249,0.1726969772371415,0.1031333658009533,0.488725699112411,0.2232901440076926,0.0796708475819554,0.0718869718495697,0.4490829524871411,0.3649818033271242,0.562512402096709,0.4401887584277131,0.24023127082402151,0.0868915657358713,0.1237636106094374,0.2953211591541482,0.6549975138384495,0.2541002312771608,0.165383105430835,0.7208079491232215,0.553708304068492,0.4730715809382706,0.613711863015177,0.22409979757819656,0.29802852647280026,0.2840634969661806,0.3812615302729919,0.1734188563804899,0.185249445924805,0.7266161713540007,0.3524029619581037,0.562048250753497,0.3413737197866396,0.5132857835064554,0.2581380589800333,0.8157466411005555,0.6828859999192571,0.2489902357809191,0.2853084113250387,0.359147314123291,0.1728279294777806,0.2266751460807299,0.5522669589075481,0.4384876052297395,0.0798676343242745,0.1423576322110299,0.3721172644965245,0.0921676996811171,0.5194795289823635,0.1668980353498789,0.4557488441170297,0.2372814679740584,0.2403160506857466,0.2163934757361613,0.9026863426161972,0.2191127916482478,0.0868915657358713,0.0439954723520455,0.125796103231477,0.5876721047099409,0.29322751409689357,0.2291042712431228,0.3440073122185147,0.1843718015219454,0.6784505634886839,0.5561498202042101,0.1207559429959427,0.269677192790362,0.1085585837019484,0.4831579985529374,0.4191757081153441,0.5457334385280106,0.2468966449601792,0.2543235461574357,0.2657976366354559,0.7536643950493452,0.2427145613335257,0.4221772689145959,0.1420390088893479,0.1757445491110441,0.5844121274645543
TARGET-20-PANKKE-09A,0.3603381052049075,0.3634955790487172,0.3901253572009928,0.2300050295063861,0.2374610865317142,0.1964329085621042,0.3340080307196473,0.1653382302732478,0.1926270799192343,0.31947038193738614,0.1723295101298791,0.6754879512166212,0.6905587182920132,0.4255285952632837,0.19828055310184872,0.13513969434363193,0.1054995492397584,0.2467428743901969,0.110989220241925,0.418505407439648,0.4213197115616576,0.4273201862020432,0.0744416325120765,0.8562645165895035,0.1677008308833321,0.20192001843362015,0.1944484192443201,0.6967042487363062,0.6169322221325667,0.7611962300935404,0.2172117884857995,0.2698834536377448,0.1292796719338222,0.24345420778811677,0.0555549445946495,0.2694504636787702,0.1185364879877252,0.2297455199479372,0.8989718325849481,0.2951687499427857,0.39726322237876,0.15466721178855636,0.22182998357390982,0.7027088534204685,0.3999975621748424,0.0959101117206555,0.5540789811502322,0.3403527780064267,0.8998469628940682,0.2952229981077716,0.4508075669292817,0.2383974052502671,0.7983261248573751,0.2128166616545525,0.2401743652519889,0.577015996866816,0.20850933812980812,0.1072656787487119,0.311520621499413,0.18684080235487163,0.8306266146817705,0.3377269725919584,0.8054850663533561,0.2160354629436452,0.4297566757294515,0.2795504443775845,0.19873634573649002,0.4100752186299924,0.5405069832449562,0.3435861272889455,0.24152879350363904,0.6694127430672723,0.3379802347784688,0.687650966316552,0.4593449061957442,0.1292796719338222,0.1589827225510126,0.22927090163087263,0.2693380783099281,0.274653502614132,0.1997205639166314,0.5887302107144485,0.1263023436979337,0.7660926336016189,0.6301334661438802,0.0960699583467855,0.404412328877753,0.2723119503174032,0.2691580828469309,0.22996521370468653,0.6122676467511878,0.7582443173204583,0.5494405691574,0.1497794888878585,0.5017636264212256,0.0680148928290459,0.7017923883262862,0.2054415725320915,0.2485979931462458,0.1081487556548349
TARGET-20-PARURW-09A,0.1920091354369892,0.3109182926069928,0.255117701470248,0.23823505820353896,0.2262923356522001,0.0938696883997411,0.570902653063478,0.0904799447706491,0.1683123643829802,0.29871034598563134,0.2432558233627137,0.470042156180939,0.5958684061999349,0.4472829505512031,0.2303244744220386,0.212594733006236,0.21655832935183175,0.0936715029827558,0.1827181336389987,0.4173992386686908,0.1302196367136813,0.6559644079488985,0.17178525782378593,0.8159522322248678,0.0626342516640711,0.2855154920837444,0.22498913745249652,0.55557453047348,0.2682988881362154,0.62765246218041,0.0824605563314523,0.27560735839830647,0.22898582378303892,0.4435302153509132,0.1948555336604395,0.4076527571763333,0.20746952254883796,0.14302659169522122,0.8754116037873625,0.22683080515306003,0.2532387017764597,0.1368707788312579,0.0710904246348873,0.2630394838287997,0.39373866219784903,0.1705503634757253,0.6635994026289334,0.3285191864705837,0.8747410522145502,0.5305612005242135,0.5045892708049986,0.1062652459349308,0.829880426913981,0.2042061057306866,0.3317724006447777,0.915262364619946,0.1545223608041756,0.17343144561870769,0.3348508028606871,0.2345809703976656,0.3269670549883265,0.1190611528522105,0.5998972707086789,0.1132402536549384,0.2524553489937535,0.2068418770175079,0.2564695817544275,0.2624390422565779,0.414316263380978,0.4507295917874863,0.21522764772956626,0.3510949645870396,0.1640592212307733,0.6015432083617582,0.4487750324760731,0.21736838591952085,0.1227657152490096,0.1877806743262067,0.2966253207864369,0.3895792001191716,0.19414102979899941,0.3085972899413298,0.2196765559320168,0.7120353298082475,0.382068448984795,0.0915514014436221,0.2868597997744831,0.25291783243713284,0.541109976375876,0.27132361329124793,0.6559129593288213,0.705461295209566,0.0650054091031329,0.1427347565374654,0.286060279845502,0.2715613242289652,0.8207192114253896,0.1076872077751057,0.2962525357202961,0.1952909728701565
TARGET-20-PARWXS-09A,0.1359204679509365,0.3623684801712201,0.3068114880879067,0.23815181144231318,0.26851118202317964,0.2850754818772959,0.3025819916081305,0.0656432262131149,0.11156146191128463,0.4081905757469355,0.4556910832132632,0.6066250458307908,0.9436676566527518,0.0933677840042998,0.0813990283050273,0.4589234192766306,0.1912068707991492,0.3048846378420141,0.18440865749872556,0.5691700766023522,0.15391897295757817,0.21402041025500176,0.2053696105511825,0.4614011605534143,0.3326597269638364,0.21746528277240623,0.2677076043529227,0.2404713330764918,0.7594469784135306,0.6872760973238009,0.4259320757065244,0.2178674014553686,0.1288431693920335,0.1835171884782648,0.19194629755606127,0.8523068532343476,0.2559375949269045,0.2681601219078899,0.7193218062939466,0.0997262190641076,0.3779371299911496,0.08777177993116785,0.17344750303967307,0.0480441185611417,0.3857646642666338,0.9572459293699628,0.149399342543815,0.4370489033383285,0.7167711245962445,0.31736243235087325,0.5053555891464192,0.3151846814500779,0.5156753756323473,0.4478142337406416,0.2317112261224095,0.7594625650907801,0.1616013923941626,0.1944077953459034,0.3280244219930819,0.2080560945589481,0.5672239097079639,0.3369529496091508,0.3974724798076674,0.16236804059467777,0.2308255121270133,0.7655304631901065,0.1835336648029227,0.1670721706951629,0.17532923230594305,0.6993756838805023,0.4703889900179878,0.2392048123111845,0.3424067185962548,0.7425877649157422,0.1572575061214463,0.1288431693920335,0.3166019301874335,0.1183780815423074,0.657510150660638,0.2787403129399677,0.13739841752255644,0.30630586464399967,0.2019685947477146,0.3436334057652191,0.7258980172064068,0.0957455857646105,0.1136408615557351,0.1609711123331173,0.5192446136951406,0.3258301572795203,0.9966735521597048,0.2515125712939143,0.3603121390848346,0.18459817037765106,0.4744837049072449,0.326774346784267,0.6232740420512122,0.1126206112107647,0.2478797175013413,0.0921649521921028
TARGET-20-PAKHBF-09A,0.2800431775384785,0.1529160647238381,0.4645317722874428,0.4310312045012582,0.36615001543709846,0.2020694851144246,0.5797633358964283,0.1310346469509111,0.3369944099797408,0.2974533547699019,0.319225199184313,0.7732882084667307,0.6319377801046024,0.2338443746883639,0.6334603151469135,0.075955670444305,0.1968320214064881,0.2453528618693173,0.17548662737061144,0.3996872704677232,0.1062060788557108,0.4055222498168651,0.15820485835728088,0.7912232475861574,0.2035626309025642,0.17686217393860632,0.1879200309701893,0.7591345769976794,0.3245607390389349,0.6187946817281014,0.3239787507045283,0.1671924585067403,0.183389910456057,0.23427029923978787,0.19083002243056402,0.3309957870052121,0.1681501476038105,0.1843819912754892,0.8402545190998323,0.0765303649445948,0.4870076874698672,0.2632185405043283,0.5579696502949371,0.1804914908484124,0.3519971132921784,0.119701713996512,0.6791545766765836,0.2442159952675353,0.8399115378508064,0.5505956422927285,0.4580638256196956,0.2197541353289869,0.818593620374618,0.1202641810068326,0.405084135220454,0.4254153179587881,0.1840269970296613,0.0820382473715325,0.244570016977265,0.0744853297478829,0.5937863584525793,0.0971053099792989,0.531334860008772,0.1685654779382018,0.1264953217539053,0.1519258493207757,0.1918885182014297,0.3067759518757107,0.1231007581036737,0.3671750252331155,0.24427118947032772,0.271542697448601,0.27692467611512134,0.5602603794376424,0.2075453337496198,0.098874848226743,0.3459353758660402,0.1180522942672163,0.307823288775818,0.4773852565188005,0.1067376025646516,0.4593671242375,0.3727882990712072,0.6688025397908314,0.4417488996321113,0.191123894292498,0.740679118792449,0.22752817398514838,0.2039938472387779,0.1431917575931503,0.6930841035714712,0.6432142325084156,0.2295539087375833,0.2124699625580667,0.1383038593994423,0.2320883165186257,0.6878275489440604,0.0864255815283903,0.3707923396268111,0.306849127350555
TARGET-20-PANKEF-09A,0.2965189471209088,0.2975626955596292,0.4893929003258357,0.10894239115969062,0.32709693851424093,0.5116877647541539,0.6827235842470019,0.2338395185830174,0.19660914564461762,0.38781975338412306,0.1967112590469532,0.3423500856545847,0.3529873916142905,0.5163844958552263,0.14409896523727728,0.5406287905265451,0.489194342927378,0.3193793418100913,0.27695624093657184,0.488403040154692,0.22458377908972796,0.2992751710723147,0.3898180246346288,0.6806624748758046,0.0974858442843189,0.15152226130830282,0.2262925851209485,0.1461035605262579,0.7907702368860889,0.1304387403736287,0.5948594281302836,0.3333222095509102,0.22097628792710275,0.3447874856614597,0.2342419871445069,0.4381479678075167,0.24160156469280164,0.4071596835992394,0.4261443928820247,0.2117121152930682,0.6785420369154461,0.0729358011464818,0.21594232523816595,0.14014755175914734,0.40357280141009955,0.3980056230956919,0.5416318226806982,0.26511447536678256,0.4199410395004268,0.6236439935557765,0.5107167769476735,0.2445795646724579,0.5048057353580192,0.1793736380421675,0.4684132198380901,0.35391993549599426,0.28462677205266934,0.2269490142708362,1.0,0.3457596461322342,0.0106081782462606,0.572510724383766,0.9371860944538976,0.4218738322030799,0.1345285917841872,0.2087117899063301,0.2603256647422441,0.2191180725088717,0.20703485731951538,0.2124549055637112,0.21498655615018114,0.2780784157617801,0.31826535320974797,0.8576524821149474,0.1072688072846093,0.2840995433658281,0.28383979996532016,0.1000647036479101,0.4404214219895557,0.3422044516293438,0.20138746314087702,0.29822139953855015,0.19424897240397246,0.4260445211890398,0.818335204335011,0.2032614961484599,0.0960603431455658,0.2673702917312667,0.3788766383903938,0.21967908221395666,0.5963850973730838,0.41959607887791944,0.2421760828603698,0.2834948721707478,0.4858339205026526,0.2571863366620305,0.352645957950469,0.319491519931618,0.351594636896439,0.27786298494301687
TARGET-20-PARYXV-09A,0.1635571112414616,0.2443643185607295,0.4611030737501504,0.1156791974664339,0.20300997231963372,0.3662158137717091,0.163007138926676,0.1837075376337178,0.10661268497252828,0.0761171011291188,0.1326525415800209,0.862703758841231,0.4127226795695016,0.0316619785156546,0.1415778768257495,0.1168789246970901,0.17890597195520216,0.1201352237262957,0.0375105089544831,0.2258704516478796,0.1109716581165002,0.0464339876266635,0.0776415131481566,0.3841316252835645,0.1005762050337934,0.0773293241362289,0.187045064341058,0.264689605801254,0.479023767236475,0.4461296767941438,0.2413443203171786,0.2103494914401597,0.1223336551542944,0.0622325713394309,0.0362422271054188,0.5359796341143375,0.1404281530535301,0.0249648880979845,0.6304608822576334,0.1222977488510695,0.2119765180692838,0.0116505223872965,0.19569336104939264,0.0162922561128406,0.2250800213736802,0.855792931272809,0.155900057903868,0.0279637492335061,0.6315689949420755,0.3433499060953313,0.2199492529193374,0.0843689841375446,0.6803417568055173,0.0553074021497005,0.3433026415040506,0.3600485776485579,0.0548006988561303,0.1015024431733819,0.2490938109194284,0.1190297231326487,0.6091788195558272,0.24968714142633,0.4919859970395306,0.0775203273230201,0.0214891499877458,0.1856280287456383,0.09646836155715068,0.2142353360464237,0.12625430651149466,0.4279164366443146,0.15606783407872363,0.0376072053548295,0.1123092197313768,0.3681030909516111,0.2002554609852312,0.10138126287033863,0.0427786761632017,0.0308535795228982,0.4119277059542918,0.0546626013846496,0.0254298854187795,0.2640319828446663,0.18146167219463155,0.4710731942548193,0.5248273481418066,0.09993829918202367,0.5016163115127352,0.1053680506941064,0.1507475632583263,0.1221390646936571,0.5753480375261757,0.3319488236949965,0.3979788077034623,0.0977112350955368,0.4014811209510204,0.0816626769621553,0.279422299245279,0.0737189058288922,0.0937127761692146,0.0193844066927655
TARGET-20-PANSJB-09A,0.3108144661999148,0.23358213539782613,0.2770668805168094,0.1483592957617309,0.324042644231672,0.0939605561330001,0.3191531996277046,0.1587919577107287,0.1366532053575867,0.37974643178329986,0.1157099200063963,0.4256212266366412,0.5628914296524017,0.1631016660473643,0.0937922284614333,0.0730675795695024,0.22724654033500963,0.0493595037662839,0.1514574069111801,0.7267812503528082,0.1488614892284349,0.1310680675133047,0.20964165478245222,0.5739290501806193,0.1726852317324454,0.11104280557569632,0.2013733598008738,0.4311812047444037,0.6553602006798711,0.1883243547278428,0.282047199938852,0.1097745804742627,0.0649188670379504,0.175662338703801,0.17201369945776412,0.1770036957641998,0.20882545588940443,0.0370935293905188,0.7986689441304242,0.0954577661969986,0.2078957008566865,0.0470416946909938,0.18935848645362302,0.045987748054523,0.3735645497547045,0.8956910203079287,0.2461525227493668,0.078932582786788,0.79777778644273,0.3370770216403849,0.21401195268865278,0.1461367211545176,0.6520195173924177,0.0808768396576258,0.2862015014672269,0.3925411847343117,0.0814244119846447,0.0538643564936316,0.3272601882116531,0.1695538518017398,0.4335006507838703,0.2402923322010848,0.6863578605644043,0.162156049704703,0.0867674426337106,0.0414296454113277,0.1988476985940322,0.2973679577863862,0.1812241429223634,0.1429792939732968,0.12665231794751075,0.3012147497928514,0.21329437066959414,0.2602503650134063,0.222752653778467,0.12334338152735694,0.0333902864588035,0.4325088012632008,0.2563796534563012,0.0812192228967938,0.14431623235686689,0.2354256841035622,0.1856273787865052,0.4830123263968268,0.7053432628705987,0.2316100210608696,0.0948150202679542,0.1861013600686237,0.1983413813146564,0.22369225629915515,0.518325368316779,0.5018877888705305,0.5485133878265702,0.0752130213410542,0.6464837913580216,0.1566942669632016,0.4582608143838299,0.26238435079903916,0.1724152185643612,0.10875074982491803
TARGET-20-PAPAPD-09A,0.3407487617292257,0.32678415323882776,0.4776407924733779,0.15629125449259565,0.2700509912961503,0.2235282960059537,0.562234486690355,0.2064064169292944,0.1709291285938719,0.4129937333254935,0.1736338938583524,0.6177642669516599,0.1519466057836396,0.1717905505816673,0.2229922572676318,0.3353956482710531,0.3515508859419422,0.4071078972776348,0.2710225586391972,0.3348167324744185,0.17465520536284568,0.2999958620526092,0.5575733618337937,0.4953709222678563,0.0844904104724227,0.1632162468836663,0.4429780846475144,0.2147160492138535,0.9548275050824282,0.2916862028648119,0.58802068437191,0.3387193326880637,0.20600636146797674,0.25438316619293316,0.21374831281476397,0.5905055752978657,0.21141135960455754,0.6245684850227352,0.4994284317498849,0.26060315146450885,0.1169569301118253,0.1674550027348169,0.3703882212777438,0.07639193647215746,0.1723950611967608,0.8823788044058063,0.1472012586899029,0.2522737589131552,0.4999177526638327,0.5103129488393756,0.5608764868994423,0.167647149790788,0.5114433316530271,0.09749285505857508,0.4973042035423811,0.276626219923754,0.5081341411613904,0.18447820170783605,0.3761862670549707,0.23035698667071605,0.1932232964439365,0.5787891499118938,0.58964847535111,0.2178997928869018,0.1395610329331505,0.2457322103487062,0.1344594144041957,0.4359844182132678,0.16079355715910992,0.3330816452198291,0.2780898119539405,0.2792369584393661,0.2710891973706181,0.2933490193126205,0.1588804172335057,0.30506420786734567,0.1659861663423098,0.0867254927839119,0.3908568457064984,0.30309709710573174,0.1379766591390008,0.2711134479953153,0.2561116307701276,0.2883804263165921,0.7570503947639908,0.27719818499607124,0.1880425149346465,0.2961762058546462,0.1354210206767189,0.2097963791908113,0.5075038987648746,0.2541082028592546,0.552118995403998,0.2746538698336777,0.5622065077137707,0.2117868781267665,0.460830073663711,0.27366091174892815,0.31878974537336996,0.0931161024980187
TARGET-20-PAEIKD-04A,0.5074265452494137,0.1916506770109504,0.3238894329417189,0.0393885671355737,0.16895382641940418,0.3930211677262463,0.3547097160719377,0.2155031359363373,0.13214329321202153,0.2158852231143999,0.0531108072589603,0.2835068348627259,0.7859973416469757,0.1284298564671107,0.1469471492959899,0.0513248675971431,0.19806264845766927,0.0496081357983986,0.08223032902317844,0.1518955081119533,0.0377856581096702,0.13301834345001207,0.1434775725513419,0.6419433890822914,0.3834254292740211,0.1624995488829721,0.2243102163840737,0.522825110551205,0.7979578659471016,0.3832928120229615,0.345045133520343,0.2234349020917136,0.1239204764799068,0.15119766257348197,0.14153480475537286,0.5722183637910556,0.28695135281929,0.3104632032378881,0.6286172313126452,0.0959159933916364,0.5197894848307518,0.0834505998824057,0.1979114784530386,0.14477799364082164,0.2275871107400663,0.7554616120119225,0.4267224375737042,0.1446868236887531,0.627988173326059,0.4548852769283253,0.340955082897661,0.7204345534707566,0.7115385960450495,1.0,0.3557227845385431,0.405725922157138,0.22047828637015995,0.2249608950820673,0.3509817779628856,0.2927179774470381,0.7013491395198288,0.424917147909006,0.7240524533207267,0.059971685115306,0.0609480638493282,0.6704221044573775,0.0370067247637186,0.4688960374975244,0.2608253326084604,0.5229456256144135,0.1453665667420722,0.5271647837064479,0.0868852518283387,0.7324054612926945,0.0255875526369835,0.09958162179490142,0.2548883233604134,0.1547420096540494,0.6704151207040829,0.3392066715378449,0.1578041763836606,0.3104041698540206,0.1210665712362637,0.7778925111137388,0.7711371464653278,0.20148088440124,0.0793930266259937,0.081515387971847,0.1522530703239283,0.0944898684130147,0.5647738101956508,0.1111614884055124,0.6299693492216423,0.205330019383732,0.2639250980826624,0.264292108354389,0.666606588017918,0.7164602352656747,0.4162322819003399,0.0789873131936821
TARGET-20-PARLVL-04A,0.4543763317506931,0.3132965193048064,0.5061921355019066,0.1956846197036426,0.29893453902754547,0.3842302033212165,0.439501763945334,0.18346952559381577,0.3349432649217539,0.3561063470462451,0.1853238066969307,0.3849132578497144,0.41476813802349577,0.22948555535500806,0.2355238302494326,0.34793661028159995,0.8904093738776269,0.36058845520112154,0.28754404105000014,0.0752529997013298,0.14211794263441044,0.28219470919132417,0.31551777982971535,0.2948166563043498,0.0910248490430534,0.16331750990926594,0.26328628193204834,0.3537283122028978,0.174987190231056,0.237253132668526,0.1709443659822637,0.281765813101727,0.24971474070095065,0.3637738820399303,0.7323147812455689,0.4693301109012606,0.21365122881610646,0.5258911873216462,0.254020054486497,0.3346873816431548,0.27456404825600617,0.13353280044875315,0.2665979719249057,0.1660182767946045,0.1857279936676954,0.2722918361687632,0.2863878771765784,0.1634591243157958,0.2527085743656609,0.2337609372634352,0.4942739339707094,0.3415864246544912,0.2557537125113465,0.18705509618458932,0.6278745916685472,0.5077899456861886,0.27187919210146866,0.11002541431863126,0.6897692415347438,0.23609809349415192,0.2108562445221881,0.6866740447944512,0.415856494172238,0.3974519044231998,0.2793649663089773,0.4871595974937971,0.589628932168912,0.542032744438321,0.20032575442340161,0.3990807749126666,0.21704543588754507,0.0521563111670684,0.27134447953141433,0.2715944819383861,0.3021355594721935,0.31990050673491377,0.2491870676471845,0.2480172700785491,0.2334694936898153,0.24189900370633485,0.18452704493165675,0.2830565937016544,0.18310030606893654,0.37118729223169805,0.4817726609451405,0.4220971933945519,0.2380921863677501,0.16370419046091242,0.4842156306263183,0.18111113219232622,0.4612141672886824,0.4043875778128967,0.2281567094028021,0.3143314048264184,0.5239569426513792,0.4774734819584049,0.5510462504760073,0.18017844247219142,0.3312411136991419,0.13840711207586862
TARGET-20-PANUUA-09A,0.4231925071719323,0.3200587802036957,0.3486399117436386,0.2065196697105353,0.3564702432535753,0.1671753959321219,0.3556160582164207,0.2815270964475561,0.16056369139367713,0.2845188949908654,0.2169261790692415,0.5803443173804126,0.5575090644740404,0.2459717620573035,0.0674213062346389,0.09584928618008072,0.19700715243432587,0.0798891860299431,0.0902066806315469,0.287954402159653,0.1123918991142019,0.33335246886829994,0.14190038915993453,0.7408369127134944,0.0374482858926796,0.18235275648783458,0.1605586249191803,0.5632885446255413,0.2572309278306929,0.6842202324785939,0.3050042740857058,0.1776720025872251,0.4004511333827217,0.1496592246857547,0.0833975995934336,0.1376559373983407,0.2622736811060265,0.1108889571005561,0.863300158310087,0.2099646312735018,0.2726176839645284,0.16120796944849952,0.16128648286086977,0.438573256288596,0.3313816840964941,0.6727495654647839,0.4510161678176667,0.2916488722406751,0.8644309726636807,0.2483499940009244,0.2655409239333228,0.1661923219053971,0.7525060259706843,0.1272687951989598,0.3424051508703996,0.5493006383772978,0.18390175219358493,0.1610243731079974,0.2550301152857612,0.0791540349240252,0.6426735902194316,0.1436368028011992,0.7188865668632944,0.17690655340207292,0.1334181850226648,0.0797114773838178,0.1100749936422689,0.3135738332596562,0.4518281845892449,0.2056525580702903,0.18302378823858406,0.4965900667406269,0.25754550432477197,0.6813537300115169,0.2335706144210752,0.105072276864959,0.0284475569455211,0.0709976918247969,0.2020817760457584,0.1314546766501635,0.17900675371130817,0.3379596753651788,0.20454651388820158,0.6314088091974811,0.4576730082755157,0.0780810247336159,0.2091649374871749,0.21227900326290933,0.3715058801655874,0.20215816178112242,0.5242103178763391,0.6633868492333477,0.2670631694971591,0.1217335385347603,0.574220554784249,0.1723513447664895,0.5770133383540376,0.0918426960286343,0.3067625779845422,0.1163328188745989
TARGET-20-PASRTP-09A,0.3620320086591753,0.1367382573324333,0.2940362064713779,0.0533752455324359,0.1623996043667493,0.1226252845261938,0.2815505109450245,0.2487077027361258,0.12715210244796737,0.29766882375471865,0.2977842772835007,0.5083305378785957,0.6895018665222858,0.2943103022033578,0.0307155889323589,0.17059362272455042,0.20768354924390572,0.2764609657672736,0.15282208503342992,0.2796967425718121,0.0512031517233547,0.20221398417481623,0.0561139442441716,0.5756530932267296,0.1356979579959212,0.2136279791971061,0.1927564346673406,0.4347649515800122,0.391610993311859,0.6319077571654926,0.196605570915802,0.3939736463496151,0.15060148476060145,0.21103917364636895,0.10661033265445073,0.2887535294497277,0.081067087805393,0.20034989905498038,0.7228992022319596,0.2273553348329871,0.2963045728733272,0.0621268477758023,0.19724741592393402,0.16779180741767974,0.2901669238163584,0.8347757070481632,0.3673291447086269,0.1491177420306114,0.7227216515536021,0.0724426401539641,0.2304497350788966,0.1552889293261775,0.6550611843845954,0.14449280214066607,0.2315931203595807,0.7174396253107411,0.208276335657683,0.3694629880142667,0.2713573806953488,0.14719497491176867,0.4892374373055012,0.0468155681255158,0.751468482907129,0.14480601100001195,0.278114010596244,0.0818996175478126,0.129420793376297,0.1817270791692834,0.2340970304267949,0.2241651615311818,0.1937558861223953,0.5112815684331613,0.2677847934365002,0.3005536082969154,0.0647752564250997,0.165170866088321,0.0447188141247517,0.0852352961583169,0.3655610568413435,0.3674896336179375,0.1515352186908755,0.2214660856748982,0.20376536451889746,0.4206751892869476,0.4325854621924583,0.0657022312789104,0.1563820029016853,0.110461084626244,0.3568612611125679,0.23459226879915576,0.3205570630849434,0.5834424604694374,0.2786450845844125,0.1913619328685916,0.6537397182366437,0.0255855599191469,0.3908786162640226,0.2567519054789325,0.0677291475101899,0.0203213647212216
TARGET-20-PASZLJ-09A,0.1866423888572002,0.2755676674584367,0.2103698838618552,0.23806569229962612,0.1970430206392213,0.1153155578827285,0.2611638868458723,0.12967471856789284,0.19762172543629916,0.3618324330115371,0.1479942558925951,0.5113925890508473,0.2570150982499892,0.22803377471594344,0.0687335635400094,0.0819440707491866,0.18765409676585518,0.2736721379431717,0.1598946221833044,0.2213088693675895,0.2357416388567101,0.1140072396532666,0.14897911856444962,0.6868764136529537,0.0705141981955542,0.2532718283730093,0.1636836641724569,0.3946853742239855,0.4985722472932324,0.4301372722479495,0.2311232609188006,0.16434656811270076,0.4389453248187835,0.27417827538314976,0.1187018666699923,0.346467406347989,0.1915454253194406,0.1058643173392121,0.7222662930658772,0.1531372084611139,0.1703598983553606,0.0527564753154815,0.1141658578356397,0.0737754049885163,0.3736833243581746,0.6943212769117918,0.6980808155033891,0.3588687221348325,0.7182031446879025,1.0000000000000002,0.0975652422014919,0.1999878159927615,0.5966220738789197,0.10426888805653774,0.2593193724510749,0.524736218218406,0.15425103349203845,0.19612072991491306,0.1743055922489998,0.19406920882390605,0.4463646269789993,0.0568023610178301,0.5710382119959365,0.17772811468638758,0.1358569656176848,0.1206740186514907,0.3180315479768733,0.7403416927005055,0.12181188507216964,0.3022679821549701,0.13008501765337954,0.0095477560722077,0.2199579167815327,0.4432482840514392,0.2675422502206379,0.1072750800442654,0.2086060915309086,0.4229300202252991,0.2149442126164263,0.7557659346266589,0.1607707643611268,0.2351160474445659,0.1932920267152926,0.6610979766934174,0.5157215874781707,0.2477117605375641,0.4002282815586139,0.17568129995121043,0.2154188970196927,0.2600110687628004,0.3606688180659303,0.3788989682077304,0.2147851354613258,0.2241266520234943,0.4348744384835848,0.2010944066220839,0.6884722750054999,0.3018293803425336,0.0821772679974561,0.0634885171937332
TARGET-20-PANUTB-09A,0.406090225145358,0.3160781346939251,0.3726245788305896,0.3080688281611222,0.1402642485839623,0.7119881282710857,0.3987168120390005,0.1041251616593163,0.18490745149802393,0.2830408983664259,0.0616628584307915,0.6973585323518099,0.4724599223073373,0.0553376143136499,0.0499827232203264,0.0316278407382636,0.2379389533924409,0.109391525305775,0.2082492973282161,0.2019144643246095,0.0442240708012306,0.2413324749371355,0.16819827930903375,0.6208655459404657,0.17489807866873233,0.1686372911494488,0.0631767596431408,0.8602415008708815,0.2198878683908888,0.4209205475648581,0.6735993655065574,0.21218797841662776,0.0763633162208955,0.2049269954799419,0.246937147729549,0.3269134614663485,0.3258768122464301,0.1480929584621391,0.5803166682609042,0.7189198994749795,0.4234830792069866,0.07160099186416909,0.0830208733479721,0.1325288640646458,0.1046273017331703,0.7272797558432785,0.320341936364624,0.0488739883732245,0.5856254568101189,0.2702456296435529,0.5608177296452632,0.4237777200196364,0.6779070583117901,0.0500778459481954,0.6861710033272246,0.4845441163595176,0.2226574948839732,0.0633600226811367,0.2185141610971474,0.22644744010859943,0.6035313689774253,0.473723508434396,0.5527467153168812,0.21509211161758057,0.0375579275111344,0.3107911373834777,0.115919037507477,0.6471380083509727,0.3190235930872988,0.3176100603852244,0.20006130140871686,0.2963406324313942,0.3451438929746702,0.5089249197238059,0.3829883234323807,0.2043747179349299,0.0389529772443428,0.2683724156348355,0.5682530715013592,0.3242612714512002,0.19381125646737937,0.1912798631200434,0.1996679406875301,0.7801451606559284,0.332959326624291,0.295879264489309,0.1908239022590503,0.15754202957512423,0.2204528597708214,0.1105902831854262,0.5321203180501939,0.526455604228603,0.1367568356959742,0.5506296786678803,0.5648045625820904,0.0591424537076166,0.6210804099643465,0.2703389703585501,0.110213977710324,0.0595713299847297
TARGET-20-PADYIR-04A,0.726333046119587,0.3569345231311941,0.8607523660734446,0.2673220773498472,0.30462665625188434,0.5007214318673281,0.5965601959789899,0.3523431010657037,0.1875564766143129,0.35156993527548996,0.5140592462408247,0.4836419386315633,0.0853139516147687,0.3208879073640379,0.1538345155795564,0.5841810666143032,0.36903450184473685,0.6579802908670771,0.380161609818944,0.2037721855897519,0.16560446789686392,0.2414515659146474,0.4389199216467541,0.1903346144117496,0.2328533900253289,0.21815930941170927,0.1986352200744438,1.0,0.3502094858225612,0.1791916371945393,0.7415027804566826,0.36853388356623346,0.39495717234605393,0.6307148360017858,0.19028746327318,0.4937433402422989,0.22577720882625404,0.3951522690552272,0.1913223273747513,0.7733332440087863,0.35703100230065327,0.17332731350648578,0.18312232119400967,0.19981934395597387,0.5179148604904066,0.8190968244119361,0.2362773216679685,0.2834070830145969,0.1791543218850435,0.1104329727557407,0.5481338550513011,0.1791581403986744,0.2295794725333244,0.17372656121930066,0.8415851191240667,0.43658218684986794,0.36339018384917543,0.16451746386895025,0.6280399622584372,0.22997512531159775,0.6268492522951088,0.5865995149668382,0.479283196139455,0.407015451768375,0.2177882966849433,0.3444368256426625,0.2511570046633329,1.0,0.19354617492353793,0.6534320767885791,0.31509693640234,0.3645277781841198,0.5896722754567845,0.3779483310043073,0.3918270553554679,0.6915717656432449,0.74712090090083,0.1619947185704769,0.4796465203029208,0.33377008496878346,0.257726873022316,0.41922720763711907,0.19228668873250834,0.2725060528545312,0.7804741466736578,0.5139189303726687,0.6673238309458316,0.2796240207427666,0.5074035367334537,0.2692706585922349,0.3627906126183182,0.2777420949859224,0.25845042100573506,0.5130265037393089,0.5680176245582175,0.22321535346636887,0.3716249705835142,0.2308214145886326,0.5297733481185772,0.17333051482585396
TARGET-20-PARCVS-04A,0.2073782814117062,0.25440701579589015,0.3524214038591998,0.2547203429978913,0.2615517785301903,0.1352334605542867,0.3845090688366015,0.3648160162975906,0.19934601741385394,0.4498792429077624,0.1388357006006775,0.5018135461922557,0.540898144893371,0.0719817256762415,0.26112373832709357,0.0411406704822831,0.1503010137750506,0.519637347642306,0.13809332984184458,0.1431076449471665,0.0575255180799445,0.1957379928240877,0.07232913857008678,0.7770630815958786,0.14063308807689284,0.2970182553045029,0.1523751387299231,0.6854404690143632,0.4004389215501134,0.0395211728171703,0.2168203060398672,0.16857420392766184,0.35619270484381677,0.24702397747284335,0.4572007053853461,0.4567284230473952,0.19270684731059975,0.12718564023469206,0.6505628280045062,0.18975607892338275,0.2153959258981133,0.0491116525631331,0.22786843471613466,0.16076231469428126,0.133937672422532,0.1606336056416426,0.5962402541380829,0.0635740096030392,0.6497074351193843,0.2045541792616416,0.2090078708648171,0.154635245859335,0.6732088733256978,0.2124331005788832,0.4443516033354449,0.6855197752962771,0.1853731884162717,0.17359917971368938,0.138710803409878,0.1387479138712381,0.286432526385563,0.3241464657234719,0.5414321987675215,0.14786631762724306,0.13927181459082985,0.1888571958869333,0.1464683230588057,0.452023833771158,0.3564113860917793,0.459120631421512,0.19990166132637552,0.4331168510843053,0.24476208135289512,0.982007278937473,0.3801404669642584,0.1841796092227922,0.1036892469130756,0.5452850490099052,0.5804172011579334,0.2645273296058948,0.24022890031916508,0.2488118579969163,0.15762640734829605,0.7081388550424247,0.66214125387401,0.0738148876801216,0.5886386088794751,0.3226284480984324,0.3556360846652798,0.2316962347326019,0.5008077627014289,0.2738414285704695,0.1362567335672789,0.3753042056930072,0.3390426812181086,0.0532983439557041,0.4711143403712186,0.2519646974538293,0.0760920796572674,0.0228305679305787
TARGET-20-PARERV-09A,0.2063068789594027,0.45022201506686377,0.3983345151685142,0.1835132606347417,0.3240469672741308,1.0,0.5867716408173145,0.2864942939441043,0.20126986145832557,0.46285394095969684,0.3053062145147286,0.5799789922424482,0.7012402868331629,0.23658432404413718,0.2474753264100247,0.4239392185063343,1.0,0.5416212180397554,0.24753926645251254,0.4942019956387696,0.18181340620341596,0.31643117700353596,0.649631193767396,0.5807057398557571,0.16971852992206515,0.19153569052217984,0.5893433445435778,0.1020505632194104,0.4142225187192495,0.4501767240366825,1.0,0.3848938916150026,0.26286061705746544,0.3410033781679416,0.3061175959624757,0.9734012225623636,0.29821151345341995,0.35089395424312636,0.5224362971155694,0.3405112444068557,0.5049881330951029,0.1899497898336296,0.23371490767033562,0.15403226535867817,0.30487293195594056,0.9034399706659576,0.2584769770320849,0.4559201822277586,0.5362691412847038,0.6125459192024645,0.9299633843838876,0.7630741181351832,0.45647388918923,0.1879905412667874,0.6170384227869262,0.3069979420273768,0.2966380297526163,0.5910529107250942,0.3050315597367317,0.3391881696227724,0.3190344766855242,0.6488542861040844,0.4149219927647007,0.26703756802731077,0.175206382786217,0.7168105486573971,0.4040391161571183,0.1442942083955123,0.19385108576088542,0.7363471964597003,0.30041644167467463,0.2673500159440511,0.31380823476976144,0.5765839246952931,0.2503113182034203,0.2669015516693721,0.18854007076539375,0.19273021032139756,0.8160194254485473,0.33149449718465673,0.23985208382560194,0.31950681010866616,1.0,0.2806950250782494,0.6589899366547047,0.22362715624629012,0.2310432611908934,0.3092720027141912,0.3421450315749033,0.2502543738772541,0.6286508767986818,0.4468068518660814,0.36433457629891725,0.4348729219761577,0.5914012992352745,0.2061427116477514,0.7080038792862837,0.23572418018665878,0.48760076658783763,0.24261354877639427
TARGET-20-PASMYS-04A,0.6800784051403553,0.3892546044672689,0.5324916201152705,0.25229098951660456,0.294569074365422,0.3753170191942359,0.4837209895610668,0.2685276587704277,0.3077201943332458,0.2972309333978281,0.3425720526887524,0.2477047571975047,0.5817714775804057,0.7131908970961979,0.2287113236579326,0.2182957448924772,0.6522776003024696,0.2441829578896591,0.8449299376081533,0.3118720663615099,0.1859899311782749,0.2780777475359133,0.26501820396186665,0.3486586946499125,0.1798451753667304,0.21654769659843642,0.23688259167124698,0.5790485577555642,0.1299661848783934,0.1604142814947868,0.792151943894926,0.2702266733651202,0.8990325692136005,0.4574365314667693,0.37544569493602775,0.4113225577082792,0.38641501700354874,0.8845412386182021,0.2964072952667849,0.8192506280045018,0.4435450797108542,0.0856364189349211,0.22343266789655636,0.3443282196619499,0.4937247540237653,0.2556979702235827,0.5159741525267996,0.4005798894723107,0.2886021462005825,0.4704480255680086,0.5789401239660041,0.3665751378228995,0.4691108406683558,0.19017236914122557,0.494555069290617,0.4428589378571877,0.4028090285708646,0.22436710871903115,0.8400474616251683,0.30159464590568463,0.3668425199563184,0.7274666151363074,0.725868158218375,0.4220684413012777,0.1579546212376303,0.2311220588442351,0.1821558373274937,0.7352692840753772,0.15505430069949702,0.3444850239346914,0.15347616573508305,0.4067782929253372,0.22425617602124115,0.4538442241502848,0.9516846621948208,0.4493709983896221,0.1426978203306639,0.2924120454058104,0.3866510484947424,1.0,0.25217482419726667,0.28101697084621896,0.14760594693237963,0.4663465479866522,0.3373686430281358,0.5939767737697961,0.1127877346836104,0.17959289163284736,0.3956045459017826,0.2588953909333106,0.5433540903947933,0.5482004913346697,0.280470278219769,0.4038489816014075,0.7741626494983361,0.3253588823418708,0.7223593174029379,0.27713369411419175,0.2460188300955258,0.2066357867378696
TARGET-20-PASGZS-04A,0.3396407035425717,0.1187127261759193,0.5198009315933115,0.2413284110509723,0.1409912641887584,0.1296678900620576,0.2590918871388217,0.4288785575444078,0.1401919914852609,0.3577054167078994,0.1529548454444642,0.5723345149829929,0.5439799114315687,0.0556244394279921,0.543773317899468,0.1286454332479972,0.20021701817346693,0.2713459004638659,0.15934965530503323,0.1177874377093757,0.044453292359145,0.1536521268174746,0.1543495685152698,0.5506388765825598,0.0731795062421443,0.1325643684291689,0.1698706080557911,0.6576096294655409,0.7653808143912542,0.3852021305145054,0.4058803481938829,0.23291641470441288,0.1445789254563706,0.2059303418113704,0.2843476051842843,0.8094306091605323,0.1325643684291689,0.2926525598003527,0.5163246526467298,0.340323243163637,0.5943898309648502,0.0547505738341675,0.3818216676269872,0.11351888204403746,0.5676529026937718,0.8494934594215695,0.5609995981785454,0.0925332878594188,0.5150446480168329,0.1697756777802899,0.1471146342150777,0.1893317206375797,0.544034074539917,0.4162275959046352,0.5906593618908808,0.3627817764536061,0.2301566878960849,0.24952850347321429,0.2833388039784511,0.13046381677827487,0.8244997363766366,0.4558202555096656,0.3838826114865306,0.16062577080094798,0.10547736935437337,0.1833128547678597,0.0820035376787833,0.6078804541274485,0.1378259401325961,0.8825828599259193,0.0900433105790652,0.5364050196894092,0.1022169705239198,0.3529848068353157,0.1567714661798248,0.0767591214462972,0.2808691821309187,0.1462427960265324,0.8417276366492368,0.2568819400185195,0.23164852133935107,0.1922713021130545,0.0749913485534247,0.4194390391157061,0.7738287312183261,0.0570410296512546,0.3491927060320346,0.10527222718629659,0.2380622203877041,0.1111634931261368,0.5963193172412453,0.2238450110795474,0.5546018154579251,0.3598584572498843,0.6422973839550764,0.0594179744254053,0.4351558644631413,0.6432392107657201,0.3923538812306209,0.0713903849474683
TARGET-20-PASIZX-09A,0.3467136333132857,0.2892543151554204,0.0582394628425103,0.3459461822689486,0.31823524236856254,0.2392292326763811,0.1873317189538481,0.0295238626548163,0.0448874074979223,0.22931062127059895,0.1656627784486429,0.4277000082678723,0.2071869199200211,0.115215332845977,0.0384424128911275,0.1539445542294043,0.1297463023106072,0.0440600018671511,0.12919359149917567,0.2825836827098497,0.0920764492717028,0.2997621856029897,0.2143888101996125,0.6648222160253445,0.13492464818083996,0.1014603518805743,0.3450869284771315,0.5528088883196087,0.3408302776147947,1.0,0.2791865981712478,0.2752639426609042,0.1106558936246625,0.2264592030213275,0.12665514941138853,0.2221236257002608,0.1605466240934078,0.0908451722386743,0.690524899464076,0.2991803510996229,0.271241721525863,0.0154521053016065,0.16638663800942274,0.0412622950667735,0.1156207619658623,0.9288163659178,0.4864715782267084,0.0708218962465732,0.6908961525001636,0.2630972878364179,0.2973770714689276,0.2166083305042216,0.6108278389815645,0.0725663717663355,0.0422313858707857,0.6679950165046717,0.0726822490165651,0.12466383165599676,0.1910528993967841,0.1533970670034158,0.4284512848857945,0.1297726666785353,0.4103657197623342,0.11102159153800173,0.1901086825721625,0.3457987825942199,0.0328679224878115,0.1737059565420909,0.0742779379735801,0.1982285875542705,0.1298063710124724,0.4696091136243252,0.28048079661853303,0.1421416168195479,0.0798560520926308,0.0579488281820864,0.3632950099795263,0.17626159958814536,0.2205975060664295,0.072499090133189,0.13530737596524173,0.1451540408561164,0.232382563820508,0.5427297981950241,0.3557621662333855,0.1513176200588405,0.0860720338418179,0.072398772669806,0.4623105556923007,0.20769474871516172,0.3618021907695641,0.4479292245041436,0.0305764117715312,0.2359142876936476,0.1575010945947866,0.1371249702678834,0.4936791856303837,0.16870491831383103,0.2960996981977681,0.09054138388659573
TARGET-20-PANLKB-09A,0.3584452918684036,0.34755586080254985,0.3094758858078524,0.2737457611916137,0.38750859909680935,0.3677032004051194,0.5213479114209947,0.14439318724410732,0.1164434031095327,0.6424932348258772,0.0644280300248612,0.5331424212277511,0.8760823762884629,0.2824296414726989,0.0522241179587526,0.06226152983229,0.21410097845012913,0.2050862596091029,0.17663087441244946,0.4666100910810467,0.20785720962525742,0.2701055009356638,0.1711925063076385,0.8455092451431494,0.1879530481544696,0.14181564367474878,0.3051134016254715,0.5801438200610214,0.8233843955217345,0.3862854295077852,0.3529752039028693,0.294158639527629,0.29920659127976496,0.2141166166097375,0.21278603645832614,0.232297711037516,0.2631942251865664,0.2590940863605678,0.848797939142131,0.2340133452269755,0.8130461541181074,0.0983403427743243,0.0867438107293835,0.1470507364802249,0.5957679825595241,1.0,0.9518926854110252,0.4172231127562995,0.8481721151967814,0.8178948017426422,0.8287115173218307,0.5223266589129,0.696801091098426,0.1768876739767859,0.1685256880486239,0.677536691389844,0.1885466078996669,0.3762364073310464,0.3603944162249027,0.5314167919823455,0.9766745636459502,0.3994842943676965,0.7104130216689395,0.1381746020007709,0.2916284141394188,0.5687426275380597,0.17411534498062714,0.44175345246392,0.4375832070714426,0.2949932283163496,0.176342292840769,0.6453383629256702,0.6038419553625418,0.8281312785622106,0.459848807480549,0.2528499377957004,0.2278693570136753,0.0549943636475025,0.1846598175007764,0.9438871359968024,0.19982021783357592,0.3217099080823084,0.24468575725919792,0.8448540058474502,0.6828997780017095,0.1117100858466121,0.2808414359662076,0.30276453449346624,0.4673669127557293,0.37664743393649724,0.6433669695299913,0.7495904280069033,0.8233694825134676,0.2930298102952477,0.3618457097366954,0.1526081546856308,0.2446522752338223,0.7698942165108676,0.8420961661973414,0.219610153303059
TARGET-20-PAMVKZ-09A,0.2622361435462997,0.27479018743408673,0.3339843608735371,0.15627370492212833,0.4241157499704669,0.1652609154941118,0.5108263299940881,0.0445909697071804,0.0677950934596695,0.1524748592217071,0.2406603401684557,0.4589020491488408,0.6378947398875594,0.1185592634104453,0.1201634425549644,0.16301501156568365,0.21813376456191444,0.0665454324702308,0.15195022699315833,0.394016237721338,0.1337199260963747,0.2783142825648315,0.0555477455662704,0.7928452699475266,0.1037936469167595,0.14138630681088302,0.18523701453598124,0.7176918890004145,0.4990350742978747,0.4310844852894598,0.2649634352844056,0.2766500127764278,0.087522234886582,0.1246619013759913,0.6262844510054211,0.3399888847196242,0.2117112838825703,0.1319317785824009,0.8641856850469356,0.0677433007156313,0.5910055330973016,0.0233378798523741,0.0505035459150455,0.1085939928762004,0.3357053865113756,0.0965478295979018,0.6113978148544108,0.147779840139022,0.8635287288707563,0.5073812853995181,0.233238016266274,0.2728280208791243,0.8826977486484373,0.2215526016355466,0.5226452456864676,0.297526326935947,0.16600466675461967,0.1735637224391991,0.2404438410958552,0.2193875035158048,0.3691739227281284,0.3158477838990118,0.6474863125156487,0.2676826167570823,0.2383196683359677,0.0812283311884298,0.2129878110652462,0.0803101509162821,0.154991356929715,0.388152450647332,0.1026691242679219,0.3876729603120294,0.24069323475718293,0.6797006782930133,0.0641616516955675,0.087522234886582,0.0236960103580438,0.1065393708749159,0.379620065828752,0.2046858111870225,0.0952229969574341,0.2192314574269986,0.159838357708928,0.6578943236779565,0.5309964816864025,0.1715850922312559,0.4290331082978365,0.17549394659521286,0.2739250084847767,0.20718582321835122,0.708463752685836,0.6662737564855117,0.2962828806251973,0.2675126320176395,0.4883692053425138,0.2837086503595866,0.7496849954546552,0.3023380121635549,0.3032495553211869,0.0530703930762096
